Species,Replicate,Stage,Condition,Days_to_stage
G_pingreensis,1,2,1,5
G_pingreensis,1,2,1,5
G_pingreensis,1,2,1,5
G_pingreensis,1,2,1,5
G_pingreensis,1,2,1,5
G_pingreensis,1,2,1,5
G_pingreensis,1,2,1,5
G_pingreensis,1,2,1,5
G_pingreensis,1,2,1,5
G_pingreensis,1,2,1,5
G_pingreensis,1,2,1,5
G_pingreensis,1,2,1,5
G_pingreensis,1,2,1,5
G_pingreensis,1,2,1,5
G_pingreensis,1,2,1,5
G_pingreensis,1,2,1,5
G_pingreensis,1,2,1,5
G_pingreensis,1,2,1,5
G_pingreensis,1,2,1,5
G_pingreensis,1,2,1,5
G_pingreensis,1,2,1,5
G_pingreensis,1,2,1,5
G_pingreensis,1,2,1,5
G_pingreensis,1,2,1,5
G_pingreensis,1,2,1,5
G_pingreensis,1,2,1,5
G_pingreensis,1,2,1,5
G_pingreensis,1,2,1,5
G_pingreensis,1,2,1,5
G_pingreensis,1,2,1,5
G_pingreensis,1,2,1,5
G_pingreensis,1,2,1,5
G_pingreensis,1,2,1,5
G_pingreensis,1,2,1,5
G_pingreensis,1,2,1,5
G_pingreensis,1,2,1,6
G_pingreensis,1,2,1,6
G_pingreensis,1,2,1,6
G_pingreensis,1,2,1,6
G_pingreensis,1,2,1,6
G_pingreensis,1,2,1,6
G_pingreensis,1,2,1,6
G_pingreensis,1,2,1,6
G_pingreensis,1,2,1,6
G_pingreensis,1,2,1,6
G_pingreensis,1,2,1,6
G_pingreensis,1,2,1,6
G_pingreensis,1,2,1,6
G_pingreensis,1,2,1,6
G_pingreensis,1,2,1,6
G_pingreensis,1,2,1,6
G_pingreensis,1,2,1,6
G_pingreensis,1,2,1,6
G_pingreensis,1,2,1,6
G_pingreensis,1,2,1,6
G_pingreensis,1,2,1,6
G_pingreensis,1,2,1,6
G_pingreensis,1,2,1,6
G_pingreensis,1,2,1,7
G_pingreensis,1,2,1,7
G_pingreensis,1,2,1,7
G_pingreensis,1,2,1,7
G_pingreensis,1,2,1,7
G_pingreensis,1,2,2,5
G_pingreensis,1,2,2,6
G_pingreensis,1,2,2,6
G_pingreensis,1,2,2,6
G_pingreensis,1,2,2,6
G_pingreensis,1,2,2,6
G_pingreensis,1,2,2,6
G_pingreensis,1,2,2,6
G_pingreensis,1,2,2,6
G_pingreensis,1,2,2,6
G_pingreensis,1,2,2,6
G_pingreensis,1,2,2,6
G_pingreensis,1,2,2,6
G_pingreensis,1,2,2,6
G_pingreensis,1,2,2,6
G_pingreensis,1,2,2,6
G_pingreensis,1,2,2,6
G_pingreensis,1,2,2,6
G_pingreensis,1,2,2,6
G_pingreensis,1,2,2,6
G_pingreensis,1,2,2,6
G_pingreensis,1,2,2,6
G_pingreensis,1,2,2,6
G_pingreensis,1,2,2,6
G_pingreensis,1,2,2,6
G_pingreensis,1,2,2,6
G_pingreensis,1,2,2,6
G_pingreensis,1,2,2,6
G_pingreensis,1,2,2,6
G_pingreensis,1,2,2,6
G_pingreensis,1,2,2,6
G_pingreensis,1,2,2,6
G_pingreensis,1,2,2,6
G_pingreensis,1,2,2,6
G_pingreensis,1,2,2,6
G_pingreensis,1,2,2,6
G_pingreensis,1,2,2,6
G_pingreensis,1,2,2,6
G_pingreensis,1,2,2,6
G_pingreensis,1,2,2,6
G_pingreensis,1,2,2,6
G_pingreensis,1,2,2,6
G_pingreensis,1,2,2,6
G_pingreensis,1,2,2,6
G_pingreensis,1,2,2,6
G_pingreensis,1,2,2,6
G_pingreensis,1,2,2,6
G_pingreensis,1,2,2,6
G_pingreensis,1,2,2,6
G_pingreensis,1,2,2,6
G_pingreensis,1,2,2,6
G_pingreensis,1,2,2,6
G_pingreensis,1,2,2,6
G_pingreensis,1,2,2,6
G_pingreensis,1,2,2,6
G_pingreensis,1,2,2,6
G_pingreensis,1,2,2,6
G_pingreensis,1,2,2,6
G_pingreensis,1,2,2,6
G_pingreensis,1,2,2,6
G_pingreensis,1,2,2,6
G_pingreensis,1,2,2,7
G_pingreensis,1,2,2,7
G_pingreensis,1,2,3,5
G_pingreensis,1,2,3,5
G_pingreensis,1,2,3,5
G_pingreensis,1,2,3,5
G_pingreensis,1,2,3,5
G_pingreensis,1,2,3,5
G_pingreensis,1,2,3,5
G_pingreensis,1,2,3,5
G_pingreensis,1,2,3,5
G_pingreensis,1,2,3,5
G_pingreensis,1,2,3,5
G_pingreensis,1,2,3,5
G_pingreensis,1,2,3,5
G_pingreensis,1,2,3,5
G_pingreensis,1,2,3,5
G_pingreensis,1,2,3,5
G_pingreensis,1,2,3,5
G_pingreensis,1,2,3,5
G_pingreensis,1,2,3,5
G_pingreensis,1,2,3,5
G_pingreensis,1,2,3,6
G_pingreensis,1,2,3,6
G_pingreensis,1,2,3,6
G_pingreensis,1,2,3,6
G_pingreensis,1,2,3,6
G_pingreensis,1,2,3,6
G_pingreensis,1,2,3,6
G_pingreensis,1,2,3,6
G_pingreensis,1,2,3,6
G_pingreensis,1,2,3,6
G_pingreensis,1,2,3,6
G_pingreensis,1,2,3,6
G_pingreensis,1,2,3,6
G_pingreensis,1,2,3,6
G_pingreensis,1,2,3,6
G_pingreensis,1,2,3,6
G_pingreensis,1,2,3,6
G_pingreensis,1,2,3,6
G_pingreensis,1,2,3,6
G_pingreensis,1,2,3,6
G_pingreensis,1,2,3,6
G_pingreensis,1,2,3,6
G_pingreensis,1,2,3,6
G_pingreensis,1,2,3,6
G_pingreensis,1,2,3,6
G_pingreensis,1,2,3,6
G_pingreensis,1,2,3,6
G_pingreensis,1,2,3,6
G_pingreensis,1,2,3,6
G_pingreensis,1,2,3,6
G_pingreensis,1,2,3,6
G_pingreensis,1,2,3,6
G_pingreensis,1,2,3,6
G_pingreensis,1,2,3,6
G_pingreensis,1,2,3,6
G_pingreensis,1,2,3,6
G_pingreensis,1,2,3,6
G_pingreensis,1,2,3,6
G_pingreensis,1,2,3,6
G_pingreensis,1,2,3,6
G_pingreensis,1,2,3,6
G_pingreensis,1,2,3,6
G_pingreensis,1,2,3,6
G_pingreensis,1,2,3,6
G_pingreensis,1,2,3,6
G_pingreensis,1,2,4,5
G_pingreensis,1,2,4,5
G_pingreensis,1,2,4,5
G_pingreensis,1,2,4,5
G_pingreensis,1,2,4,5
G_pingreensis,1,2,4,5
G_pingreensis,1,2,4,6
G_pingreensis,1,2,4,6
G_pingreensis,1,2,4,6
G_pingreensis,1,2,4,6
G_pingreensis,1,2,4,6
G_pingreensis,1,2,4,6
G_pingreensis,1,2,4,6
G_pingreensis,1,2,4,6
G_pingreensis,1,2,4,6
G_pingreensis,1,2,4,6
G_pingreensis,1,2,4,6
G_pingreensis,1,2,4,6
G_pingreensis,1,2,4,6
G_pingreensis,1,2,4,6
G_pingreensis,1,2,4,6
G_pingreensis,1,2,4,6
G_pingreensis,1,2,4,6
G_pingreensis,1,2,4,6
G_pingreensis,1,2,4,6
G_pingreensis,1,2,4,6
G_pingreensis,1,2,4,6
G_pingreensis,1,2,4,6
G_pingreensis,1,2,4,6
G_pingreensis,1,2,4,6
G_pingreensis,1,2,4,6
G_pingreensis,1,2,4,6
G_pingreensis,1,2,4,6
G_pingreensis,1,2,4,6
G_pingreensis,1,2,4,6
G_pingreensis,1,2,4,6
G_pingreensis,1,2,4,6
G_pingreensis,1,2,4,6
G_pingreensis,1,2,4,6
G_pingreensis,1,2,4,6
G_pingreensis,1,2,4,6
G_pingreensis,1,2,4,6
G_pingreensis,1,2,4,6
G_pingreensis,1,2,4,6
G_pingreensis,1,2,4,6
G_pingreensis,1,2,4,6
G_pingreensis,1,2,4,6
G_pingreensis,1,2,4,6
G_pingreensis,1,2,4,6
G_pingreensis,1,2,4,6
G_pingreensis,1,2,4,6
G_pingreensis,1,2,4,6
G_pingreensis,1,2,4,6
G_pingreensis,1,2,4,6
G_pingreensis,1,2,4,6
G_pingreensis,1,2,4,6
G_pingreensis,1,2,4,6
G_pingreensis,1,2,4,6
G_pingreensis,1,2,4,6
G_pingreensis,1,2,4,6
G_pingreensis,1,2,4,6
G_pingreensis,1,2,4,6
G_pingreensis,1,2,4,6
G_pingreensis,1,2,4,7
G_pingreensis,1,2,5,4
G_pingreensis,1,2,5,4
G_pingreensis,1,2,5,4
G_pingreensis,1,2,5,4
G_pingreensis,1,2,5,4
G_pingreensis,1,2,5,4
G_pingreensis,1,2,5,4
G_pingreensis,1,2,5,4
G_pingreensis,1,2,5,4
G_pingreensis,1,2,5,4
G_pingreensis,1,2,5,4
G_pingreensis,1,2,5,4
G_pingreensis,1,2,5,4
G_pingreensis,1,2,5,4
G_pingreensis,1,2,5,4
G_pingreensis,1,2,5,4
G_pingreensis,1,2,5,4
G_pingreensis,1,2,5,4
G_pingreensis,1,2,5,4
G_pingreensis,1,2,5,4
G_pingreensis,1,2,5,4
G_pingreensis,1,2,5,4
G_pingreensis,1,2,5,4
G_pingreensis,1,2,5,4
G_pingreensis,1,2,5,5
G_pingreensis,1,2,5,5
G_pingreensis,1,2,5,5
G_pingreensis,1,2,5,5
G_pingreensis,1,2,5,5
G_pingreensis,1,2,5,5
G_pingreensis,1,2,5,5
G_pingreensis,1,2,5,5
G_pingreensis,1,2,5,5
G_pingreensis,1,2,5,5
G_pingreensis,1,2,5,5
G_pingreensis,1,2,5,5
G_pingreensis,1,2,5,5
G_pingreensis,1,2,5,5
G_pingreensis,1,2,5,5
G_pingreensis,1,2,5,5
G_pingreensis,1,2,5,5
G_pingreensis,1,2,5,5
G_pingreensis,1,2,5,5
G_pingreensis,1,2,5,5
G_pingreensis,1,2,5,5
G_pingreensis,1,2,5,5
G_pingreensis,1,2,5,5
G_pingreensis,1,2,5,5
G_pingreensis,1,2,5,5
G_pingreensis,1,2,5,5
G_pingreensis,1,2,5,5
G_pingreensis,1,2,5,5
G_pingreensis,1,2,5,5
G_pingreensis,1,2,5,5
G_pingreensis,1,2,5,5
G_pingreensis,1,2,5,5
G_pingreensis,1,2,5,5
G_pingreensis,1,2,5,5
G_pingreensis,1,2,5,5
G_pingreensis,1,2,5,5
G_pingreensis,1,2,5,5
G_pingreensis,1,2,5,5
G_pingreensis,1,2,5,5
G_pingreensis,1,2,6,4
G_pingreensis,1,2,6,4
G_pingreensis,1,2,6,5
G_pingreensis,1,2,6,5
G_pingreensis,1,2,6,5
G_pingreensis,1,2,6,5
G_pingreensis,1,2,6,5
G_pingreensis,1,2,6,5
G_pingreensis,1,2,6,5
G_pingreensis,1,2,6,5
G_pingreensis,1,2,6,5
G_pingreensis,1,2,6,5
G_pingreensis,1,2,6,5
G_pingreensis,1,2,6,5
G_pingreensis,1,2,6,5
G_pingreensis,1,2,6,5
G_pingreensis,1,2,6,5
G_pingreensis,1,2,6,5
G_pingreensis,1,2,6,5
G_pingreensis,1,2,6,5
G_pingreensis,1,2,6,5
G_pingreensis,1,2,6,5
G_pingreensis,1,2,6,5
G_pingreensis,1,2,6,5
G_pingreensis,1,2,6,5
G_pingreensis,1,2,6,5
G_pingreensis,1,2,6,5
G_pingreensis,1,2,6,5
G_pingreensis,1,2,6,5
G_pingreensis,1,2,6,5
G_pingreensis,1,2,6,5
G_pingreensis,1,2,6,5
G_pingreensis,1,2,6,5
G_pingreensis,1,2,6,5
G_pingreensis,1,2,6,5
G_pingreensis,1,2,6,5
G_pingreensis,1,2,6,5
G_pingreensis,1,2,6,5
G_pingreensis,1,2,6,5
G_pingreensis,1,2,6,5
G_pingreensis,1,2,6,5
G_pingreensis,1,2,6,5
G_pingreensis,1,2,6,5
G_pingreensis,1,2,6,5
G_pingreensis,1,2,6,5
G_pingreensis,1,2,6,5
G_pingreensis,1,2,6,5
G_pingreensis,1,2,6,5
G_pingreensis,1,2,6,5
G_pingreensis,1,2,6,5
G_pingreensis,1,2,6,5
G_pingreensis,1,2,6,5
G_pingreensis,1,2,6,5
G_pingreensis,1,2,6,5
G_pingreensis,1,2,6,5
G_pingreensis,1,2,6,5
G_pingreensis,1,2,6,5
G_pingreensis,1,2,6,5
G_pingreensis,1,2,6,5
G_pingreensis,1,2,6,5
G_pingreensis,1,2,6,5
G_pingreensis,1,2,6,5
G_pingreensis,1,2,6,5
G_pingreensis,1,2,6,5
G_pingreensis,1,2,6,6
G_pingreensis,1,2,7,4
G_pingreensis,1,2,7,4
G_pingreensis,1,2,7,4
G_pingreensis,1,2,7,5
G_pingreensis,1,2,7,5
G_pingreensis,1,2,7,5
G_pingreensis,1,2,7,5
G_pingreensis,1,2,7,5
G_pingreensis,1,2,7,5
G_pingreensis,1,2,7,5
G_pingreensis,1,2,7,5
G_pingreensis,1,2,7,5
G_pingreensis,1,2,7,5
G_pingreensis,1,2,7,5
G_pingreensis,1,2,7,5
G_pingreensis,1,2,7,5
G_pingreensis,1,2,7,5
G_pingreensis,1,2,7,5
G_pingreensis,1,2,7,5
G_pingreensis,1,2,7,5
G_pingreensis,1,2,7,5
G_pingreensis,1,2,7,5
G_pingreensis,1,2,7,5
G_pingreensis,1,2,7,5
G_pingreensis,1,2,7,5
G_pingreensis,1,2,7,5
G_pingreensis,1,2,7,5
G_pingreensis,1,2,7,5
G_pingreensis,1,2,7,5
G_pingreensis,1,2,7,5
G_pingreensis,1,2,7,5
G_pingreensis,1,2,7,5
G_pingreensis,1,2,7,5
G_pingreensis,1,2,7,5
G_pingreensis,1,2,7,5
G_pingreensis,1,2,7,5
G_pingreensis,1,2,7,5
G_pingreensis,1,2,7,5
G_pingreensis,1,2,7,5
G_pingreensis,1,2,7,5
G_pingreensis,1,2,7,5
G_pingreensis,1,2,7,5
G_pingreensis,1,2,7,5
G_pingreensis,1,2,7,5
G_pingreensis,1,2,7,5
G_pingreensis,1,2,7,5
G_pingreensis,1,2,7,5
G_pingreensis,1,2,7,5
G_pingreensis,1,2,7,5
G_pingreensis,1,2,7,5
G_pingreensis,1,2,7,5
G_pingreensis,1,2,7,5
G_pingreensis,1,2,7,5
G_pingreensis,1,2,7,5
G_pingreensis,1,2,7,5
G_pingreensis,1,2,7,5
G_pingreensis,1,2,7,5
G_pingreensis,1,2,7,5
G_pingreensis,1,2,7,5
G_pingreensis,1,2,7,5
G_pingreensis,1,2,7,6
G_pingreensis,1,2,7,6
G_pingreensis,1,2,7,6
G_pingreensis,1,2,7,6
G_pingreensis,1,2,8,5
G_pingreensis,1,2,8,5
G_pingreensis,1,2,8,5
G_pingreensis,1,2,8,5
G_pingreensis,1,2,8,5
G_pingreensis,1,2,8,5
G_pingreensis,1,2,8,5
G_pingreensis,1,2,8,5
G_pingreensis,1,2,8,5
G_pingreensis,1,2,8,5
G_pingreensis,1,2,8,5
G_pingreensis,1,2,8,5
G_pingreensis,1,2,8,5
G_pingreensis,1,2,8,5
G_pingreensis,1,2,8,5
G_pingreensis,1,2,8,5
G_pingreensis,1,2,8,5
G_pingreensis,1,2,8,5
G_pingreensis,1,2,8,5
G_pingreensis,1,2,8,5
G_pingreensis,1,2,8,5
G_pingreensis,1,2,8,5
G_pingreensis,1,2,8,5
G_pingreensis,1,2,8,5
G_pingreensis,1,2,8,5
G_pingreensis,1,2,8,5
G_pingreensis,1,2,8,5
G_pingreensis,1,2,8,5
G_pingreensis,1,2,8,6
G_pingreensis,1,2,8,6
G_pingreensis,1,2,8,6
G_pingreensis,1,2,8,6
G_pingreensis,1,2,8,6
G_pingreensis,1,2,8,6
G_pingreensis,1,2,8,6
G_pingreensis,1,2,8,6
G_pingreensis,1,2,8,6
G_pingreensis,1,2,8,6
G_pingreensis,1,2,8,6
G_pingreensis,1,2,8,6
G_pingreensis,1,2,8,6
G_pingreensis,1,2,8,6
G_pingreensis,1,2,8,6
G_pingreensis,1,2,8,6
G_pingreensis,1,2,8,6
G_pingreensis,1,2,8,6
G_pingreensis,1,2,8,6
G_pingreensis,1,2,8,6
G_pingreensis,1,2,8,6
G_pingreensis,1,2,8,6
G_pingreensis,1,2,8,6
G_pingreensis,1,2,8,6
G_pingreensis,1,2,8,6
G_pingreensis,1,2,8,6
G_pingreensis,1,2,8,6
G_pingreensis,1,2,8,6
G_pingreensis,1,2,8,6
G_pingreensis,1,2,8,6
G_pingreensis,1,2,8,6
G_pingreensis,1,2,8,6
G_pingreensis,1,2,8,7
G_pingreensis,1,2,8,7
G_pingreensis,1,2,8,7
G_pingreensis,1,2,8,7
G_pingreensis,1,2,8,7
G_pingreensis,1,3,1,9
G_pingreensis,1,3,1,9
G_pingreensis,1,3,1,9
G_pingreensis,1,3,1,9
G_pingreensis,1,3,1,9
G_pingreensis,1,3,1,9
G_pingreensis,1,3,1,9
G_pingreensis,1,3,1,9
G_pingreensis,1,3,1,9
G_pingreensis,1,3,1,9
G_pingreensis,1,3,1,9
G_pingreensis,1,3,1,9
G_pingreensis,1,3,1,9
G_pingreensis,1,3,1,9
G_pingreensis,1,3,1,9
G_pingreensis,1,3,1,9
G_pingreensis,1,3,1,9
G_pingreensis,1,3,1,10
G_pingreensis,1,3,1,10
G_pingreensis,1,3,1,10
G_pingreensis,1,3,1,10
G_pingreensis,1,3,1,10
G_pingreensis,1,3,1,10
G_pingreensis,1,3,1,10
G_pingreensis,1,3,1,10
G_pingreensis,1,3,1,10
G_pingreensis,1,3,1,10
G_pingreensis,1,3,1,10
G_pingreensis,1,3,1,10
G_pingreensis,1,3,1,10
G_pingreensis,1,3,1,10
G_pingreensis,1,3,1,10
G_pingreensis,1,3,1,10
G_pingreensis,1,3,1,10
G_pingreensis,1,3,1,10
G_pingreensis,1,3,1,10
G_pingreensis,1,3,1,10
G_pingreensis,1,3,1,10
G_pingreensis,1,3,1,10
G_pingreensis,1,3,1,10
G_pingreensis,1,3,1,10
G_pingreensis,1,3,1,10
G_pingreensis,1,3,1,10
G_pingreensis,1,3,1,10
G_pingreensis,1,3,1,10
G_pingreensis,1,3,1,10
G_pingreensis,1,3,1,10
G_pingreensis,1,3,1,10
G_pingreensis,1,3,1,10
G_pingreensis,1,3,1,10
G_pingreensis,1,3,1,10
G_pingreensis,1,3,1,10
G_pingreensis,1,3,1,10
G_pingreensis,1,3,1,10
G_pingreensis,1,3,1,10
G_pingreensis,1,3,1,10
G_pingreensis,1,3,1,10
G_pingreensis,1,3,1,10
G_pingreensis,1,3,1,10
G_pingreensis,1,3,1,10
G_pingreensis,1,3,1,10
G_pingreensis,1,3,1,10
G_pingreensis,1,3,1,10
G_pingreensis,1,3,1,11
G_pingreensis,1,3,2,9
G_pingreensis,1,3,2,9
G_pingreensis,1,3,2,10
G_pingreensis,1,3,2,10
G_pingreensis,1,3,2,10
G_pingreensis,1,3,2,10
G_pingreensis,1,3,2,10
G_pingreensis,1,3,2,10
G_pingreensis,1,3,2,10
G_pingreensis,1,3,2,10
G_pingreensis,1,3,2,10
G_pingreensis,1,3,2,10
G_pingreensis,1,3,2,10
G_pingreensis,1,3,2,10
G_pingreensis,1,3,2,10
G_pingreensis,1,3,2,10
G_pingreensis,1,3,2,10
G_pingreensis,1,3,2,10
G_pingreensis,1,3,2,10
G_pingreensis,1,3,2,10
G_pingreensis,1,3,2,10
G_pingreensis,1,3,2,10
G_pingreensis,1,3,2,10
G_pingreensis,1,3,2,10
G_pingreensis,1,3,2,10
G_pingreensis,1,3,2,10
G_pingreensis,1,3,2,10
G_pingreensis,1,3,2,10
G_pingreensis,1,3,2,10
G_pingreensis,1,3,2,10
G_pingreensis,1,3,2,10
G_pingreensis,1,3,2,10
G_pingreensis,1,3,2,10
G_pingreensis,1,3,2,10
G_pingreensis,1,3,2,11
G_pingreensis,1,3,2,11
G_pingreensis,1,3,2,11
G_pingreensis,1,3,2,11
G_pingreensis,1,3,2,11
G_pingreensis,1,3,2,11
G_pingreensis,1,3,2,11
G_pingreensis,1,3,2,11
G_pingreensis,1,3,2,11
G_pingreensis,1,3,2,11
G_pingreensis,1,3,2,11
G_pingreensis,1,3,2,11
G_pingreensis,1,3,2,11
G_pingreensis,1,3,2,11
G_pingreensis,1,3,2,11
G_pingreensis,1,3,2,11
G_pingreensis,1,3,2,11
G_pingreensis,1,3,2,11
G_pingreensis,1,3,2,11
G_pingreensis,1,3,2,11
G_pingreensis,1,3,2,11
G_pingreensis,1,3,2,11
G_pingreensis,1,3,2,11
G_pingreensis,1,3,2,11
G_pingreensis,1,3,2,12
G_pingreensis,1,3,2,12
G_pingreensis,1,3,2,12
G_pingreensis,1,3,2,13
G_pingreensis,1,3,3,9
G_pingreensis,1,3,3,9
G_pingreensis,1,3,3,9
G_pingreensis,1,3,3,9
G_pingreensis,1,3,3,9
G_pingreensis,1,3,3,9
G_pingreensis,1,3,3,9
G_pingreensis,1,3,3,9
G_pingreensis,1,3,3,9
G_pingreensis,1,3,3,9
G_pingreensis,1,3,3,9
G_pingreensis,1,3,3,9
G_pingreensis,1,3,3,9
G_pingreensis,1,3,3,9
G_pingreensis,1,3,3,9
G_pingreensis,1,3,3,9
G_pingreensis,1,3,3,9
G_pingreensis,1,3,3,9
G_pingreensis,1,3,3,9
G_pingreensis,1,3,3,10
G_pingreensis,1,3,3,10
G_pingreensis,1,3,3,10
G_pingreensis,1,3,3,10
G_pingreensis,1,3,3,10
G_pingreensis,1,3,3,10
G_pingreensis,1,3,3,10
G_pingreensis,1,3,3,10
G_pingreensis,1,3,3,10
G_pingreensis,1,3,3,10
G_pingreensis,1,3,3,10
G_pingreensis,1,3,3,10
G_pingreensis,1,3,3,10
G_pingreensis,1,3,3,10
G_pingreensis,1,3,3,10
G_pingreensis,1,3,3,10
G_pingreensis,1,3,3,10
G_pingreensis,1,3,3,10
G_pingreensis,1,3,3,10
G_pingreensis,1,3,3,10
G_pingreensis,1,3,3,10
G_pingreensis,1,3,3,10
G_pingreensis,1,3,3,10
G_pingreensis,1,3,3,10
G_pingreensis,1,3,3,10
G_pingreensis,1,3,3,10
G_pingreensis,1,3,3,10
G_pingreensis,1,3,3,10
G_pingreensis,1,3,3,10
G_pingreensis,1,3,3,10
G_pingreensis,1,3,3,10
G_pingreensis,1,3,3,10
G_pingreensis,1,3,3,10
G_pingreensis,1,3,3,10
G_pingreensis,1,3,3,10
G_pingreensis,1,3,3,10
G_pingreensis,1,3,3,10
G_pingreensis,1,3,3,10
G_pingreensis,1,3,3,10
G_pingreensis,1,3,3,11
G_pingreensis,1,3,3,11
G_pingreensis,1,3,3,12
G_pingreensis,1,3,4,9
G_pingreensis,1,3,4,9
G_pingreensis,1,3,4,10
G_pingreensis,1,3,4,10
G_pingreensis,1,3,4,10
G_pingreensis,1,3,4,10
G_pingreensis,1,3,4,10
G_pingreensis,1,3,4,10
G_pingreensis,1,3,4,10
G_pingreensis,1,3,4,10
G_pingreensis,1,3,4,10
G_pingreensis,1,3,4,10
G_pingreensis,1,3,4,10
G_pingreensis,1,3,4,10
G_pingreensis,1,3,4,10
G_pingreensis,1,3,4,10
G_pingreensis,1,3,4,10
G_pingreensis,1,3,4,10
G_pingreensis,1,3,4,10
G_pingreensis,1,3,4,10
G_pingreensis,1,3,4,10
G_pingreensis,1,3,4,10
G_pingreensis,1,3,4,10
G_pingreensis,1,3,4,10
G_pingreensis,1,3,4,10
G_pingreensis,1,3,4,10
G_pingreensis,1,3,4,10
G_pingreensis,1,3,4,10
G_pingreensis,1,3,4,10
G_pingreensis,1,3,4,10
G_pingreensis,1,3,4,10
G_pingreensis,1,3,4,10
G_pingreensis,1,3,4,10
G_pingreensis,1,3,4,10
G_pingreensis,1,3,4,10
G_pingreensis,1,3,4,10
G_pingreensis,1,3,4,10
G_pingreensis,1,3,4,10
G_pingreensis,1,3,4,10
G_pingreensis,1,3,4,10
G_pingreensis,1,3,4,10
G_pingreensis,1,3,4,10
G_pingreensis,1,3,4,10
G_pingreensis,1,3,4,10
G_pingreensis,1,3,4,10
G_pingreensis,1,3,4,10
G_pingreensis,1,3,4,10
G_pingreensis,1,3,4,10
G_pingreensis,1,3,4,10
G_pingreensis,1,3,4,10
G_pingreensis,1,3,4,10
G_pingreensis,1,3,4,10
G_pingreensis,1,3,4,10
G_pingreensis,1,3,4,10
G_pingreensis,1,3,4,10
G_pingreensis,1,3,4,10
G_pingreensis,1,3,4,10
G_pingreensis,1,3,4,10
G_pingreensis,1,3,4,10
G_pingreensis,1,3,4,10
G_pingreensis,1,3,4,10
G_pingreensis,1,3,4,10
G_pingreensis,1,3,4,10
G_pingreensis,1,3,4,11
G_pingreensis,1,3,5,7
G_pingreensis,1,3,5,7
G_pingreensis,1,3,5,8
G_pingreensis,1,3,5,8
G_pingreensis,1,3,5,8
G_pingreensis,1,3,5,8
G_pingreensis,1,3,5,8
G_pingreensis,1,3,5,8
G_pingreensis,1,3,5,8
G_pingreensis,1,3,5,8
G_pingreensis,1,3,5,8
G_pingreensis,1,3,5,8
G_pingreensis,1,3,5,8
G_pingreensis,1,3,5,8
G_pingreensis,1,3,5,8
G_pingreensis,1,3,5,8
G_pingreensis,1,3,5,8
G_pingreensis,1,3,5,8
G_pingreensis,1,3,5,8
G_pingreensis,1,3,5,8
G_pingreensis,1,3,5,8
G_pingreensis,1,3,5,8
G_pingreensis,1,3,5,8
G_pingreensis,1,3,5,8
G_pingreensis,1,3,5,8
G_pingreensis,1,3,5,8
G_pingreensis,1,3,5,8
G_pingreensis,1,3,5,8
G_pingreensis,1,3,5,8
G_pingreensis,1,3,5,8
G_pingreensis,1,3,5,9
G_pingreensis,1,3,5,9
G_pingreensis,1,3,5,9
G_pingreensis,1,3,5,9
G_pingreensis,1,3,5,9
G_pingreensis,1,3,5,9
G_pingreensis,1,3,5,9
G_pingreensis,1,3,5,9
G_pingreensis,1,3,5,9
G_pingreensis,1,3,5,9
G_pingreensis,1,3,5,9
G_pingreensis,1,3,5,9
G_pingreensis,1,3,5,9
G_pingreensis,1,3,5,9
G_pingreensis,1,3,5,9
G_pingreensis,1,3,5,9
G_pingreensis,1,3,5,9
G_pingreensis,1,3,5,9
G_pingreensis,1,3,5,9
G_pingreensis,1,3,5,9
G_pingreensis,1,3,5,9
G_pingreensis,1,3,5,9
G_pingreensis,1,3,5,9
G_pingreensis,1,3,5,9
G_pingreensis,1,3,5,9
G_pingreensis,1,3,5,9
G_pingreensis,1,3,5,9
G_pingreensis,1,3,5,9
G_pingreensis,1,3,5,9
G_pingreensis,1,3,5,9
G_pingreensis,1,3,5,9
G_pingreensis,1,3,5,10
G_pingreensis,1,3,5,10
G_pingreensis,1,3,6,8
G_pingreensis,1,3,6,8
G_pingreensis,1,3,6,8
G_pingreensis,1,3,6,8
G_pingreensis,1,3,6,8
G_pingreensis,1,3,6,8
G_pingreensis,1,3,6,9
G_pingreensis,1,3,6,9
G_pingreensis,1,3,6,9
G_pingreensis,1,3,6,9
G_pingreensis,1,3,6,9
G_pingreensis,1,3,6,9
G_pingreensis,1,3,6,9
G_pingreensis,1,3,6,9
G_pingreensis,1,3,6,9
G_pingreensis,1,3,6,9
G_pingreensis,1,3,6,9
G_pingreensis,1,3,6,9
G_pingreensis,1,3,6,9
G_pingreensis,1,3,6,9
G_pingreensis,1,3,6,9
G_pingreensis,1,3,6,9
G_pingreensis,1,3,6,9
G_pingreensis,1,3,6,9
G_pingreensis,1,3,6,9
G_pingreensis,1,3,6,9
G_pingreensis,1,3,6,9
G_pingreensis,1,3,6,9
G_pingreensis,1,3,6,9
G_pingreensis,1,3,6,9
G_pingreensis,1,3,6,9
G_pingreensis,1,3,6,9
G_pingreensis,1,3,6,9
G_pingreensis,1,3,6,9
G_pingreensis,1,3,6,9
G_pingreensis,1,3,6,9
G_pingreensis,1,3,6,9
G_pingreensis,1,3,6,9
G_pingreensis,1,3,6,9
G_pingreensis,1,3,6,9
G_pingreensis,1,3,6,9
G_pingreensis,1,3,6,9
G_pingreensis,1,3,6,9
G_pingreensis,1,3,6,9
G_pingreensis,1,3,6,9
G_pingreensis,1,3,6,9
G_pingreensis,1,3,6,9
G_pingreensis,1,3,6,9
G_pingreensis,1,3,6,9
G_pingreensis,1,3,6,9
G_pingreensis,1,3,6,9
G_pingreensis,1,3,6,9
G_pingreensis,1,3,6,9
G_pingreensis,1,3,6,9
G_pingreensis,1,3,6,9
G_pingreensis,1,3,6,9
G_pingreensis,1,3,6,9
G_pingreensis,1,3,6,9
G_pingreensis,1,3,6,9
G_pingreensis,1,3,6,10
G_pingreensis,1,3,6,10
G_pingreensis,1,3,6,10
G_pingreensis,1,3,6,10
G_pingreensis,1,3,6,11
G_pingreensis,1,3,7,8
G_pingreensis,1,3,7,8
G_pingreensis,1,3,7,8
G_pingreensis,1,3,7,8
G_pingreensis,1,3,7,8
G_pingreensis,1,3,7,9
G_pingreensis,1,3,7,9
G_pingreensis,1,3,7,9
G_pingreensis,1,3,7,9
G_pingreensis,1,3,7,9
G_pingreensis,1,3,7,9
G_pingreensis,1,3,7,9
G_pingreensis,1,3,7,9
G_pingreensis,1,3,7,9
G_pingreensis,1,3,7,9
G_pingreensis,1,3,7,9
G_pingreensis,1,3,7,9
G_pingreensis,1,3,7,9
G_pingreensis,1,3,7,9
G_pingreensis,1,3,7,9
G_pingreensis,1,3,7,9
G_pingreensis,1,3,7,9
G_pingreensis,1,3,7,9
G_pingreensis,1,3,7,9
G_pingreensis,1,3,7,9
G_pingreensis,1,3,7,9
G_pingreensis,1,3,7,9
G_pingreensis,1,3,7,9
G_pingreensis,1,3,7,9
G_pingreensis,1,3,7,9
G_pingreensis,1,3,7,9
G_pingreensis,1,3,7,9
G_pingreensis,1,3,7,9
G_pingreensis,1,3,7,9
G_pingreensis,1,3,7,9
G_pingreensis,1,3,7,9
G_pingreensis,1,3,7,9
G_pingreensis,1,3,7,9
G_pingreensis,1,3,7,9
G_pingreensis,1,3,7,9
G_pingreensis,1,3,7,9
G_pingreensis,1,3,7,9
G_pingreensis,1,3,7,9
G_pingreensis,1,3,7,9
G_pingreensis,1,3,7,9
G_pingreensis,1,3,7,9
G_pingreensis,1,3,7,9
G_pingreensis,1,3,7,9
G_pingreensis,1,3,7,9
G_pingreensis,1,3,7,9
G_pingreensis,1,3,7,9
G_pingreensis,1,3,7,9
G_pingreensis,1,3,7,9
G_pingreensis,1,3,7,9
G_pingreensis,1,3,7,10
G_pingreensis,1,3,7,10
G_pingreensis,1,3,7,10
G_pingreensis,1,3,7,10
G_pingreensis,1,3,7,10
G_pingreensis,1,3,7,10
G_pingreensis,1,3,8,9
G_pingreensis,1,3,8,9
G_pingreensis,1,3,8,10
G_pingreensis,1,3,8,10
G_pingreensis,1,3,8,10
G_pingreensis,1,3,8,10
G_pingreensis,1,3,8,10
G_pingreensis,1,3,8,10
G_pingreensis,1,3,8,10
G_pingreensis,1,3,8,10
G_pingreensis,1,3,8,10
G_pingreensis,1,3,8,10
G_pingreensis,1,3,8,10
G_pingreensis,1,3,8,10
G_pingreensis,1,3,8,10
G_pingreensis,1,3,8,10
G_pingreensis,1,3,8,10
G_pingreensis,1,3,8,10
G_pingreensis,1,3,8,10
G_pingreensis,1,3,8,10
G_pingreensis,1,3,8,10
G_pingreensis,1,3,8,10
G_pingreensis,1,3,8,10
G_pingreensis,1,3,8,10
G_pingreensis,1,3,8,10
G_pingreensis,1,3,8,10
G_pingreensis,1,3,8,10
G_pingreensis,1,3,8,11
G_pingreensis,1,3,8,11
G_pingreensis,1,3,8,11
G_pingreensis,1,3,8,11
G_pingreensis,1,3,8,11
G_pingreensis,1,3,8,11
G_pingreensis,1,3,8,11
G_pingreensis,1,3,8,11
G_pingreensis,1,3,8,11
G_pingreensis,1,3,8,11
G_pingreensis,1,3,8,11
G_pingreensis,1,3,8,11
G_pingreensis,1,3,8,11
G_pingreensis,1,3,8,11
G_pingreensis,1,3,8,11
G_pingreensis,1,3,8,11
G_pingreensis,1,3,8,11
G_pingreensis,1,3,8,11
G_pingreensis,1,3,8,11
G_pingreensis,1,3,8,11
G_pingreensis,1,3,8,11
G_pingreensis,1,3,8,11
G_pingreensis,1,3,8,11
G_pingreensis,1,3,8,11
G_pingreensis,1,3,8,11
G_pingreensis,1,3,8,11
G_pingreensis,1,3,8,11
G_pingreensis,1,3,8,11
G_pingreensis,1,3,8,11
G_pingreensis,1,3,8,11
G_pingreensis,1,3,8,11
G_pingreensis,1,3,8,12
G_pingreensis,1,3,8,12
G_pingreensis,1,3,8,12
G_pingreensis,1,3,8,12
G_pingreensis,1,3,8,12
G_pingreensis,1,3,8,13
G_pingreensis,1,3,8,13
G_pingreensis,1,4,1,13
G_pingreensis,1,4,1,13
G_pingreensis,1,4,1,13
G_pingreensis,1,4,1,13
G_pingreensis,1,4,1,13
G_pingreensis,1,4,1,13
G_pingreensis,1,4,1,13
G_pingreensis,1,4,1,13
G_pingreensis,1,4,1,13
G_pingreensis,1,4,1,13
G_pingreensis,1,4,1,13
G_pingreensis,1,4,1,13
G_pingreensis,1,4,1,13
G_pingreensis,1,4,1,14
G_pingreensis,1,4,1,14
G_pingreensis,1,4,1,14
G_pingreensis,1,4,1,14
G_pingreensis,1,4,1,14
G_pingreensis,1,4,1,14
G_pingreensis,1,4,1,14
G_pingreensis,1,4,1,14
G_pingreensis,1,4,1,14
G_pingreensis,1,4,1,14
G_pingreensis,1,4,1,14
G_pingreensis,1,4,1,14
G_pingreensis,1,4,1,14
G_pingreensis,1,4,1,14
G_pingreensis,1,4,1,14
G_pingreensis,1,4,1,14
G_pingreensis,1,4,1,14
G_pingreensis,1,4,1,14
G_pingreensis,1,4,1,14
G_pingreensis,1,4,1,14
G_pingreensis,1,4,1,14
G_pingreensis,1,4,1,14
G_pingreensis,1,4,1,14
G_pingreensis,1,4,1,14
G_pingreensis,1,4,1,14
G_pingreensis,1,4,1,14
G_pingreensis,1,4,1,14
G_pingreensis,1,4,1,14
G_pingreensis,1,4,1,14
G_pingreensis,1,4,1,14
G_pingreensis,1,4,1,14
G_pingreensis,1,4,1,14
G_pingreensis,1,4,1,15
G_pingreensis,1,4,1,15
G_pingreensis,1,4,1,15
G_pingreensis,1,4,1,15
G_pingreensis,1,4,1,15
G_pingreensis,1,4,1,15
G_pingreensis,1,4,1,15
G_pingreensis,1,4,1,15
G_pingreensis,1,4,1,15
G_pingreensis,1,4,1,15
G_pingreensis,1,4,1,15
G_pingreensis,1,4,1,15
G_pingreensis,1,4,1,15
G_pingreensis,1,4,1,15
G_pingreensis,1,4,1,15
G_pingreensis,1,4,1,15
G_pingreensis,1,4,1,15
G_pingreensis,1,4,1,15
G_pingreensis,1,4,1,16
G_pingreensis,1,4,2,14
G_pingreensis,1,4,2,14
G_pingreensis,1,4,2,14
G_pingreensis,1,4,2,14
G_pingreensis,1,4,2,14
G_pingreensis,1,4,2,14
G_pingreensis,1,4,2,14
G_pingreensis,1,4,2,15
G_pingreensis,1,4,2,15
G_pingreensis,1,4,2,15
G_pingreensis,1,4,2,15
G_pingreensis,1,4,2,15
G_pingreensis,1,4,2,15
G_pingreensis,1,4,2,15
G_pingreensis,1,4,2,15
G_pingreensis,1,4,2,15
G_pingreensis,1,4,2,15
G_pingreensis,1,4,2,15
G_pingreensis,1,4,2,15
G_pingreensis,1,4,2,15
G_pingreensis,1,4,2,15
G_pingreensis,1,4,2,15
G_pingreensis,1,4,2,15
G_pingreensis,1,4,2,15
G_pingreensis,1,4,2,15
G_pingreensis,1,4,2,15
G_pingreensis,1,4,2,15
G_pingreensis,1,4,2,15
G_pingreensis,1,4,2,15
G_pingreensis,1,4,2,15
G_pingreensis,1,4,2,15
G_pingreensis,1,4,2,15
G_pingreensis,1,4,2,16
G_pingreensis,1,4,2,16
G_pingreensis,1,4,2,16
G_pingreensis,1,4,2,16
G_pingreensis,1,4,2,16
G_pingreensis,1,4,2,16
G_pingreensis,1,4,2,16
G_pingreensis,1,4,2,16
G_pingreensis,1,4,2,16
G_pingreensis,1,4,2,16
G_pingreensis,1,4,2,16
G_pingreensis,1,4,2,16
G_pingreensis,1,4,2,16
G_pingreensis,1,4,2,16
G_pingreensis,1,4,2,16
G_pingreensis,1,4,2,16
G_pingreensis,1,4,2,16
G_pingreensis,1,4,2,16
G_pingreensis,1,4,2,16
G_pingreensis,1,4,2,16
G_pingreensis,1,4,2,16
G_pingreensis,1,4,2,16
G_pingreensis,1,4,2,16
G_pingreensis,1,4,2,17
G_pingreensis,1,4,2,17
G_pingreensis,1,4,2,17
G_pingreensis,1,4,2,17
G_pingreensis,1,4,2,17
G_pingreensis,1,4,2,19
G_pingreensis,1,4,3,14
G_pingreensis,1,4,3,14
G_pingreensis,1,4,3,14
G_pingreensis,1,4,3,14
G_pingreensis,1,4,3,14
G_pingreensis,1,4,3,14
G_pingreensis,1,4,3,14
G_pingreensis,1,4,3,14
G_pingreensis,1,4,3,14
G_pingreensis,1,4,3,14
G_pingreensis,1,4,3,14
G_pingreensis,1,4,3,14
G_pingreensis,1,4,3,14
G_pingreensis,1,4,3,14
G_pingreensis,1,4,3,14
G_pingreensis,1,4,3,14
G_pingreensis,1,4,3,14
G_pingreensis,1,4,3,14
G_pingreensis,1,4,3,15
G_pingreensis,1,4,3,15
G_pingreensis,1,4,3,15
G_pingreensis,1,4,3,15
G_pingreensis,1,4,3,15
G_pingreensis,1,4,3,15
G_pingreensis,1,4,3,15
G_pingreensis,1,4,3,15
G_pingreensis,1,4,3,15
G_pingreensis,1,4,3,15
G_pingreensis,1,4,3,15
G_pingreensis,1,4,3,15
G_pingreensis,1,4,3,15
G_pingreensis,1,4,3,15
G_pingreensis,1,4,3,15
G_pingreensis,1,4,3,15
G_pingreensis,1,4,3,15
G_pingreensis,1,4,3,15
G_pingreensis,1,4,3,15
G_pingreensis,1,4,3,15
G_pingreensis,1,4,3,15
G_pingreensis,1,4,3,15
G_pingreensis,1,4,3,15
G_pingreensis,1,4,3,15
G_pingreensis,1,4,3,15
G_pingreensis,1,4,3,15
G_pingreensis,1,4,3,15
G_pingreensis,1,4,3,15
G_pingreensis,1,4,3,15
G_pingreensis,1,4,3,15
G_pingreensis,1,4,3,15
G_pingreensis,1,4,3,15
G_pingreensis,1,4,3,15
G_pingreensis,1,4,3,15
G_pingreensis,1,4,3,15
G_pingreensis,1,4,3,15
G_pingreensis,1,4,3,16
G_pingreensis,1,4,3,16
G_pingreensis,1,4,3,16
G_pingreensis,1,4,3,16
G_pingreensis,1,4,3,16
G_pingreensis,1,4,3,17
G_pingreensis,1,4,3,18
G_pingreensis,1,4,4,13
G_pingreensis,1,4,4,14
G_pingreensis,1,4,4,14
G_pingreensis,1,4,4,14
G_pingreensis,1,4,4,14
G_pingreensis,1,4,4,14
G_pingreensis,1,4,4,14
G_pingreensis,1,4,4,14
G_pingreensis,1,4,4,14
G_pingreensis,1,4,4,14
G_pingreensis,1,4,4,14
G_pingreensis,1,4,4,14
G_pingreensis,1,4,4,14
G_pingreensis,1,4,4,14
G_pingreensis,1,4,4,14
G_pingreensis,1,4,4,14
G_pingreensis,1,4,4,14
G_pingreensis,1,4,4,14
G_pingreensis,1,4,4,14
G_pingreensis,1,4,4,14
G_pingreensis,1,4,4,14
G_pingreensis,1,4,4,14
G_pingreensis,1,4,4,14
G_pingreensis,1,4,4,14
G_pingreensis,1,4,4,14
G_pingreensis,1,4,4,14
G_pingreensis,1,4,4,14
G_pingreensis,1,4,4,14
G_pingreensis,1,4,4,15
G_pingreensis,1,4,4,15
G_pingreensis,1,4,4,15
G_pingreensis,1,4,4,15
G_pingreensis,1,4,4,15
G_pingreensis,1,4,4,15
G_pingreensis,1,4,4,15
G_pingreensis,1,4,4,15
G_pingreensis,1,4,4,15
G_pingreensis,1,4,4,15
G_pingreensis,1,4,4,15
G_pingreensis,1,4,4,15
G_pingreensis,1,4,4,15
G_pingreensis,1,4,4,15
G_pingreensis,1,4,4,15
G_pingreensis,1,4,4,15
G_pingreensis,1,4,4,15
G_pingreensis,1,4,4,15
G_pingreensis,1,4,4,15
G_pingreensis,1,4,4,15
G_pingreensis,1,4,4,15
G_pingreensis,1,4,4,15
G_pingreensis,1,4,4,15
G_pingreensis,1,4,4,15
G_pingreensis,1,4,4,15
G_pingreensis,1,4,4,15
G_pingreensis,1,4,4,15
G_pingreensis,1,4,4,15
G_pingreensis,1,4,4,15
G_pingreensis,1,4,4,15
G_pingreensis,1,4,4,16
G_pingreensis,1,4,4,16
G_pingreensis,1,4,4,16
G_pingreensis,1,4,4,16
G_pingreensis,1,4,4,16
G_pingreensis,1,4,4,16
G_pingreensis,1,4,5,12
G_pingreensis,1,4,5,12
G_pingreensis,1,4,5,12
G_pingreensis,1,4,5,12
G_pingreensis,1,4,5,13
G_pingreensis,1,4,5,13
G_pingreensis,1,4,5,13
G_pingreensis,1,4,5,13
G_pingreensis,1,4,5,13
G_pingreensis,1,4,5,13
G_pingreensis,1,4,5,13
G_pingreensis,1,4,5,13
G_pingreensis,1,4,5,13
G_pingreensis,1,4,5,13
G_pingreensis,1,4,5,13
G_pingreensis,1,4,5,13
G_pingreensis,1,4,5,13
G_pingreensis,1,4,5,13
G_pingreensis,1,4,5,13
G_pingreensis,1,4,5,13
G_pingreensis,1,4,5,13
G_pingreensis,1,4,5,13
G_pingreensis,1,4,5,13
G_pingreensis,1,4,5,13
G_pingreensis,1,4,5,13
G_pingreensis,1,4,5,13
G_pingreensis,1,4,5,13
G_pingreensis,1,4,5,13
G_pingreensis,1,4,5,13
G_pingreensis,1,4,5,14
G_pingreensis,1,4,5,14
G_pingreensis,1,4,5,14
G_pingreensis,1,4,5,14
G_pingreensis,1,4,5,14
G_pingreensis,1,4,5,14
G_pingreensis,1,4,5,14
G_pingreensis,1,4,5,14
G_pingreensis,1,4,5,14
G_pingreensis,1,4,5,14
G_pingreensis,1,4,5,14
G_pingreensis,1,4,5,14
G_pingreensis,1,4,5,14
G_pingreensis,1,4,5,14
G_pingreensis,1,4,5,14
G_pingreensis,1,4,5,14
G_pingreensis,1,4,5,14
G_pingreensis,1,4,5,14
G_pingreensis,1,4,5,14
G_pingreensis,1,4,5,14
G_pingreensis,1,4,5,14
G_pingreensis,1,4,5,14
G_pingreensis,1,4,5,14
G_pingreensis,1,4,5,14
G_pingreensis,1,4,5,14
G_pingreensis,1,4,5,14
G_pingreensis,1,4,5,14
G_pingreensis,1,4,5,14
G_pingreensis,1,4,5,15
G_pingreensis,1,4,5,15
G_pingreensis,1,4,5,15
G_pingreensis,1,4,5,15
G_pingreensis,1,4,5,16
G_pingreensis,1,4,6,13
G_pingreensis,1,4,6,13
G_pingreensis,1,4,6,13
G_pingreensis,1,4,6,13
G_pingreensis,1,4,6,13
G_pingreensis,1,4,6,13
G_pingreensis,1,4,6,13
G_pingreensis,1,4,6,13
G_pingreensis,1,4,6,13
G_pingreensis,1,4,6,13
G_pingreensis,1,4,6,13
G_pingreensis,1,4,6,13
G_pingreensis,1,4,6,13
G_pingreensis,1,4,6,13
G_pingreensis,1,4,6,14
G_pingreensis,1,4,6,14
G_pingreensis,1,4,6,14
G_pingreensis,1,4,6,14
G_pingreensis,1,4,6,14
G_pingreensis,1,4,6,14
G_pingreensis,1,4,6,14
G_pingreensis,1,4,6,14
G_pingreensis,1,4,6,14
G_pingreensis,1,4,6,14
G_pingreensis,1,4,6,14
G_pingreensis,1,4,6,14
G_pingreensis,1,4,6,14
G_pingreensis,1,4,6,14
G_pingreensis,1,4,6,14
G_pingreensis,1,4,6,14
G_pingreensis,1,4,6,14
G_pingreensis,1,4,6,14
G_pingreensis,1,4,6,14
G_pingreensis,1,4,6,14
G_pingreensis,1,4,6,14
G_pingreensis,1,4,6,14
G_pingreensis,1,4,6,14
G_pingreensis,1,4,6,14
G_pingreensis,1,4,6,14
G_pingreensis,1,4,6,14
G_pingreensis,1,4,6,14
G_pingreensis,1,4,6,14
G_pingreensis,1,4,6,14
G_pingreensis,1,4,6,14
G_pingreensis,1,4,6,14
G_pingreensis,1,4,6,14
G_pingreensis,1,4,6,14
G_pingreensis,1,4,6,14
G_pingreensis,1,4,6,14
G_pingreensis,1,4,6,14
G_pingreensis,1,4,6,14
G_pingreensis,1,4,6,14
G_pingreensis,1,4,6,14
G_pingreensis,1,4,6,14
G_pingreensis,1,4,6,14
G_pingreensis,1,4,6,14
G_pingreensis,1,4,6,14
G_pingreensis,1,4,6,15
G_pingreensis,1,4,6,15
G_pingreensis,1,4,6,15
G_pingreensis,1,4,6,15
G_pingreensis,1,4,6,15
G_pingreensis,1,4,6,15
G_pingreensis,1,4,6,18
G_pingreensis,1,4,7,13
G_pingreensis,1,4,7,13
G_pingreensis,1,4,7,13
G_pingreensis,1,4,7,13
G_pingreensis,1,4,7,13
G_pingreensis,1,4,7,13
G_pingreensis,1,4,7,13
G_pingreensis,1,4,7,13
G_pingreensis,1,4,7,13
G_pingreensis,1,4,7,13
G_pingreensis,1,4,7,13
G_pingreensis,1,4,7,13
G_pingreensis,1,4,7,13
G_pingreensis,1,4,7,13
G_pingreensis,1,4,7,13
G_pingreensis,1,4,7,14
G_pingreensis,1,4,7,14
G_pingreensis,1,4,7,14
G_pingreensis,1,4,7,14
G_pingreensis,1,4,7,14
G_pingreensis,1,4,7,14
G_pingreensis,1,4,7,14
G_pingreensis,1,4,7,14
G_pingreensis,1,4,7,14
G_pingreensis,1,4,7,14
G_pingreensis,1,4,7,14
G_pingreensis,1,4,7,14
G_pingreensis,1,4,7,14
G_pingreensis,1,4,7,14
G_pingreensis,1,4,7,14
G_pingreensis,1,4,7,14
G_pingreensis,1,4,7,14
G_pingreensis,1,4,7,14
G_pingreensis,1,4,7,14
G_pingreensis,1,4,7,14
G_pingreensis,1,4,7,14
G_pingreensis,1,4,7,14
G_pingreensis,1,4,7,14
G_pingreensis,1,4,7,14
G_pingreensis,1,4,7,14
G_pingreensis,1,4,7,14
G_pingreensis,1,4,7,14
G_pingreensis,1,4,7,14
G_pingreensis,1,4,7,14
G_pingreensis,1,4,7,14
G_pingreensis,1,4,7,14
G_pingreensis,1,4,7,14
G_pingreensis,1,4,7,14
G_pingreensis,1,4,7,14
G_pingreensis,1,4,7,14
G_pingreensis,1,4,7,14
G_pingreensis,1,4,7,14
G_pingreensis,1,4,7,14
G_pingreensis,1,4,7,14
G_pingreensis,1,4,7,15
G_pingreensis,1,4,7,15
G_pingreensis,1,4,7,15
G_pingreensis,1,4,7,15
G_pingreensis,1,4,7,15
G_pingreensis,1,4,7,16
G_pingreensis,1,4,8,14
G_pingreensis,1,4,8,14
G_pingreensis,1,4,8,14
G_pingreensis,1,4,8,14
G_pingreensis,1,4,8,14
G_pingreensis,1,4,8,14
G_pingreensis,1,4,8,14
G_pingreensis,1,4,8,14
G_pingreensis,1,4,8,15
G_pingreensis,1,4,8,15
G_pingreensis,1,4,8,15
G_pingreensis,1,4,8,15
G_pingreensis,1,4,8,15
G_pingreensis,1,4,8,15
G_pingreensis,1,4,8,15
G_pingreensis,1,4,8,15
G_pingreensis,1,4,8,15
G_pingreensis,1,4,8,15
G_pingreensis,1,4,8,15
G_pingreensis,1,4,8,15
G_pingreensis,1,4,8,15
G_pingreensis,1,4,8,15
G_pingreensis,1,4,8,15
G_pingreensis,1,4,8,15
G_pingreensis,1,4,8,15
G_pingreensis,1,4,8,15
G_pingreensis,1,4,8,15
G_pingreensis,1,4,8,15
G_pingreensis,1,4,8,15
G_pingreensis,1,4,8,15
G_pingreensis,1,4,8,15
G_pingreensis,1,4,8,15
G_pingreensis,1,4,8,15
G_pingreensis,1,4,8,15
G_pingreensis,1,4,8,15
G_pingreensis,1,4,8,15
G_pingreensis,1,4,8,15
G_pingreensis,1,4,8,15
G_pingreensis,1,4,8,16
G_pingreensis,1,4,8,16
G_pingreensis,1,4,8,16
G_pingreensis,1,4,8,16
G_pingreensis,1,4,8,16
G_pingreensis,1,4,8,16
G_pingreensis,1,4,8,16
G_pingreensis,1,4,8,16
G_pingreensis,1,4,8,16
G_pingreensis,1,4,8,16
G_pingreensis,1,4,8,16
G_pingreensis,1,4,8,16
G_pingreensis,1,4,8,16
G_pingreensis,1,4,8,16
G_pingreensis,1,4,8,16
G_pingreensis,1,4,8,16
G_pingreensis,1,4,8,17
G_pingreensis,1,4,8,17
G_pingreensis,1,4,8,17
G_pingreensis,1,4,8,17
G_pingreensis,1,4,8,17
G_pingreensis,1,4,8,17
G_pingreensis,1,4,8,17
G_pingreensis,1,4,8,17
G_pingreensis,1,4,8,17
G_pingreensis,1,4,8,18
G_pingreensis,1,5,1,18
G_pingreensis,1,5,1,18
G_pingreensis,1,5,1,18
G_pingreensis,1,5,1,18
G_pingreensis,1,5,1,18
G_pingreensis,1,5,1,18
G_pingreensis,1,5,1,18
G_pingreensis,1,5,1,18
G_pingreensis,1,5,1,18
G_pingreensis,1,5,1,18
G_pingreensis,1,5,1,18
G_pingreensis,1,5,1,19
G_pingreensis,1,5,1,19
G_pingreensis,1,5,1,19
G_pingreensis,1,5,1,19
G_pingreensis,1,5,1,19
G_pingreensis,1,5,1,19
G_pingreensis,1,5,1,19
G_pingreensis,1,5,1,19
G_pingreensis,1,5,1,19
G_pingreensis,1,5,1,19
G_pingreensis,1,5,1,19
G_pingreensis,1,5,1,19
G_pingreensis,1,5,1,19
G_pingreensis,1,5,1,19
G_pingreensis,1,5,1,19
G_pingreensis,1,5,1,19
G_pingreensis,1,5,1,19
G_pingreensis,1,5,1,19
G_pingreensis,1,5,1,20
G_pingreensis,1,5,1,20
G_pingreensis,1,5,1,20
G_pingreensis,1,5,1,20
G_pingreensis,1,5,1,20
G_pingreensis,1,5,1,20
G_pingreensis,1,5,1,20
G_pingreensis,1,5,1,20
G_pingreensis,1,5,1,20
G_pingreensis,1,5,1,20
G_pingreensis,1,5,1,20
G_pingreensis,1,5,1,20
G_pingreensis,1,5,1,20
G_pingreensis,1,5,1,20
G_pingreensis,1,5,1,20
G_pingreensis,1,5,1,20
G_pingreensis,1,5,1,20
G_pingreensis,1,5,1,20
G_pingreensis,1,5,1,20
G_pingreensis,1,5,1,20
G_pingreensis,1,5,1,20
G_pingreensis,1,5,1,20
G_pingreensis,1,5,1,21
G_pingreensis,1,5,1,21
G_pingreensis,1,5,1,21
G_pingreensis,1,5,1,21
G_pingreensis,1,5,1,21
G_pingreensis,1,5,1,21
G_pingreensis,1,5,1,21
G_pingreensis,1,5,1,21
G_pingreensis,1,5,1,21
G_pingreensis,1,5,1,21
G_pingreensis,1,5,1,22
G_pingreensis,1,5,2,19
G_pingreensis,1,5,2,19
G_pingreensis,1,5,2,20
G_pingreensis,1,5,2,20
G_pingreensis,1,5,2,20
G_pingreensis,1,5,2,20
G_pingreensis,1,5,2,20
G_pingreensis,1,5,2,20
G_pingreensis,1,5,2,20
G_pingreensis,1,5,2,20
G_pingreensis,1,5,2,20
G_pingreensis,1,5,2,20
G_pingreensis,1,5,2,20
G_pingreensis,1,5,2,20
G_pingreensis,1,5,2,20
G_pingreensis,1,5,2,20
G_pingreensis,1,5,2,20
G_pingreensis,1,5,2,21
G_pingreensis,1,5,2,21
G_pingreensis,1,5,2,21
G_pingreensis,1,5,2,21
G_pingreensis,1,5,2,21
G_pingreensis,1,5,2,21
G_pingreensis,1,5,2,21
G_pingreensis,1,5,2,21
G_pingreensis,1,5,2,21
G_pingreensis,1,5,2,21
G_pingreensis,1,5,2,21
G_pingreensis,1,5,2,21
G_pingreensis,1,5,2,21
G_pingreensis,1,5,2,21
G_pingreensis,1,5,2,21
G_pingreensis,1,5,2,21
G_pingreensis,1,5,2,21
G_pingreensis,1,5,2,21
G_pingreensis,1,5,2,21
G_pingreensis,1,5,2,21
G_pingreensis,1,5,2,21
G_pingreensis,1,5,2,21
G_pingreensis,1,5,2,21
G_pingreensis,1,5,2,21
G_pingreensis,1,5,2,21
G_pingreensis,1,5,2,21
G_pingreensis,1,5,2,21
G_pingreensis,1,5,2,22
G_pingreensis,1,5,2,22
G_pingreensis,1,5,2,22
G_pingreensis,1,5,2,22
G_pingreensis,1,5,2,22
G_pingreensis,1,5,2,22
G_pingreensis,1,5,2,22
G_pingreensis,1,5,2,22
G_pingreensis,1,5,2,22
G_pingreensis,1,5,2,22
G_pingreensis,1,5,2,22
G_pingreensis,1,5,2,22
G_pingreensis,1,5,2,22
G_pingreensis,1,5,2,22
G_pingreensis,1,5,2,23
G_pingreensis,1,5,2,23
G_pingreensis,1,5,2,27
G_pingreensis,1,5,3,19
G_pingreensis,1,5,3,19
G_pingreensis,1,5,3,19
G_pingreensis,1,5,3,19
G_pingreensis,1,5,3,19
G_pingreensis,1,5,3,19
G_pingreensis,1,5,3,20
G_pingreensis,1,5,3,20
G_pingreensis,1,5,3,20
G_pingreensis,1,5,3,20
G_pingreensis,1,5,3,20
G_pingreensis,1,5,3,20
G_pingreensis,1,5,3,20
G_pingreensis,1,5,3,20
G_pingreensis,1,5,3,20
G_pingreensis,1,5,3,20
G_pingreensis,1,5,3,20
G_pingreensis,1,5,3,20
G_pingreensis,1,5,3,20
G_pingreensis,1,5,3,20
G_pingreensis,1,5,3,20
G_pingreensis,1,5,3,20
G_pingreensis,1,5,3,20
G_pingreensis,1,5,3,21
G_pingreensis,1,5,3,21
G_pingreensis,1,5,3,21
G_pingreensis,1,5,3,21
G_pingreensis,1,5,3,21
G_pingreensis,1,5,3,21
G_pingreensis,1,5,3,21
G_pingreensis,1,5,3,21
G_pingreensis,1,5,3,21
G_pingreensis,1,5,3,21
G_pingreensis,1,5,3,21
G_pingreensis,1,5,3,21
G_pingreensis,1,5,3,21
G_pingreensis,1,5,3,21
G_pingreensis,1,5,3,21
G_pingreensis,1,5,3,21
G_pingreensis,1,5,3,21
G_pingreensis,1,5,3,21
G_pingreensis,1,5,3,21
G_pingreensis,1,5,3,21
G_pingreensis,1,5,3,21
G_pingreensis,1,5,3,21
G_pingreensis,1,5,3,21
G_pingreensis,1,5,3,21
G_pingreensis,1,5,3,21
G_pingreensis,1,5,3,21
G_pingreensis,1,5,3,21
G_pingreensis,1,5,3,22
G_pingreensis,1,5,3,22
G_pingreensis,1,5,3,22
G_pingreensis,1,5,3,22
G_pingreensis,1,5,3,22
G_pingreensis,1,5,3,22
G_pingreensis,1,5,3,22
G_pingreensis,1,5,3,22
G_pingreensis,1,5,3,23
G_pingreensis,1,5,4,19
G_pingreensis,1,5,4,19
G_pingreensis,1,5,4,19
G_pingreensis,1,5,4,19
G_pingreensis,1,5,4,19
G_pingreensis,1,5,4,19
G_pingreensis,1,5,4,19
G_pingreensis,1,5,4,19
G_pingreensis,1,5,4,20
G_pingreensis,1,5,4,20
G_pingreensis,1,5,4,20
G_pingreensis,1,5,4,20
G_pingreensis,1,5,4,20
G_pingreensis,1,5,4,20
G_pingreensis,1,5,4,20
G_pingreensis,1,5,4,20
G_pingreensis,1,5,4,20
G_pingreensis,1,5,4,20
G_pingreensis,1,5,4,20
G_pingreensis,1,5,4,20
G_pingreensis,1,5,4,20
G_pingreensis,1,5,4,20
G_pingreensis,1,5,4,20
G_pingreensis,1,5,4,20
G_pingreensis,1,5,4,20
G_pingreensis,1,5,4,20
G_pingreensis,1,5,4,20
G_pingreensis,1,5,4,20
G_pingreensis,1,5,4,20
G_pingreensis,1,5,4,20
G_pingreensis,1,5,4,20
G_pingreensis,1,5,4,20
G_pingreensis,1,5,4,20
G_pingreensis,1,5,4,20
G_pingreensis,1,5,4,20
G_pingreensis,1,5,4,20
G_pingreensis,1,5,4,20
G_pingreensis,1,5,4,21
G_pingreensis,1,5,4,21
G_pingreensis,1,5,4,21
G_pingreensis,1,5,4,21
G_pingreensis,1,5,4,21
G_pingreensis,1,5,4,21
G_pingreensis,1,5,4,21
G_pingreensis,1,5,4,21
G_pingreensis,1,5,4,21
G_pingreensis,1,5,4,21
G_pingreensis,1,5,4,21
G_pingreensis,1,5,4,21
G_pingreensis,1,5,4,21
G_pingreensis,1,5,4,21
G_pingreensis,1,5,4,21
G_pingreensis,1,5,4,21
G_pingreensis,1,5,4,21
G_pingreensis,1,5,4,21
G_pingreensis,1,5,4,21
G_pingreensis,1,5,4,21
G_pingreensis,1,5,4,21
G_pingreensis,1,5,4,21
G_pingreensis,1,5,4,22
G_pingreensis,1,5,4,22
G_pingreensis,1,5,4,22
G_pingreensis,1,5,4,22
G_pingreensis,1,5,5,17
G_pingreensis,1,5,5,18
G_pingreensis,1,5,5,18
G_pingreensis,1,5,5,18
G_pingreensis,1,5,5,18
G_pingreensis,1,5,5,18
G_pingreensis,1,5,5,18
G_pingreensis,1,5,5,18
G_pingreensis,1,5,5,18
G_pingreensis,1,5,5,18
G_pingreensis,1,5,5,18
G_pingreensis,1,5,5,18
G_pingreensis,1,5,5,18
G_pingreensis,1,5,5,18
G_pingreensis,1,5,5,18
G_pingreensis,1,5,5,18
G_pingreensis,1,5,5,18
G_pingreensis,1,5,5,18
G_pingreensis,1,5,5,18
G_pingreensis,1,5,5,18
G_pingreensis,1,5,5,18
G_pingreensis,1,5,5,18
G_pingreensis,1,5,5,18
G_pingreensis,1,5,5,18
G_pingreensis,1,5,5,19
G_pingreensis,1,5,5,19
G_pingreensis,1,5,5,19
G_pingreensis,1,5,5,19
G_pingreensis,1,5,5,19
G_pingreensis,1,5,5,19
G_pingreensis,1,5,5,19
G_pingreensis,1,5,5,19
G_pingreensis,1,5,5,19
G_pingreensis,1,5,5,19
G_pingreensis,1,5,5,19
G_pingreensis,1,5,5,19
G_pingreensis,1,5,5,19
G_pingreensis,1,5,5,19
G_pingreensis,1,5,5,19
G_pingreensis,1,5,5,19
G_pingreensis,1,5,5,19
G_pingreensis,1,5,5,19
G_pingreensis,1,5,5,19
G_pingreensis,1,5,5,19
G_pingreensis,1,5,5,19
G_pingreensis,1,5,5,19
G_pingreensis,1,5,5,19
G_pingreensis,1,5,5,20
G_pingreensis,1,5,5,20
G_pingreensis,1,5,5,20
G_pingreensis,1,5,5,20
G_pingreensis,1,5,5,20
G_pingreensis,1,5,5,20
G_pingreensis,1,5,5,20
G_pingreensis,1,5,5,20
G_pingreensis,1,5,5,20
G_pingreensis,1,5,5,20
G_pingreensis,1,5,5,21
G_pingreensis,1,5,5,21
G_pingreensis,1,5,5,22
G_pingreensis,1,5,6,18
G_pingreensis,1,5,6,18
G_pingreensis,1,5,6,18
G_pingreensis,1,5,6,18
G_pingreensis,1,5,6,18
G_pingreensis,1,5,6,18
G_pingreensis,1,5,6,18
G_pingreensis,1,5,6,18
G_pingreensis,1,5,6,19
G_pingreensis,1,5,6,19
G_pingreensis,1,5,6,19
G_pingreensis,1,5,6,19
G_pingreensis,1,5,6,19
G_pingreensis,1,5,6,19
G_pingreensis,1,5,6,19
G_pingreensis,1,5,6,19
G_pingreensis,1,5,6,19
G_pingreensis,1,5,6,19
G_pingreensis,1,5,6,19
G_pingreensis,1,5,6,19
G_pingreensis,1,5,6,19
G_pingreensis,1,5,6,19
G_pingreensis,1,5,6,19
G_pingreensis,1,5,6,19
G_pingreensis,1,5,6,19
G_pingreensis,1,5,6,19
G_pingreensis,1,5,6,19
G_pingreensis,1,5,6,19
G_pingreensis,1,5,6,19
G_pingreensis,1,5,6,19
G_pingreensis,1,5,6,19
G_pingreensis,1,5,6,19
G_pingreensis,1,5,6,19
G_pingreensis,1,5,6,19
G_pingreensis,1,5,6,19
G_pingreensis,1,5,6,19
G_pingreensis,1,5,6,19
G_pingreensis,1,5,6,19
G_pingreensis,1,5,6,19
G_pingreensis,1,5,6,19
G_pingreensis,1,5,6,19
G_pingreensis,1,5,6,20
G_pingreensis,1,5,6,20
G_pingreensis,1,5,6,20
G_pingreensis,1,5,6,20
G_pingreensis,1,5,6,20
G_pingreensis,1,5,6,20
G_pingreensis,1,5,6,20
G_pingreensis,1,5,6,20
G_pingreensis,1,5,6,20
G_pingreensis,1,5,6,20
G_pingreensis,1,5,6,20
G_pingreensis,1,5,6,20
G_pingreensis,1,5,6,20
G_pingreensis,1,5,6,20
G_pingreensis,1,5,6,20
G_pingreensis,1,5,6,20
G_pingreensis,1,5,6,20
G_pingreensis,1,5,6,21
G_pingreensis,1,5,6,21
G_pingreensis,1,5,6,21
G_pingreensis,1,5,6,21
G_pingreensis,1,5,6,21
G_pingreensis,1,5,6,21
G_pingreensis,1,5,7,18
G_pingreensis,1,5,7,18
G_pingreensis,1,5,7,18
G_pingreensis,1,5,7,18
G_pingreensis,1,5,7,19
G_pingreensis,1,5,7,19
G_pingreensis,1,5,7,19
G_pingreensis,1,5,7,19
G_pingreensis,1,5,7,19
G_pingreensis,1,5,7,19
G_pingreensis,1,5,7,19
G_pingreensis,1,5,7,19
G_pingreensis,1,5,7,19
G_pingreensis,1,5,7,19
G_pingreensis,1,5,7,19
G_pingreensis,1,5,7,19
G_pingreensis,1,5,7,19
G_pingreensis,1,5,7,19
G_pingreensis,1,5,7,19
G_pingreensis,1,5,7,19
G_pingreensis,1,5,7,19
G_pingreensis,1,5,7,19
G_pingreensis,1,5,7,19
G_pingreensis,1,5,7,19
G_pingreensis,1,5,7,19
G_pingreensis,1,5,7,19
G_pingreensis,1,5,7,19
G_pingreensis,1,5,7,19
G_pingreensis,1,5,7,19
G_pingreensis,1,5,7,20
G_pingreensis,1,5,7,20
G_pingreensis,1,5,7,20
G_pingreensis,1,5,7,20
G_pingreensis,1,5,7,20
G_pingreensis,1,5,7,20
G_pingreensis,1,5,7,20
G_pingreensis,1,5,7,20
G_pingreensis,1,5,7,20
G_pingreensis,1,5,7,20
G_pingreensis,1,5,7,20
G_pingreensis,1,5,7,20
G_pingreensis,1,5,7,20
G_pingreensis,1,5,7,20
G_pingreensis,1,5,7,20
G_pingreensis,1,5,7,20
G_pingreensis,1,5,7,20
G_pingreensis,1,5,7,20
G_pingreensis,1,5,7,20
G_pingreensis,1,5,7,21
G_pingreensis,1,5,7,21
G_pingreensis,1,5,7,21
G_pingreensis,1,5,7,21
G_pingreensis,1,5,7,21
G_pingreensis,1,5,7,21
G_pingreensis,1,5,7,21
G_pingreensis,1,5,7,21
G_pingreensis,1,5,7,21
G_pingreensis,1,5,7,21
G_pingreensis,1,5,7,22
G_pingreensis,1,5,8,19
G_pingreensis,1,5,8,19
G_pingreensis,1,5,8,19
G_pingreensis,1,5,8,19
G_pingreensis,1,5,8,19
G_pingreensis,1,5,8,19
G_pingreensis,1,5,8,19
G_pingreensis,1,5,8,20
G_pingreensis,1,5,8,20
G_pingreensis,1,5,8,20
G_pingreensis,1,5,8,20
G_pingreensis,1,5,8,20
G_pingreensis,1,5,8,20
G_pingreensis,1,5,8,20
G_pingreensis,1,5,8,20
G_pingreensis,1,5,8,20
G_pingreensis,1,5,8,20
G_pingreensis,1,5,8,20
G_pingreensis,1,5,8,20
G_pingreensis,1,5,8,21
G_pingreensis,1,5,8,21
G_pingreensis,1,5,8,21
G_pingreensis,1,5,8,21
G_pingreensis,1,5,8,21
G_pingreensis,1,5,8,21
G_pingreensis,1,5,8,21
G_pingreensis,1,5,8,21
G_pingreensis,1,5,8,21
G_pingreensis,1,5,8,21
G_pingreensis,1,5,8,21
G_pingreensis,1,5,8,21
G_pingreensis,1,5,8,21
G_pingreensis,1,5,8,21
G_pingreensis,1,5,8,21
G_pingreensis,1,5,8,21
G_pingreensis,1,5,8,21
G_pingreensis,1,5,8,21
G_pingreensis,1,5,8,21
G_pingreensis,1,5,8,21
G_pingreensis,1,5,8,21
G_pingreensis,1,5,8,21
G_pingreensis,1,5,8,21
G_pingreensis,1,5,8,22
G_pingreensis,1,5,8,22
G_pingreensis,1,5,8,22
G_pingreensis,1,5,8,22
G_pingreensis,1,5,8,22
G_pingreensis,1,5,8,22
G_pingreensis,1,5,8,22
G_pingreensis,1,5,8,22
G_pingreensis,1,5,8,22
G_pingreensis,1,5,8,22
G_pingreensis,1,5,8,22
G_pingreensis,1,5,8,22
G_pingreensis,1,5,8,22
G_pingreensis,1,5,8,22
G_pingreensis,1,5,8,23
G_pingreensis,1,5,8,23
G_pingreensis,1,5,8,23
G_pingreensis,1,5,8,23
G_pingreensis,1,5,8,23
G_pingreensis,1,5,8,23
G_pingreensis,1,5,8,23
G_pingreensis,1,Adult,1,26
G_pingreensis,1,Adult,1,26
G_pingreensis,1,Adult,1,26
G_pingreensis,1,Adult,1,26
G_pingreensis,1,Adult,1,26
G_pingreensis,1,Adult,1,26
G_pingreensis,1,Adult,1,26
G_pingreensis,1,Adult,1,26
G_pingreensis,1,Adult,1,26
G_pingreensis,1,Adult,1,26
G_pingreensis,1,Adult,1,26
G_pingreensis,1,Adult,1,26
G_pingreensis,1,Adult,1,26
G_pingreensis,1,Adult,1,27
G_pingreensis,1,Adult,1,27
G_pingreensis,1,Adult,1,27
G_pingreensis,1,Adult,1,27
G_pingreensis,1,Adult,1,27
G_pingreensis,1,Adult,1,27
G_pingreensis,1,Adult,1,27
G_pingreensis,1,Adult,1,27
G_pingreensis,1,Adult,1,27
G_pingreensis,1,Adult,1,27
G_pingreensis,1,Adult,1,27
G_pingreensis,1,Adult,1,28
G_pingreensis,1,Adult,1,28
G_pingreensis,1,Adult,1,28
G_pingreensis,1,Adult,1,28
G_pingreensis,1,Adult,1,28
G_pingreensis,1,Adult,1,28
G_pingreensis,1,Adult,1,28
G_pingreensis,1,Adult,1,28
G_pingreensis,1,Adult,1,28
G_pingreensis,1,Adult,1,28
G_pingreensis,1,Adult,1,28
G_pingreensis,1,Adult,1,28
G_pingreensis,1,Adult,1,28
G_pingreensis,1,Adult,1,28
G_pingreensis,1,Adult,1,28
G_pingreensis,1,Adult,1,28
G_pingreensis,1,Adult,1,28
G_pingreensis,1,Adult,1,28
G_pingreensis,1,Adult,1,29
G_pingreensis,1,Adult,1,29
G_pingreensis,1,Adult,1,29
G_pingreensis,1,Adult,1,29
G_pingreensis,1,Adult,1,29
G_pingreensis,1,Adult,1,29
G_pingreensis,1,Adult,1,29
G_pingreensis,1,Adult,1,29
G_pingreensis,1,Adult,1,29
G_pingreensis,1,Adult,1,30
G_pingreensis,1,Adult,1,30
G_pingreensis,1,Adult,1,30
G_pingreensis,1,Adult,1,30
G_pingreensis,1,Adult,1,30
G_pingreensis,1,Adult,1,30
G_pingreensis,1,Adult,1,30
G_pingreensis,1,Adult,1,30
G_pingreensis,1,Adult,2,29
G_pingreensis,1,Adult,2,29
G_pingreensis,1,Adult,2,29
G_pingreensis,1,Adult,2,29
G_pingreensis,1,Adult,2,29
G_pingreensis,1,Adult,2,29
G_pingreensis,1,Adult,2,29
G_pingreensis,1,Adult,2,29
G_pingreensis,1,Adult,2,29
G_pingreensis,1,Adult,2,29
G_pingreensis,1,Adult,2,29
G_pingreensis,1,Adult,2,29
G_pingreensis,1,Adult,2,30
G_pingreensis,1,Adult,2,30
G_pingreensis,1,Adult,2,30
G_pingreensis,1,Adult,2,30
G_pingreensis,1,Adult,2,30
G_pingreensis,1,Adult,2,30
G_pingreensis,1,Adult,2,30
G_pingreensis,1,Adult,2,30
G_pingreensis,1,Adult,2,30
G_pingreensis,1,Adult,2,30
G_pingreensis,1,Adult,2,30
G_pingreensis,1,Adult,2,30
G_pingreensis,1,Adult,2,30
G_pingreensis,1,Adult,2,30
G_pingreensis,1,Adult,2,30
G_pingreensis,1,Adult,2,30
G_pingreensis,1,Adult,2,30
G_pingreensis,1,Adult,2,30
G_pingreensis,1,Adult,2,30
G_pingreensis,1,Adult,2,30
G_pingreensis,1,Adult,2,30
G_pingreensis,1,Adult,2,30
G_pingreensis,1,Adult,2,30
G_pingreensis,1,Adult,2,30
G_pingreensis,1,Adult,2,30
G_pingreensis,1,Adult,2,30
G_pingreensis,1,Adult,2,30
G_pingreensis,1,Adult,2,30
G_pingreensis,1,Adult,2,31
G_pingreensis,1,Adult,2,31
G_pingreensis,1,Adult,2,31
G_pingreensis,1,Adult,2,31
G_pingreensis,1,Adult,2,31
G_pingreensis,1,Adult,2,31
G_pingreensis,1,Adult,2,31
G_pingreensis,1,Adult,2,31
G_pingreensis,1,Adult,2,31
G_pingreensis,1,Adult,2,31
G_pingreensis,1,Adult,2,31
G_pingreensis,1,Adult,2,31
G_pingreensis,1,Adult,2,31
G_pingreensis,1,Adult,2,31
G_pingreensis,1,Adult,2,31
G_pingreensis,1,Adult,2,31
G_pingreensis,1,Adult,2,31
G_pingreensis,1,Adult,2,32
G_pingreensis,1,Adult,2,32
G_pingreensis,1,Adult,2,32
G_pingreensis,1,Adult,3,27
G_pingreensis,1,Adult,3,27
G_pingreensis,1,Adult,3,27
G_pingreensis,1,Adult,3,27
G_pingreensis,1,Adult,3,28
G_pingreensis,1,Adult,3,28
G_pingreensis,1,Adult,3,28
G_pingreensis,1,Adult,3,28
G_pingreensis,1,Adult,3,28
G_pingreensis,1,Adult,3,28
G_pingreensis,1,Adult,3,28
G_pingreensis,1,Adult,3,28
G_pingreensis,1,Adult,3,28
G_pingreensis,1,Adult,3,28
G_pingreensis,1,Adult,3,29
G_pingreensis,1,Adult,3,29
G_pingreensis,1,Adult,3,29
G_pingreensis,1,Adult,3,29
G_pingreensis,1,Adult,3,29
G_pingreensis,1,Adult,3,29
G_pingreensis,1,Adult,3,29
G_pingreensis,1,Adult,3,29
G_pingreensis,1,Adult,3,29
G_pingreensis,1,Adult,3,29
G_pingreensis,1,Adult,3,29
G_pingreensis,1,Adult,3,29
G_pingreensis,1,Adult,3,29
G_pingreensis,1,Adult,3,29
G_pingreensis,1,Adult,3,29
G_pingreensis,1,Adult,3,29
G_pingreensis,1,Adult,3,29
G_pingreensis,1,Adult,3,29
G_pingreensis,1,Adult,3,29
G_pingreensis,1,Adult,3,29
G_pingreensis,1,Adult,3,29
G_pingreensis,1,Adult,3,29
G_pingreensis,1,Adult,3,29
G_pingreensis,1,Adult,3,29
G_pingreensis,1,Adult,3,29
G_pingreensis,1,Adult,3,29
G_pingreensis,1,Adult,3,29
G_pingreensis,1,Adult,3,29
G_pingreensis,1,Adult,3,29
G_pingreensis,1,Adult,3,29
G_pingreensis,1,Adult,3,30
G_pingreensis,1,Adult,3,30
G_pingreensis,1,Adult,3,30
G_pingreensis,1,Adult,3,30
G_pingreensis,1,Adult,3,30
G_pingreensis,1,Adult,3,30
G_pingreensis,1,Adult,3,30
G_pingreensis,1,Adult,3,30
G_pingreensis,1,Adult,3,30
G_pingreensis,1,Adult,3,30
G_pingreensis,1,Adult,3,30
G_pingreensis,1,Adult,3,31
G_pingreensis,1,Adult,3,31
G_pingreensis,1,Adult,3,32
G_pingreensis,1,Adult,3,33
G_pingreensis,1,Adult,4,26
G_pingreensis,1,Adult,4,27
G_pingreensis,1,Adult,4,27
G_pingreensis,1,Adult,4,27
G_pingreensis,1,Adult,4,27
G_pingreensis,1,Adult,4,27
G_pingreensis,1,Adult,4,27
G_pingreensis,1,Adult,4,27
G_pingreensis,1,Adult,4,28
G_pingreensis,1,Adult,4,28
G_pingreensis,1,Adult,4,28
G_pingreensis,1,Adult,4,28
G_pingreensis,1,Adult,4,28
G_pingreensis,1,Adult,4,28
G_pingreensis,1,Adult,4,28
G_pingreensis,1,Adult,4,28
G_pingreensis,1,Adult,4,28
G_pingreensis,1,Adult,4,28
G_pingreensis,1,Adult,4,28
G_pingreensis,1,Adult,4,28
G_pingreensis,1,Adult,4,28
G_pingreensis,1,Adult,4,28
G_pingreensis,1,Adult,4,28
G_pingreensis,1,Adult,4,28
G_pingreensis,1,Adult,4,28
G_pingreensis,1,Adult,4,28
G_pingreensis,1,Adult,4,28
G_pingreensis,1,Adult,4,28
G_pingreensis,1,Adult,4,28
G_pingreensis,1,Adult,4,28
G_pingreensis,1,Adult,4,28
G_pingreensis,1,Adult,4,28
G_pingreensis,1,Adult,4,28
G_pingreensis,1,Adult,4,28
G_pingreensis,1,Adult,4,28
G_pingreensis,1,Adult,4,28
G_pingreensis,1,Adult,4,28
G_pingreensis,1,Adult,4,28
G_pingreensis,1,Adult,4,29
G_pingreensis,1,Adult,4,29
G_pingreensis,1,Adult,4,29
G_pingreensis,1,Adult,4,29
G_pingreensis,1,Adult,4,29
G_pingreensis,1,Adult,4,29
G_pingreensis,1,Adult,4,29
G_pingreensis,1,Adult,4,29
G_pingreensis,1,Adult,4,29
G_pingreensis,1,Adult,4,29
G_pingreensis,1,Adult,4,29
G_pingreensis,1,Adult,4,29
G_pingreensis,1,Adult,4,29
G_pingreensis,1,Adult,4,29
G_pingreensis,1,Adult,4,29
G_pingreensis,1,Adult,4,30
G_pingreensis,1,Adult,4,30
G_pingreensis,1,Adult,4,30
G_pingreensis,1,Adult,4,30
G_pingreensis,1,Adult,4,30
G_pingreensis,1,Adult,4,30
G_pingreensis,1,Adult,4,30
G_pingreensis,1,Adult,4,30
G_pingreensis,1,Adult,4,30
G_pingreensis,1,Adult,4,30
G_pingreensis,1,Adult,5,25
G_pingreensis,1,Adult,5,26
G_pingreensis,1,Adult,5,26
G_pingreensis,1,Adult,5,26
G_pingreensis,1,Adult,5,26
G_pingreensis,1,Adult,5,26
G_pingreensis,1,Adult,5,26
G_pingreensis,1,Adult,5,26
G_pingreensis,1,Adult,5,27
G_pingreensis,1,Adult,5,27
G_pingreensis,1,Adult,5,27
G_pingreensis,1,Adult,5,27
G_pingreensis,1,Adult,5,27
G_pingreensis,1,Adult,5,27
G_pingreensis,1,Adult,5,27
G_pingreensis,1,Adult,5,27
G_pingreensis,1,Adult,5,27
G_pingreensis,1,Adult,5,27
G_pingreensis,1,Adult,5,27
G_pingreensis,1,Adult,5,27
G_pingreensis,1,Adult,5,27
G_pingreensis,1,Adult,5,27
G_pingreensis,1,Adult,5,27
G_pingreensis,1,Adult,5,27
G_pingreensis,1,Adult,5,27
G_pingreensis,1,Adult,5,27
G_pingreensis,1,Adult,5,27
G_pingreensis,1,Adult,5,28
G_pingreensis,1,Adult,5,28
G_pingreensis,1,Adult,5,28
G_pingreensis,1,Adult,5,28
G_pingreensis,1,Adult,5,28
G_pingreensis,1,Adult,5,28
G_pingreensis,1,Adult,5,28
G_pingreensis,1,Adult,5,28
G_pingreensis,1,Adult,5,28
G_pingreensis,1,Adult,5,28
G_pingreensis,1,Adult,5,28
G_pingreensis,1,Adult,5,28
G_pingreensis,1,Adult,5,28
G_pingreensis,1,Adult,5,28
G_pingreensis,1,Adult,5,28
G_pingreensis,1,Adult,5,29
G_pingreensis,1,Adult,5,29
G_pingreensis,1,Adult,5,29
G_pingreensis,1,Adult,5,29
G_pingreensis,1,Adult,5,29
G_pingreensis,1,Adult,5,29
G_pingreensis,1,Adult,5,29
G_pingreensis,1,Adult,5,29
G_pingreensis,1,Adult,5,29
G_pingreensis,1,Adult,5,29
G_pingreensis,1,Adult,5,29
G_pingreensis,1,Adult,5,30
G_pingreensis,1,Adult,5,30
G_pingreensis,1,Adult,5,30
G_pingreensis,1,Adult,5,31
G_pingreensis,1,Adult,5,31
G_pingreensis,1,Adult,5,31
G_pingreensis,1,Adult,6,26
G_pingreensis,1,Adult,6,27
G_pingreensis,1,Adult,6,27
G_pingreensis,1,Adult,6,27
G_pingreensis,1,Adult,6,27
G_pingreensis,1,Adult,6,27
G_pingreensis,1,Adult,6,27
G_pingreensis,1,Adult,6,27
G_pingreensis,1,Adult,6,27
G_pingreensis,1,Adult,6,27
G_pingreensis,1,Adult,6,27
G_pingreensis,1,Adult,6,28
G_pingreensis,1,Adult,6,28
G_pingreensis,1,Adult,6,28
G_pingreensis,1,Adult,6,28
G_pingreensis,1,Adult,6,28
G_pingreensis,1,Adult,6,28
G_pingreensis,1,Adult,6,28
G_pingreensis,1,Adult,6,28
G_pingreensis,1,Adult,6,28
G_pingreensis,1,Adult,6,28
G_pingreensis,1,Adult,6,28
G_pingreensis,1,Adult,6,28
G_pingreensis,1,Adult,6,28
G_pingreensis,1,Adult,6,28
G_pingreensis,1,Adult,6,28
G_pingreensis,1,Adult,6,28
G_pingreensis,1,Adult,6,28
G_pingreensis,1,Adult,6,28
G_pingreensis,1,Adult,6,28
G_pingreensis,1,Adult,6,28
G_pingreensis,1,Adult,6,28
G_pingreensis,1,Adult,6,28
G_pingreensis,1,Adult,6,29
G_pingreensis,1,Adult,6,29
G_pingreensis,1,Adult,6,29
G_pingreensis,1,Adult,6,29
G_pingreensis,1,Adult,6,29
G_pingreensis,1,Adult,6,29
G_pingreensis,1,Adult,6,29
G_pingreensis,1,Adult,6,29
G_pingreensis,1,Adult,6,29
G_pingreensis,1,Adult,6,29
G_pingreensis,1,Adult,6,29
G_pingreensis,1,Adult,6,29
G_pingreensis,1,Adult,6,29
G_pingreensis,1,Adult,6,29
G_pingreensis,1,Adult,6,29
G_pingreensis,1,Adult,6,30
G_pingreensis,1,Adult,6,30
G_pingreensis,1,Adult,6,30
G_pingreensis,1,Adult,6,30
G_pingreensis,1,Adult,6,30
G_pingreensis,1,Adult,6,30
G_pingreensis,1,Adult,6,30
G_pingreensis,1,Adult,6,30
G_pingreensis,1,Adult,6,30
G_pingreensis,1,Adult,6,30
G_pingreensis,1,Adult,6,30
G_pingreensis,1,Adult,6,31
G_pingreensis,1,Adult,6,31
G_pingreensis,1,Adult,7,27
G_pingreensis,1,Adult,7,27
G_pingreensis,1,Adult,7,27
G_pingreensis,1,Adult,7,27
G_pingreensis,1,Adult,7,27
G_pingreensis,1,Adult,7,27
G_pingreensis,1,Adult,7,27
G_pingreensis,1,Adult,7,27
G_pingreensis,1,Adult,7,27
G_pingreensis,1,Adult,7,27
G_pingreensis,1,Adult,7,27
G_pingreensis,1,Adult,7,27
G_pingreensis,1,Adult,7,28
G_pingreensis,1,Adult,7,28
G_pingreensis,1,Adult,7,28
G_pingreensis,1,Adult,7,28
G_pingreensis,1,Adult,7,28
G_pingreensis,1,Adult,7,28
G_pingreensis,1,Adult,7,28
G_pingreensis,1,Adult,7,28
G_pingreensis,1,Adult,7,28
G_pingreensis,1,Adult,7,28
G_pingreensis,1,Adult,7,28
G_pingreensis,1,Adult,7,28
G_pingreensis,1,Adult,7,29
G_pingreensis,1,Adult,7,29
G_pingreensis,1,Adult,7,29
G_pingreensis,1,Adult,7,29
G_pingreensis,1,Adult,7,29
G_pingreensis,1,Adult,7,29
G_pingreensis,1,Adult,7,29
G_pingreensis,1,Adult,7,29
G_pingreensis,1,Adult,7,29
G_pingreensis,1,Adult,7,29
G_pingreensis,1,Adult,7,29
G_pingreensis,1,Adult,7,29
G_pingreensis,1,Adult,7,29
G_pingreensis,1,Adult,7,29
G_pingreensis,1,Adult,7,29
G_pingreensis,1,Adult,7,29
G_pingreensis,1,Adult,7,29
G_pingreensis,1,Adult,7,29
G_pingreensis,1,Adult,7,29
G_pingreensis,1,Adult,7,30
G_pingreensis,1,Adult,7,30
G_pingreensis,1,Adult,7,30
G_pingreensis,1,Adult,7,30
G_pingreensis,1,Adult,7,30
G_pingreensis,1,Adult,7,30
G_pingreensis,1,Adult,7,30
G_pingreensis,1,Adult,7,30
G_pingreensis,1,Adult,7,30
G_pingreensis,1,Adult,7,30
G_pingreensis,1,Adult,7,30
G_pingreensis,1,Adult,7,30
G_pingreensis,1,Adult,7,31
G_pingreensis,1,Adult,7,31
G_pingreensis,1,Adult,7,31
G_pingreensis,1,Adult,7,31
G_pingreensis,1,Adult,8,27
G_pingreensis,1,Adult,8,28
G_pingreensis,1,Adult,8,28
G_pingreensis,1,Adult,8,28
G_pingreensis,1,Adult,8,28
G_pingreensis,1,Adult,8,28
G_pingreensis,1,Adult,8,28
G_pingreensis,1,Adult,8,28
G_pingreensis,1,Adult,8,28
G_pingreensis,1,Adult,8,29
G_pingreensis,1,Adult,8,29
G_pingreensis,1,Adult,8,29
G_pingreensis,1,Adult,8,29
G_pingreensis,1,Adult,8,29
G_pingreensis,1,Adult,8,29
G_pingreensis,1,Adult,8,29
G_pingreensis,1,Adult,8,29
G_pingreensis,1,Adult,8,29
G_pingreensis,1,Adult,8,29
G_pingreensis,1,Adult,8,29
G_pingreensis,1,Adult,8,30
G_pingreensis,1,Adult,8,30
G_pingreensis,1,Adult,8,30
G_pingreensis,1,Adult,8,30
G_pingreensis,1,Adult,8,30
G_pingreensis,1,Adult,8,30
G_pingreensis,1,Adult,8,30
G_pingreensis,1,Adult,8,30
G_pingreensis,1,Adult,8,30
G_pingreensis,1,Adult,8,30
G_pingreensis,1,Adult,8,30
G_pingreensis,1,Adult,8,30
G_pingreensis,1,Adult,8,30
G_pingreensis,1,Adult,8,30
G_pingreensis,1,Adult,8,30
G_pingreensis,1,Adult,8,30
G_pingreensis,1,Adult,8,30
G_pingreensis,1,Adult,8,30
G_pingreensis,1,Adult,8,30
G_pingreensis,1,Adult,8,31
G_pingreensis,1,Adult,8,31
G_pingreensis,1,Adult,8,31
G_pingreensis,1,Adult,8,31
G_pingreensis,1,Adult,8,31
G_pingreensis,1,Adult,8,31
G_pingreensis,1,Adult,8,31
G_pingreensis,1,Adult,8,31
G_pingreensis,1,Adult,8,31
G_pingreensis,1,Adult,8,31
G_pingreensis,1,Adult,8,32
G_pingreensis,1,Adult,8,32
G_pingreensis,1,Adult,8,32
G_pingreensis,1,Adult,8,32
G_pingreensis,1,Adult,8,32
G_pingreensis,1,Adult,8,32
G_pingreensis,1,Adult,8,32
G_pingreensis,1,Adult,8,33
G_pingreensis,1,Adult,8,33
G_pingreensis,1,Adult,8,33
G_pingreensis,1,Adult,8,33
G_pingreensis,2,2,1,5
G_pingreensis,2,2,1,5
G_pingreensis,2,2,1,5
G_pingreensis,2,2,1,5
G_pingreensis,2,2,1,5
G_pingreensis,2,2,1,5
G_pingreensis,2,2,1,5
G_pingreensis,2,2,1,5
G_pingreensis,2,2,1,5
G_pingreensis,2,2,1,5
G_pingreensis,2,2,1,5
G_pingreensis,2,2,1,5
G_pingreensis,2,2,1,5
G_pingreensis,2,2,1,5
G_pingreensis,2,2,1,5
G_pingreensis,2,2,1,5
G_pingreensis,2,2,1,5
G_pingreensis,2,2,1,5
G_pingreensis,2,2,1,5
G_pingreensis,2,2,1,5
G_pingreensis,2,2,1,5
G_pingreensis,2,2,1,5
G_pingreensis,2,2,1,5
G_pingreensis,2,2,1,5
G_pingreensis,2,2,1,5
G_pingreensis,2,2,1,5
G_pingreensis,2,2,1,5
G_pingreensis,2,2,1,5
G_pingreensis,2,2,1,5
G_pingreensis,2,2,1,5
G_pingreensis,2,2,1,5
G_pingreensis,2,2,1,5
G_pingreensis,2,2,1,5
G_pingreensis,2,2,1,5
G_pingreensis,2,2,1,5
G_pingreensis,2,2,1,5
G_pingreensis,2,2,1,5
G_pingreensis,2,2,1,5
G_pingreensis,2,2,1,5
G_pingreensis,2,2,1,5
G_pingreensis,2,2,1,5
G_pingreensis,2,2,1,5
G_pingreensis,2,2,1,5
G_pingreensis,2,2,1,5
G_pingreensis,2,2,1,5
G_pingreensis,2,2,1,5
G_pingreensis,2,2,1,5
G_pingreensis,2,2,1,5
G_pingreensis,2,2,1,5
G_pingreensis,2,2,1,5
G_pingreensis,2,2,1,5
G_pingreensis,2,2,1,5
G_pingreensis,2,2,1,5
G_pingreensis,2,2,1,5
G_pingreensis,2,2,1,5
G_pingreensis,2,2,1,5
G_pingreensis,2,2,1,5
G_pingreensis,2,2,1,5
G_pingreensis,2,2,1,5
G_pingreensis,2,2,1,5
G_pingreensis,2,2,1,5
G_pingreensis,2,2,1,5
G_pingreensis,2,2,1,6
G_pingreensis,2,2,1,6
G_pingreensis,2,2,2,4
G_pingreensis,2,2,2,5
G_pingreensis,2,2,2,5
G_pingreensis,2,2,2,5
G_pingreensis,2,2,2,5
G_pingreensis,2,2,2,5
G_pingreensis,2,2,2,5
G_pingreensis,2,2,2,5
G_pingreensis,2,2,2,5
G_pingreensis,2,2,2,5
G_pingreensis,2,2,2,5
G_pingreensis,2,2,2,5
G_pingreensis,2,2,2,5
G_pingreensis,2,2,2,5
G_pingreensis,2,2,2,5
G_pingreensis,2,2,2,5
G_pingreensis,2,2,2,5
G_pingreensis,2,2,2,5
G_pingreensis,2,2,2,5
G_pingreensis,2,2,2,5
G_pingreensis,2,2,2,5
G_pingreensis,2,2,2,5
G_pingreensis,2,2,2,5
G_pingreensis,2,2,2,6
G_pingreensis,2,2,2,6
G_pingreensis,2,2,2,6
G_pingreensis,2,2,2,6
G_pingreensis,2,2,2,6
G_pingreensis,2,2,2,6
G_pingreensis,2,2,2,6
G_pingreensis,2,2,2,6
G_pingreensis,2,2,2,6
G_pingreensis,2,2,2,6
G_pingreensis,2,2,2,6
G_pingreensis,2,2,2,6
G_pingreensis,2,2,2,6
G_pingreensis,2,2,2,6
G_pingreensis,2,2,2,6
G_pingreensis,2,2,2,6
G_pingreensis,2,2,2,6
G_pingreensis,2,2,2,6
G_pingreensis,2,2,2,6
G_pingreensis,2,2,2,6
G_pingreensis,2,2,2,6
G_pingreensis,2,2,2,6
G_pingreensis,2,2,2,6
G_pingreensis,2,2,2,6
G_pingreensis,2,2,2,6
G_pingreensis,2,2,2,6
G_pingreensis,2,2,2,6
G_pingreensis,2,2,2,6
G_pingreensis,2,2,2,6
G_pingreensis,2,2,2,6
G_pingreensis,2,2,2,6
G_pingreensis,2,2,2,6
G_pingreensis,2,2,2,6
G_pingreensis,2,2,2,6
G_pingreensis,2,2,2,6
G_pingreensis,2,2,2,6
G_pingreensis,2,2,2,6
G_pingreensis,2,2,2,6
G_pingreensis,2,2,2,6
G_pingreensis,2,2,2,6
G_pingreensis,2,2,2,6
G_pingreensis,2,2,3,5
G_pingreensis,2,2,3,5
G_pingreensis,2,2,3,5
G_pingreensis,2,2,3,5
G_pingreensis,2,2,3,5
G_pingreensis,2,2,3,5
G_pingreensis,2,2,3,5
G_pingreensis,2,2,3,5
G_pingreensis,2,2,3,5
G_pingreensis,2,2,3,5
G_pingreensis,2,2,3,5
G_pingreensis,2,2,3,5
G_pingreensis,2,2,3,5
G_pingreensis,2,2,3,5
G_pingreensis,2,2,3,5
G_pingreensis,2,2,3,5
G_pingreensis,2,2,3,5
G_pingreensis,2,2,3,5
G_pingreensis,2,2,3,5
G_pingreensis,2,2,3,5
G_pingreensis,2,2,3,5
G_pingreensis,2,2,3,5
G_pingreensis,2,2,3,5
G_pingreensis,2,2,3,5
G_pingreensis,2,2,3,5
G_pingreensis,2,2,3,5
G_pingreensis,2,2,3,5
G_pingreensis,2,2,3,5
G_pingreensis,2,2,3,5
G_pingreensis,2,2,3,5
G_pingreensis,2,2,3,5
G_pingreensis,2,2,3,5
G_pingreensis,2,2,3,5
G_pingreensis,2,2,3,5
G_pingreensis,2,2,3,5
G_pingreensis,2,2,3,5
G_pingreensis,2,2,3,5
G_pingreensis,2,2,3,5
G_pingreensis,2,2,3,5
G_pingreensis,2,2,3,5
G_pingreensis,2,2,3,5
G_pingreensis,2,2,3,5
G_pingreensis,2,2,3,5
G_pingreensis,2,2,3,5
G_pingreensis,2,2,3,5
G_pingreensis,2,2,3,5
G_pingreensis,2,2,3,5
G_pingreensis,2,2,3,5
G_pingreensis,2,2,3,5
G_pingreensis,2,2,3,5
G_pingreensis,2,2,3,5
G_pingreensis,2,2,3,5
G_pingreensis,2,2,3,5
G_pingreensis,2,2,3,5
G_pingreensis,2,2,3,5
G_pingreensis,2,2,3,5
G_pingreensis,2,2,3,5
G_pingreensis,2,2,3,5
G_pingreensis,2,2,3,5
G_pingreensis,2,2,3,5
G_pingreensis,2,2,3,5
G_pingreensis,2,2,3,5
G_pingreensis,2,2,3,5
G_pingreensis,2,2,3,6
G_pingreensis,2,2,3,6
G_pingreensis,2,2,4,4
G_pingreensis,2,2,4,4
G_pingreensis,2,2,4,4
G_pingreensis,2,2,4,4
G_pingreensis,2,2,4,5
G_pingreensis,2,2,4,5
G_pingreensis,2,2,4,5
G_pingreensis,2,2,4,5
G_pingreensis,2,2,4,5
G_pingreensis,2,2,4,5
G_pingreensis,2,2,4,5
G_pingreensis,2,2,4,5
G_pingreensis,2,2,4,5
G_pingreensis,2,2,4,5
G_pingreensis,2,2,4,5
G_pingreensis,2,2,4,5
G_pingreensis,2,2,4,5
G_pingreensis,2,2,4,5
G_pingreensis,2,2,4,5
G_pingreensis,2,2,4,5
G_pingreensis,2,2,4,5
G_pingreensis,2,2,4,5
G_pingreensis,2,2,4,5
G_pingreensis,2,2,4,5
G_pingreensis,2,2,4,5
G_pingreensis,2,2,4,5
G_pingreensis,2,2,4,5
G_pingreensis,2,2,4,5
G_pingreensis,2,2,4,5
G_pingreensis,2,2,4,5
G_pingreensis,2,2,4,5
G_pingreensis,2,2,4,5
G_pingreensis,2,2,4,5
G_pingreensis,2,2,4,5
G_pingreensis,2,2,4,5
G_pingreensis,2,2,4,5
G_pingreensis,2,2,4,5
G_pingreensis,2,2,4,5
G_pingreensis,2,2,4,5
G_pingreensis,2,2,4,5
G_pingreensis,2,2,4,5
G_pingreensis,2,2,4,5
G_pingreensis,2,2,4,5
G_pingreensis,2,2,4,5
G_pingreensis,2,2,4,5
G_pingreensis,2,2,4,5
G_pingreensis,2,2,4,5
G_pingreensis,2,2,4,5
G_pingreensis,2,2,4,5
G_pingreensis,2,2,4,5
G_pingreensis,2,2,4,5
G_pingreensis,2,2,4,5
G_pingreensis,2,2,4,5
G_pingreensis,2,2,4,5
G_pingreensis,2,2,4,5
G_pingreensis,2,2,4,5
G_pingreensis,2,2,4,5
G_pingreensis,2,2,4,5
G_pingreensis,2,2,4,5
G_pingreensis,2,2,4,5
G_pingreensis,2,2,4,5
G_pingreensis,2,2,4,5
G_pingreensis,2,2,4,5
G_pingreensis,2,2,4,5
G_pingreensis,2,2,4,5
G_pingreensis,2,2,5,5
G_pingreensis,2,2,5,5
G_pingreensis,2,2,5,5
G_pingreensis,2,2,5,5
G_pingreensis,2,2,5,5
G_pingreensis,2,2,5,5
G_pingreensis,2,2,5,5
G_pingreensis,2,2,5,5
G_pingreensis,2,2,5,5
G_pingreensis,2,2,5,5
G_pingreensis,2,2,5,5
G_pingreensis,2,2,5,5
G_pingreensis,2,2,5,5
G_pingreensis,2,2,5,5
G_pingreensis,2,2,5,5
G_pingreensis,2,2,5,5
G_pingreensis,2,2,5,5
G_pingreensis,2,2,5,5
G_pingreensis,2,2,5,5
G_pingreensis,2,2,5,5
G_pingreensis,2,2,5,5
G_pingreensis,2,2,5,5
G_pingreensis,2,2,5,5
G_pingreensis,2,2,5,5
G_pingreensis,2,2,5,5
G_pingreensis,2,2,5,5
G_pingreensis,2,2,5,5
G_pingreensis,2,2,5,5
G_pingreensis,2,2,5,5
G_pingreensis,2,2,5,5
G_pingreensis,2,2,5,5
G_pingreensis,2,2,5,5
G_pingreensis,2,2,5,5
G_pingreensis,2,2,5,5
G_pingreensis,2,2,5,5
G_pingreensis,2,2,5,5
G_pingreensis,2,2,5,5
G_pingreensis,2,2,5,5
G_pingreensis,2,2,5,5
G_pingreensis,2,2,5,5
G_pingreensis,2,2,5,5
G_pingreensis,2,2,5,5
G_pingreensis,2,2,5,5
G_pingreensis,2,2,5,5
G_pingreensis,2,2,5,5
G_pingreensis,2,2,5,5
G_pingreensis,2,2,5,6
G_pingreensis,2,2,5,6
G_pingreensis,2,2,5,6
G_pingreensis,2,2,5,6
G_pingreensis,2,2,5,6
G_pingreensis,2,2,5,6
G_pingreensis,2,2,5,6
G_pingreensis,2,2,5,6
G_pingreensis,2,2,5,6
G_pingreensis,2,2,5,6
G_pingreensis,2,2,5,6
G_pingreensis,2,2,5,6
G_pingreensis,2,2,5,6
G_pingreensis,2,2,5,6
G_pingreensis,2,2,5,6
G_pingreensis,2,2,5,6
G_pingreensis,2,2,5,6
G_pingreensis,2,2,5,6
G_pingreensis,2,2,6,5
G_pingreensis,2,2,6,5
G_pingreensis,2,2,6,5
G_pingreensis,2,2,6,5
G_pingreensis,2,2,6,5
G_pingreensis,2,2,6,5
G_pingreensis,2,2,6,5
G_pingreensis,2,2,6,5
G_pingreensis,2,2,6,5
G_pingreensis,2,2,6,5
G_pingreensis,2,2,6,5
G_pingreensis,2,2,6,5
G_pingreensis,2,2,6,5
G_pingreensis,2,2,6,5
G_pingreensis,2,2,6,5
G_pingreensis,2,2,6,5
G_pingreensis,2,2,6,5
G_pingreensis,2,2,6,5
G_pingreensis,2,2,6,5
G_pingreensis,2,2,6,5
G_pingreensis,2,2,6,5
G_pingreensis,2,2,6,5
G_pingreensis,2,2,6,5
G_pingreensis,2,2,6,5
G_pingreensis,2,2,6,5
G_pingreensis,2,2,6,5
G_pingreensis,2,2,6,5
G_pingreensis,2,2,6,5
G_pingreensis,2,2,6,5
G_pingreensis,2,2,6,5
G_pingreensis,2,2,6,5
G_pingreensis,2,2,6,5
G_pingreensis,2,2,6,5
G_pingreensis,2,2,6,5
G_pingreensis,2,2,6,5
G_pingreensis,2,2,6,5
G_pingreensis,2,2,6,5
G_pingreensis,2,2,6,5
G_pingreensis,2,2,6,5
G_pingreensis,2,2,6,5
G_pingreensis,2,2,6,5
G_pingreensis,2,2,6,5
G_pingreensis,2,2,6,5
G_pingreensis,2,2,6,5
G_pingreensis,2,2,6,5
G_pingreensis,2,2,6,5
G_pingreensis,2,2,6,5
G_pingreensis,2,2,6,5
G_pingreensis,2,2,6,5
G_pingreensis,2,2,6,5
G_pingreensis,2,2,6,6
G_pingreensis,2,2,6,6
G_pingreensis,2,2,6,6
G_pingreensis,2,2,6,6
G_pingreensis,2,2,6,6
G_pingreensis,2,2,6,6
G_pingreensis,2,2,6,6
G_pingreensis,2,2,6,6
G_pingreensis,2,2,6,6
G_pingreensis,2,2,6,6
G_pingreensis,2,2,6,6
G_pingreensis,2,2,6,6
G_pingreensis,2,2,6,6
G_pingreensis,2,2,7,5
G_pingreensis,2,2,7,5
G_pingreensis,2,2,7,5
G_pingreensis,2,2,7,5
G_pingreensis,2,2,7,5
G_pingreensis,2,2,7,5
G_pingreensis,2,2,7,5
G_pingreensis,2,2,7,5
G_pingreensis,2,2,7,5
G_pingreensis,2,2,7,5
G_pingreensis,2,2,7,5
G_pingreensis,2,2,7,5
G_pingreensis,2,2,7,5
G_pingreensis,2,2,7,5
G_pingreensis,2,2,7,5
G_pingreensis,2,2,7,5
G_pingreensis,2,2,7,5
G_pingreensis,2,2,7,5
G_pingreensis,2,2,7,5
G_pingreensis,2,2,7,5
G_pingreensis,2,2,7,5
G_pingreensis,2,2,7,5
G_pingreensis,2,2,7,5
G_pingreensis,2,2,7,5
G_pingreensis,2,2,7,5
G_pingreensis,2,2,7,5
G_pingreensis,2,2,7,5
G_pingreensis,2,2,7,5
G_pingreensis,2,2,7,5
G_pingreensis,2,2,7,5
G_pingreensis,2,2,7,5
G_pingreensis,2,2,7,5
G_pingreensis,2,2,7,5
G_pingreensis,2,2,7,5
G_pingreensis,2,2,7,5
G_pingreensis,2,2,7,5
G_pingreensis,2,2,7,5
G_pingreensis,2,2,7,5
G_pingreensis,2,2,7,5
G_pingreensis,2,2,7,5
G_pingreensis,2,2,7,5
G_pingreensis,2,2,7,5
G_pingreensis,2,2,7,5
G_pingreensis,2,2,7,5
G_pingreensis,2,2,7,5
G_pingreensis,2,2,7,5
G_pingreensis,2,2,7,5
G_pingreensis,2,2,7,5
G_pingreensis,2,2,7,5
G_pingreensis,2,2,7,5
G_pingreensis,2,2,7,5
G_pingreensis,2,2,7,5
G_pingreensis,2,2,7,5
G_pingreensis,2,2,7,5
G_pingreensis,2,2,7,6
G_pingreensis,2,2,7,6
G_pingreensis,2,2,7,6
G_pingreensis,2,2,7,6
G_pingreensis,2,2,7,6
G_pingreensis,2,2,7,6
G_pingreensis,2,2,7,6
G_pingreensis,2,2,7,6
G_pingreensis,2,2,7,6
G_pingreensis,2,2,7,6
G_pingreensis,2,2,8,5
G_pingreensis,2,2,8,5
G_pingreensis,2,2,8,5
G_pingreensis,2,2,8,5
G_pingreensis,2,2,8,5
G_pingreensis,2,2,8,5
G_pingreensis,2,2,8,5
G_pingreensis,2,2,8,5
G_pingreensis,2,2,8,6
G_pingreensis,2,2,8,6
G_pingreensis,2,2,8,6
G_pingreensis,2,2,8,6
G_pingreensis,2,2,8,6
G_pingreensis,2,2,8,6
G_pingreensis,2,2,8,6
G_pingreensis,2,2,8,6
G_pingreensis,2,2,8,6
G_pingreensis,2,2,8,6
G_pingreensis,2,2,8,6
G_pingreensis,2,2,8,6
G_pingreensis,2,2,8,6
G_pingreensis,2,2,8,6
G_pingreensis,2,2,8,6
G_pingreensis,2,2,8,6
G_pingreensis,2,2,8,6
G_pingreensis,2,2,8,6
G_pingreensis,2,2,8,6
G_pingreensis,2,2,8,6
G_pingreensis,2,2,8,6
G_pingreensis,2,2,8,6
G_pingreensis,2,2,8,6
G_pingreensis,2,2,8,6
G_pingreensis,2,2,8,6
G_pingreensis,2,2,8,6
G_pingreensis,2,2,8,6
G_pingreensis,2,2,8,6
G_pingreensis,2,2,8,6
G_pingreensis,2,2,8,6
G_pingreensis,2,2,8,6
G_pingreensis,2,2,8,6
G_pingreensis,2,2,8,6
G_pingreensis,2,2,8,6
G_pingreensis,2,2,8,6
G_pingreensis,2,2,8,6
G_pingreensis,2,2,8,6
G_pingreensis,2,2,8,6
G_pingreensis,2,2,8,6
G_pingreensis,2,2,8,6
G_pingreensis,2,2,8,6
G_pingreensis,2,2,8,6
G_pingreensis,2,2,8,6
G_pingreensis,2,2,8,6
G_pingreensis,2,2,8,6
G_pingreensis,2,2,8,6
G_pingreensis,2,2,8,6
G_pingreensis,2,2,8,6
G_pingreensis,2,2,8,7
G_pingreensis,2,2,8,7
G_pingreensis,2,2,8,7
G_pingreensis,2,2,8,7
G_pingreensis,2,2,8,7
G_pingreensis,2,2,8,7
G_pingreensis,2,2,8,8
G_pingreensis,2,2,8,8
G_pingreensis,2,3,1,9
G_pingreensis,2,3,1,9
G_pingreensis,2,3,1,9
G_pingreensis,2,3,1,9
G_pingreensis,2,3,1,9
G_pingreensis,2,3,1,9
G_pingreensis,2,3,1,9
G_pingreensis,2,3,1,9
G_pingreensis,2,3,1,9
G_pingreensis,2,3,1,9
G_pingreensis,2,3,1,9
G_pingreensis,2,3,1,9
G_pingreensis,2,3,1,9
G_pingreensis,2,3,1,9
G_pingreensis,2,3,1,9
G_pingreensis,2,3,1,9
G_pingreensis,2,3,1,9
G_pingreensis,2,3,1,9
G_pingreensis,2,3,1,9
G_pingreensis,2,3,1,9
G_pingreensis,2,3,1,9
G_pingreensis,2,3,1,9
G_pingreensis,2,3,1,9
G_pingreensis,2,3,1,9
G_pingreensis,2,3,1,9
G_pingreensis,2,3,1,9
G_pingreensis,2,3,1,9
G_pingreensis,2,3,1,9
G_pingreensis,2,3,1,9
G_pingreensis,2,3,1,9
G_pingreensis,2,3,1,9
G_pingreensis,2,3,1,9
G_pingreensis,2,3,1,9
G_pingreensis,2,3,1,9
G_pingreensis,2,3,1,9
G_pingreensis,2,3,1,9
G_pingreensis,2,3,1,9
G_pingreensis,2,3,1,9
G_pingreensis,2,3,1,9
G_pingreensis,2,3,1,9
G_pingreensis,2,3,1,9
G_pingreensis,2,3,1,9
G_pingreensis,2,3,1,9
G_pingreensis,2,3,1,9
G_pingreensis,2,3,1,9
G_pingreensis,2,3,1,9
G_pingreensis,2,3,1,9
G_pingreensis,2,3,1,9
G_pingreensis,2,3,1,9
G_pingreensis,2,3,1,9
G_pingreensis,2,3,1,9
G_pingreensis,2,3,1,9
G_pingreensis,2,3,1,9
G_pingreensis,2,3,1,9
G_pingreensis,2,3,1,9
G_pingreensis,2,3,1,9
G_pingreensis,2,3,1,9
G_pingreensis,2,3,1,10
G_pingreensis,2,3,1,10
G_pingreensis,2,3,1,10
G_pingreensis,2,3,1,10
G_pingreensis,2,3,1,10
G_pingreensis,2,3,1,10
G_pingreensis,2,3,2,8
G_pingreensis,2,3,2,9
G_pingreensis,2,3,2,9
G_pingreensis,2,3,2,9
G_pingreensis,2,3,2,9
G_pingreensis,2,3,2,10
G_pingreensis,2,3,2,10
G_pingreensis,2,3,2,10
G_pingreensis,2,3,2,10
G_pingreensis,2,3,2,10
G_pingreensis,2,3,2,10
G_pingreensis,2,3,2,10
G_pingreensis,2,3,2,10
G_pingreensis,2,3,2,10
G_pingreensis,2,3,2,10
G_pingreensis,2,3,2,10
G_pingreensis,2,3,2,10
G_pingreensis,2,3,2,10
G_pingreensis,2,3,2,10
G_pingreensis,2,3,2,10
G_pingreensis,2,3,2,10
G_pingreensis,2,3,2,10
G_pingreensis,2,3,2,10
G_pingreensis,2,3,2,10
G_pingreensis,2,3,2,10
G_pingreensis,2,3,2,10
G_pingreensis,2,3,2,10
G_pingreensis,2,3,2,10
G_pingreensis,2,3,2,10
G_pingreensis,2,3,2,10
G_pingreensis,2,3,2,10
G_pingreensis,2,3,2,10
G_pingreensis,2,3,2,10
G_pingreensis,2,3,2,10
G_pingreensis,2,3,2,10
G_pingreensis,2,3,2,10
G_pingreensis,2,3,2,10
G_pingreensis,2,3,2,10
G_pingreensis,2,3,2,10
G_pingreensis,2,3,2,10
G_pingreensis,2,3,2,10
G_pingreensis,2,3,2,10
G_pingreensis,2,3,2,10
G_pingreensis,2,3,2,10
G_pingreensis,2,3,2,10
G_pingreensis,2,3,2,10
G_pingreensis,2,3,2,10
G_pingreensis,2,3,2,10
G_pingreensis,2,3,2,11
G_pingreensis,2,3,2,11
G_pingreensis,2,3,2,11
G_pingreensis,2,3,2,11
G_pingreensis,2,3,2,11
G_pingreensis,2,3,2,11
G_pingreensis,2,3,2,11
G_pingreensis,2,3,2,11
G_pingreensis,2,3,2,11
G_pingreensis,2,3,2,11
G_pingreensis,2,3,2,11
G_pingreensis,2,3,2,11
G_pingreensis,2,3,2,11
G_pingreensis,2,3,2,11
G_pingreensis,2,3,2,11
G_pingreensis,2,3,2,12
G_pingreensis,2,3,3,9
G_pingreensis,2,3,3,9
G_pingreensis,2,3,3,9
G_pingreensis,2,3,3,9
G_pingreensis,2,3,3,9
G_pingreensis,2,3,3,9
G_pingreensis,2,3,3,9
G_pingreensis,2,3,3,9
G_pingreensis,2,3,3,9
G_pingreensis,2,3,3,9
G_pingreensis,2,3,3,9
G_pingreensis,2,3,3,9
G_pingreensis,2,3,3,9
G_pingreensis,2,3,3,9
G_pingreensis,2,3,3,9
G_pingreensis,2,3,3,9
G_pingreensis,2,3,3,9
G_pingreensis,2,3,3,9
G_pingreensis,2,3,3,9
G_pingreensis,2,3,3,9
G_pingreensis,2,3,3,9
G_pingreensis,2,3,3,9
G_pingreensis,2,3,3,9
G_pingreensis,2,3,3,9
G_pingreensis,2,3,3,9
G_pingreensis,2,3,3,9
G_pingreensis,2,3,3,9
G_pingreensis,2,3,3,9
G_pingreensis,2,3,3,9
G_pingreensis,2,3,3,9
G_pingreensis,2,3,3,9
G_pingreensis,2,3,3,9
G_pingreensis,2,3,3,9
G_pingreensis,2,3,3,9
G_pingreensis,2,3,3,9
G_pingreensis,2,3,3,9
G_pingreensis,2,3,3,9
G_pingreensis,2,3,3,9
G_pingreensis,2,3,3,9
G_pingreensis,2,3,3,9
G_pingreensis,2,3,3,10
G_pingreensis,2,3,3,10
G_pingreensis,2,3,3,10
G_pingreensis,2,3,3,10
G_pingreensis,2,3,3,10
G_pingreensis,2,3,3,10
G_pingreensis,2,3,3,10
G_pingreensis,2,3,3,10
G_pingreensis,2,3,3,10
G_pingreensis,2,3,3,10
G_pingreensis,2,3,3,10
G_pingreensis,2,3,3,10
G_pingreensis,2,3,3,10
G_pingreensis,2,3,3,10
G_pingreensis,2,3,3,10
G_pingreensis,2,3,3,10
G_pingreensis,2,3,3,10
G_pingreensis,2,3,3,10
G_pingreensis,2,3,3,10
G_pingreensis,2,3,3,10
G_pingreensis,2,3,3,10
G_pingreensis,2,3,3,10
G_pingreensis,2,3,3,11
G_pingreensis,2,3,3,12
G_pingreensis,2,3,4,8
G_pingreensis,2,3,4,8
G_pingreensis,2,3,4,8
G_pingreensis,2,3,4,8
G_pingreensis,2,3,4,9
G_pingreensis,2,3,4,9
G_pingreensis,2,3,4,9
G_pingreensis,2,3,4,9
G_pingreensis,2,3,4,9
G_pingreensis,2,3,4,9
G_pingreensis,2,3,4,9
G_pingreensis,2,3,4,9
G_pingreensis,2,3,4,9
G_pingreensis,2,3,4,9
G_pingreensis,2,3,4,9
G_pingreensis,2,3,4,9
G_pingreensis,2,3,4,9
G_pingreensis,2,3,4,9
G_pingreensis,2,3,4,9
G_pingreensis,2,3,4,9
G_pingreensis,2,3,4,9
G_pingreensis,2,3,4,9
G_pingreensis,2,3,4,9
G_pingreensis,2,3,4,9
G_pingreensis,2,3,4,9
G_pingreensis,2,3,4,9
G_pingreensis,2,3,4,9
G_pingreensis,2,3,4,9
G_pingreensis,2,3,4,9
G_pingreensis,2,3,4,9
G_pingreensis,2,3,4,9
G_pingreensis,2,3,4,9
G_pingreensis,2,3,4,9
G_pingreensis,2,3,4,9
G_pingreensis,2,3,4,9
G_pingreensis,2,3,4,9
G_pingreensis,2,3,4,9
G_pingreensis,2,3,4,9
G_pingreensis,2,3,4,9
G_pingreensis,2,3,4,9
G_pingreensis,2,3,4,9
G_pingreensis,2,3,4,9
G_pingreensis,2,3,4,9
G_pingreensis,2,3,4,9
G_pingreensis,2,3,4,9
G_pingreensis,2,3,4,9
G_pingreensis,2,3,4,9
G_pingreensis,2,3,4,9
G_pingreensis,2,3,4,9
G_pingreensis,2,3,4,9
G_pingreensis,2,3,4,9
G_pingreensis,2,3,4,9
G_pingreensis,2,3,4,9
G_pingreensis,2,3,4,9
G_pingreensis,2,3,4,9
G_pingreensis,2,3,4,9
G_pingreensis,2,3,4,9
G_pingreensis,2,3,4,9
G_pingreensis,2,3,4,9
G_pingreensis,2,3,4,9
G_pingreensis,2,3,4,9
G_pingreensis,2,3,4,9
G_pingreensis,2,3,4,9
G_pingreensis,2,3,4,9
G_pingreensis,2,3,4,9
G_pingreensis,2,3,5,9
G_pingreensis,2,3,5,9
G_pingreensis,2,3,5,9
G_pingreensis,2,3,5,9
G_pingreensis,2,3,5,9
G_pingreensis,2,3,5,9
G_pingreensis,2,3,5,9
G_pingreensis,2,3,5,9
G_pingreensis,2,3,5,9
G_pingreensis,2,3,5,9
G_pingreensis,2,3,5,9
G_pingreensis,2,3,5,10
G_pingreensis,2,3,5,10
G_pingreensis,2,3,5,10
G_pingreensis,2,3,5,10
G_pingreensis,2,3,5,10
G_pingreensis,2,3,5,10
G_pingreensis,2,3,5,10
G_pingreensis,2,3,5,10
G_pingreensis,2,3,5,10
G_pingreensis,2,3,5,10
G_pingreensis,2,3,5,10
G_pingreensis,2,3,5,10
G_pingreensis,2,3,5,10
G_pingreensis,2,3,5,10
G_pingreensis,2,3,5,10
G_pingreensis,2,3,5,10
G_pingreensis,2,3,5,10
G_pingreensis,2,3,5,10
G_pingreensis,2,3,5,10
G_pingreensis,2,3,5,10
G_pingreensis,2,3,5,10
G_pingreensis,2,3,5,10
G_pingreensis,2,3,5,10
G_pingreensis,2,3,5,10
G_pingreensis,2,3,5,10
G_pingreensis,2,3,5,10
G_pingreensis,2,3,5,10
G_pingreensis,2,3,5,10
G_pingreensis,2,3,5,10
G_pingreensis,2,3,5,10
G_pingreensis,2,3,5,10
G_pingreensis,2,3,5,10
G_pingreensis,2,3,5,10
G_pingreensis,2,3,5,10
G_pingreensis,2,3,5,10
G_pingreensis,2,3,5,10
G_pingreensis,2,3,5,10
G_pingreensis,2,3,5,10
G_pingreensis,2,3,5,10
G_pingreensis,2,3,5,10
G_pingreensis,2,3,5,10
G_pingreensis,2,3,5,10
G_pingreensis,2,3,5,10
G_pingreensis,2,3,5,10
G_pingreensis,2,3,5,10
G_pingreensis,2,3,5,10
G_pingreensis,2,3,5,10
G_pingreensis,2,3,5,10
G_pingreensis,2,3,5,10
G_pingreensis,2,3,5,10
G_pingreensis,2,3,5,10
G_pingreensis,2,3,5,10
G_pingreensis,2,3,5,10
G_pingreensis,2,3,6,9
G_pingreensis,2,3,6,9
G_pingreensis,2,3,6,9
G_pingreensis,2,3,6,9
G_pingreensis,2,3,6,9
G_pingreensis,2,3,6,9
G_pingreensis,2,3,6,9
G_pingreensis,2,3,6,9
G_pingreensis,2,3,6,9
G_pingreensis,2,3,6,9
G_pingreensis,2,3,6,9
G_pingreensis,2,3,6,9
G_pingreensis,2,3,6,9
G_pingreensis,2,3,6,9
G_pingreensis,2,3,6,9
G_pingreensis,2,3,6,9
G_pingreensis,2,3,6,9
G_pingreensis,2,3,6,10
G_pingreensis,2,3,6,10
G_pingreensis,2,3,6,10
G_pingreensis,2,3,6,10
G_pingreensis,2,3,6,10
G_pingreensis,2,3,6,10
G_pingreensis,2,3,6,10
G_pingreensis,2,3,6,10
G_pingreensis,2,3,6,10
G_pingreensis,2,3,6,10
G_pingreensis,2,3,6,10
G_pingreensis,2,3,6,10
G_pingreensis,2,3,6,10
G_pingreensis,2,3,6,10
G_pingreensis,2,3,6,10
G_pingreensis,2,3,6,10
G_pingreensis,2,3,6,10
G_pingreensis,2,3,6,10
G_pingreensis,2,3,6,10
G_pingreensis,2,3,6,10
G_pingreensis,2,3,6,10
G_pingreensis,2,3,6,10
G_pingreensis,2,3,6,10
G_pingreensis,2,3,6,10
G_pingreensis,2,3,6,10
G_pingreensis,2,3,6,10
G_pingreensis,2,3,6,10
G_pingreensis,2,3,6,10
G_pingreensis,2,3,6,10
G_pingreensis,2,3,6,10
G_pingreensis,2,3,6,10
G_pingreensis,2,3,6,10
G_pingreensis,2,3,6,10
G_pingreensis,2,3,6,10
G_pingreensis,2,3,6,10
G_pingreensis,2,3,6,10
G_pingreensis,2,3,6,10
G_pingreensis,2,3,6,10
G_pingreensis,2,3,6,10
G_pingreensis,2,3,6,10
G_pingreensis,2,3,6,10
G_pingreensis,2,3,6,10
G_pingreensis,2,3,6,10
G_pingreensis,2,3,6,10
G_pingreensis,2,3,6,11
G_pingreensis,2,3,6,11
G_pingreensis,2,3,7,9
G_pingreensis,2,3,7,9
G_pingreensis,2,3,7,9
G_pingreensis,2,3,7,9
G_pingreensis,2,3,7,9
G_pingreensis,2,3,7,9
G_pingreensis,2,3,7,9
G_pingreensis,2,3,7,9
G_pingreensis,2,3,7,9
G_pingreensis,2,3,7,9
G_pingreensis,2,3,7,9
G_pingreensis,2,3,7,9
G_pingreensis,2,3,7,9
G_pingreensis,2,3,7,9
G_pingreensis,2,3,7,9
G_pingreensis,2,3,7,9
G_pingreensis,2,3,7,9
G_pingreensis,2,3,7,9
G_pingreensis,2,3,7,9
G_pingreensis,2,3,7,10
G_pingreensis,2,3,7,10
G_pingreensis,2,3,7,10
G_pingreensis,2,3,7,10
G_pingreensis,2,3,7,10
G_pingreensis,2,3,7,10
G_pingreensis,2,3,7,10
G_pingreensis,2,3,7,10
G_pingreensis,2,3,7,10
G_pingreensis,2,3,7,10
G_pingreensis,2,3,7,10
G_pingreensis,2,3,7,10
G_pingreensis,2,3,7,10
G_pingreensis,2,3,7,10
G_pingreensis,2,3,7,10
G_pingreensis,2,3,7,10
G_pingreensis,2,3,7,10
G_pingreensis,2,3,7,10
G_pingreensis,2,3,7,10
G_pingreensis,2,3,7,10
G_pingreensis,2,3,7,10
G_pingreensis,2,3,7,10
G_pingreensis,2,3,7,10
G_pingreensis,2,3,7,10
G_pingreensis,2,3,7,10
G_pingreensis,2,3,7,10
G_pingreensis,2,3,7,10
G_pingreensis,2,3,7,10
G_pingreensis,2,3,7,10
G_pingreensis,2,3,7,10
G_pingreensis,2,3,7,10
G_pingreensis,2,3,7,10
G_pingreensis,2,3,7,10
G_pingreensis,2,3,7,10
G_pingreensis,2,3,7,10
G_pingreensis,2,3,7,10
G_pingreensis,2,3,7,10
G_pingreensis,2,3,7,10
G_pingreensis,2,3,7,10
G_pingreensis,2,3,7,10
G_pingreensis,2,3,7,10
G_pingreensis,2,3,7,11
G_pingreensis,2,3,7,11
G_pingreensis,2,3,7,11
G_pingreensis,2,3,7,11
G_pingreensis,2,3,8,10
G_pingreensis,2,3,8,10
G_pingreensis,2,3,8,10
G_pingreensis,2,3,8,10
G_pingreensis,2,3,8,10
G_pingreensis,2,3,8,10
G_pingreensis,2,3,8,10
G_pingreensis,2,3,8,10
G_pingreensis,2,3,8,10
G_pingreensis,2,3,8,10
G_pingreensis,2,3,8,10
G_pingreensis,2,3,8,10
G_pingreensis,2,3,8,10
G_pingreensis,2,3,8,11
G_pingreensis,2,3,8,11
G_pingreensis,2,3,8,11
G_pingreensis,2,3,8,11
G_pingreensis,2,3,8,11
G_pingreensis,2,3,8,11
G_pingreensis,2,3,8,11
G_pingreensis,2,3,8,11
G_pingreensis,2,3,8,11
G_pingreensis,2,3,8,11
G_pingreensis,2,3,8,11
G_pingreensis,2,3,8,11
G_pingreensis,2,3,8,11
G_pingreensis,2,3,8,11
G_pingreensis,2,3,8,11
G_pingreensis,2,3,8,11
G_pingreensis,2,3,8,11
G_pingreensis,2,3,8,11
G_pingreensis,2,3,8,11
G_pingreensis,2,3,8,11
G_pingreensis,2,3,8,11
G_pingreensis,2,3,8,11
G_pingreensis,2,3,8,11
G_pingreensis,2,3,8,11
G_pingreensis,2,3,8,11
G_pingreensis,2,3,8,11
G_pingreensis,2,3,8,11
G_pingreensis,2,3,8,11
G_pingreensis,2,3,8,11
G_pingreensis,2,3,8,11
G_pingreensis,2,3,8,11
G_pingreensis,2,3,8,11
G_pingreensis,2,3,8,11
G_pingreensis,2,3,8,11
G_pingreensis,2,3,8,11
G_pingreensis,2,3,8,12
G_pingreensis,2,3,8,12
G_pingreensis,2,3,8,12
G_pingreensis,2,3,8,12
G_pingreensis,2,3,8,12
G_pingreensis,2,3,8,12
G_pingreensis,2,3,8,12
G_pingreensis,2,3,8,12
G_pingreensis,2,3,8,12
G_pingreensis,2,3,8,12
G_pingreensis,2,3,8,12
G_pingreensis,2,3,8,13
G_pingreensis,2,3,8,13
G_pingreensis,2,3,8,13
G_pingreensis,2,4,1,13
G_pingreensis,2,4,1,13
G_pingreensis,2,4,1,13
G_pingreensis,2,4,1,13
G_pingreensis,2,4,1,13
G_pingreensis,2,4,1,13
G_pingreensis,2,4,1,13
G_pingreensis,2,4,1,13
G_pingreensis,2,4,1,13
G_pingreensis,2,4,1,13
G_pingreensis,2,4,1,13
G_pingreensis,2,4,1,13
G_pingreensis,2,4,1,13
G_pingreensis,2,4,1,13
G_pingreensis,2,4,1,13
G_pingreensis,2,4,1,13
G_pingreensis,2,4,1,13
G_pingreensis,2,4,1,13
G_pingreensis,2,4,1,13
G_pingreensis,2,4,1,13
G_pingreensis,2,4,1,13
G_pingreensis,2,4,1,13
G_pingreensis,2,4,1,13
G_pingreensis,2,4,1,13
G_pingreensis,2,4,1,13
G_pingreensis,2,4,1,13
G_pingreensis,2,4,1,14
G_pingreensis,2,4,1,14
G_pingreensis,2,4,1,14
G_pingreensis,2,4,1,14
G_pingreensis,2,4,1,14
G_pingreensis,2,4,1,14
G_pingreensis,2,4,1,14
G_pingreensis,2,4,1,14
G_pingreensis,2,4,1,14
G_pingreensis,2,4,1,14
G_pingreensis,2,4,1,14
G_pingreensis,2,4,1,14
G_pingreensis,2,4,1,14
G_pingreensis,2,4,1,14
G_pingreensis,2,4,1,14
G_pingreensis,2,4,1,14
G_pingreensis,2,4,1,14
G_pingreensis,2,4,1,14
G_pingreensis,2,4,1,14
G_pingreensis,2,4,1,14
G_pingreensis,2,4,1,14
G_pingreensis,2,4,1,14
G_pingreensis,2,4,1,14
G_pingreensis,2,4,1,14
G_pingreensis,2,4,1,14
G_pingreensis,2,4,1,14
G_pingreensis,2,4,1,14
G_pingreensis,2,4,1,14
G_pingreensis,2,4,1,14
G_pingreensis,2,4,1,14
G_pingreensis,2,4,1,14
G_pingreensis,2,4,1,14
G_pingreensis,2,4,1,14
G_pingreensis,2,4,1,14
G_pingreensis,2,4,1,14
G_pingreensis,2,4,1,15
G_pingreensis,2,4,1,15
G_pingreensis,2,4,2,13
G_pingreensis,2,4,2,13
G_pingreensis,2,4,2,13
G_pingreensis,2,4,2,14
G_pingreensis,2,4,2,14
G_pingreensis,2,4,2,14
G_pingreensis,2,4,2,14
G_pingreensis,2,4,2,14
G_pingreensis,2,4,2,14
G_pingreensis,2,4,2,14
G_pingreensis,2,4,2,14
G_pingreensis,2,4,2,14
G_pingreensis,2,4,2,14
G_pingreensis,2,4,2,14
G_pingreensis,2,4,2,14
G_pingreensis,2,4,2,14
G_pingreensis,2,4,2,14
G_pingreensis,2,4,2,14
G_pingreensis,2,4,2,14
G_pingreensis,2,4,2,14
G_pingreensis,2,4,2,14
G_pingreensis,2,4,2,14
G_pingreensis,2,4,2,14
G_pingreensis,2,4,2,14
G_pingreensis,2,4,2,14
G_pingreensis,2,4,2,15
G_pingreensis,2,4,2,15
G_pingreensis,2,4,2,15
G_pingreensis,2,4,2,15
G_pingreensis,2,4,2,15
G_pingreensis,2,4,2,15
G_pingreensis,2,4,2,15
G_pingreensis,2,4,2,15
G_pingreensis,2,4,2,15
G_pingreensis,2,4,2,15
G_pingreensis,2,4,2,15
G_pingreensis,2,4,2,15
G_pingreensis,2,4,2,15
G_pingreensis,2,4,2,15
G_pingreensis,2,4,2,15
G_pingreensis,2,4,2,15
G_pingreensis,2,4,2,15
G_pingreensis,2,4,2,15
G_pingreensis,2,4,2,15
G_pingreensis,2,4,2,15
G_pingreensis,2,4,2,15
G_pingreensis,2,4,2,15
G_pingreensis,2,4,2,15
G_pingreensis,2,4,2,15
G_pingreensis,2,4,2,15
G_pingreensis,2,4,2,15
G_pingreensis,2,4,2,15
G_pingreensis,2,4,2,15
G_pingreensis,2,4,2,15
G_pingreensis,2,4,2,15
G_pingreensis,2,4,2,15
G_pingreensis,2,4,2,16
G_pingreensis,2,4,2,16
G_pingreensis,2,4,2,16
G_pingreensis,2,4,2,16
G_pingreensis,2,4,2,16
G_pingreensis,2,4,2,16
G_pingreensis,2,4,2,16
G_pingreensis,2,4,2,16
G_pingreensis,2,4,3,13
G_pingreensis,2,4,3,13
G_pingreensis,2,4,3,13
G_pingreensis,2,4,3,13
G_pingreensis,2,4,3,13
G_pingreensis,2,4,3,14
G_pingreensis,2,4,3,14
G_pingreensis,2,4,3,14
G_pingreensis,2,4,3,14
G_pingreensis,2,4,3,14
G_pingreensis,2,4,3,14
G_pingreensis,2,4,3,14
G_pingreensis,2,4,3,14
G_pingreensis,2,4,3,14
G_pingreensis,2,4,3,14
G_pingreensis,2,4,3,14
G_pingreensis,2,4,3,14
G_pingreensis,2,4,3,14
G_pingreensis,2,4,3,14
G_pingreensis,2,4,3,14
G_pingreensis,2,4,3,14
G_pingreensis,2,4,3,14
G_pingreensis,2,4,3,14
G_pingreensis,2,4,3,14
G_pingreensis,2,4,3,14
G_pingreensis,2,4,3,14
G_pingreensis,2,4,3,14
G_pingreensis,2,4,3,14
G_pingreensis,2,4,3,14
G_pingreensis,2,4,3,14
G_pingreensis,2,4,3,14
G_pingreensis,2,4,3,14
G_pingreensis,2,4,3,14
G_pingreensis,2,4,3,14
G_pingreensis,2,4,3,14
G_pingreensis,2,4,3,14
G_pingreensis,2,4,3,14
G_pingreensis,2,4,3,14
G_pingreensis,2,4,3,14
G_pingreensis,2,4,3,14
G_pingreensis,2,4,3,15
G_pingreensis,2,4,3,15
G_pingreensis,2,4,3,15
G_pingreensis,2,4,3,15
G_pingreensis,2,4,3,15
G_pingreensis,2,4,3,15
G_pingreensis,2,4,3,15
G_pingreensis,2,4,3,15
G_pingreensis,2,4,3,15
G_pingreensis,2,4,3,15
G_pingreensis,2,4,3,15
G_pingreensis,2,4,3,15
G_pingreensis,2,4,3,15
G_pingreensis,2,4,3,15
G_pingreensis,2,4,3,15
G_pingreensis,2,4,3,15
G_pingreensis,2,4,3,15
G_pingreensis,2,4,3,15
G_pingreensis,2,4,3,15
G_pingreensis,2,4,3,15
G_pingreensis,2,4,3,16
G_pingreensis,2,4,3,17
G_pingreensis,2,4,3,17
G_pingreensis,2,4,4,12
G_pingreensis,2,4,4,13
G_pingreensis,2,4,4,13
G_pingreensis,2,4,4,13
G_pingreensis,2,4,4,13
G_pingreensis,2,4,4,13
G_pingreensis,2,4,4,13
G_pingreensis,2,4,4,13
G_pingreensis,2,4,4,13
G_pingreensis,2,4,4,13
G_pingreensis,2,4,4,13
G_pingreensis,2,4,4,13
G_pingreensis,2,4,4,13
G_pingreensis,2,4,4,13
G_pingreensis,2,4,4,13
G_pingreensis,2,4,4,13
G_pingreensis,2,4,4,13
G_pingreensis,2,4,4,13
G_pingreensis,2,4,4,13
G_pingreensis,2,4,4,13
G_pingreensis,2,4,4,13
G_pingreensis,2,4,4,13
G_pingreensis,2,4,4,13
G_pingreensis,2,4,4,13
G_pingreensis,2,4,4,13
G_pingreensis,2,4,4,13
G_pingreensis,2,4,4,13
G_pingreensis,2,4,4,13
G_pingreensis,2,4,4,13
G_pingreensis,2,4,4,13
G_pingreensis,2,4,4,13
G_pingreensis,2,4,4,14
G_pingreensis,2,4,4,14
G_pingreensis,2,4,4,14
G_pingreensis,2,4,4,14
G_pingreensis,2,4,4,14
G_pingreensis,2,4,4,14
G_pingreensis,2,4,4,14
G_pingreensis,2,4,4,14
G_pingreensis,2,4,4,14
G_pingreensis,2,4,4,14
G_pingreensis,2,4,4,14
G_pingreensis,2,4,4,14
G_pingreensis,2,4,4,14
G_pingreensis,2,4,4,14
G_pingreensis,2,4,4,14
G_pingreensis,2,4,4,14
G_pingreensis,2,4,4,14
G_pingreensis,2,4,4,14
G_pingreensis,2,4,4,14
G_pingreensis,2,4,4,14
G_pingreensis,2,4,4,14
G_pingreensis,2,4,4,14
G_pingreensis,2,4,4,14
G_pingreensis,2,4,4,14
G_pingreensis,2,4,4,14
G_pingreensis,2,4,4,15
G_pingreensis,2,4,4,15
G_pingreensis,2,4,4,15
G_pingreensis,2,4,4,15
G_pingreensis,2,4,4,15
G_pingreensis,2,4,5,13
G_pingreensis,2,4,5,13
G_pingreensis,2,4,5,14
G_pingreensis,2,4,5,14
G_pingreensis,2,4,5,14
G_pingreensis,2,4,5,14
G_pingreensis,2,4,5,14
G_pingreensis,2,4,5,14
G_pingreensis,2,4,5,14
G_pingreensis,2,4,5,14
G_pingreensis,2,4,5,14
G_pingreensis,2,4,5,14
G_pingreensis,2,4,5,14
G_pingreensis,2,4,5,14
G_pingreensis,2,4,5,14
G_pingreensis,2,4,5,14
G_pingreensis,2,4,5,14
G_pingreensis,2,4,5,14
G_pingreensis,2,4,5,14
G_pingreensis,2,4,5,14
G_pingreensis,2,4,5,14
G_pingreensis,2,4,5,14
G_pingreensis,2,4,5,14
G_pingreensis,2,4,5,14
G_pingreensis,2,4,5,14
G_pingreensis,2,4,5,14
G_pingreensis,2,4,5,15
G_pingreensis,2,4,5,15
G_pingreensis,2,4,5,15
G_pingreensis,2,4,5,15
G_pingreensis,2,4,5,15
G_pingreensis,2,4,5,15
G_pingreensis,2,4,5,15
G_pingreensis,2,4,5,15
G_pingreensis,2,4,5,15
G_pingreensis,2,4,5,15
G_pingreensis,2,4,5,15
G_pingreensis,2,4,5,15
G_pingreensis,2,4,5,15
G_pingreensis,2,4,5,15
G_pingreensis,2,4,5,15
G_pingreensis,2,4,5,15
G_pingreensis,2,4,5,15
G_pingreensis,2,4,5,15
G_pingreensis,2,4,5,15
G_pingreensis,2,4,5,15
G_pingreensis,2,4,5,15
G_pingreensis,2,4,5,15
G_pingreensis,2,4,5,15
G_pingreensis,2,4,5,15
G_pingreensis,2,4,5,15
G_pingreensis,2,4,5,15
G_pingreensis,2,4,5,15
G_pingreensis,2,4,5,15
G_pingreensis,2,4,5,15
G_pingreensis,2,4,5,15
G_pingreensis,2,4,5,15
G_pingreensis,2,4,5,15
G_pingreensis,2,4,5,15
G_pingreensis,2,4,5,16
G_pingreensis,2,4,5,16
G_pingreensis,2,4,5,16
G_pingreensis,2,4,5,16
G_pingreensis,2,4,5,16
G_pingreensis,2,4,6,14
G_pingreensis,2,4,6,14
G_pingreensis,2,4,6,14
G_pingreensis,2,4,6,14
G_pingreensis,2,4,6,14
G_pingreensis,2,4,6,14
G_pingreensis,2,4,6,14
G_pingreensis,2,4,6,14
G_pingreensis,2,4,6,14
G_pingreensis,2,4,6,14
G_pingreensis,2,4,6,14
G_pingreensis,2,4,6,14
G_pingreensis,2,4,6,14
G_pingreensis,2,4,6,14
G_pingreensis,2,4,6,14
G_pingreensis,2,4,6,14
G_pingreensis,2,4,6,14
G_pingreensis,2,4,6,14
G_pingreensis,2,4,6,14
G_pingreensis,2,4,6,14
G_pingreensis,2,4,6,14
G_pingreensis,2,4,6,14
G_pingreensis,2,4,6,14
G_pingreensis,2,4,6,14
G_pingreensis,2,4,6,14
G_pingreensis,2,4,6,14
G_pingreensis,2,4,6,14
G_pingreensis,2,4,6,14
G_pingreensis,2,4,6,15
G_pingreensis,2,4,6,15
G_pingreensis,2,4,6,15
G_pingreensis,2,4,6,15
G_pingreensis,2,4,6,15
G_pingreensis,2,4,6,15
G_pingreensis,2,4,6,15
G_pingreensis,2,4,6,15
G_pingreensis,2,4,6,15
G_pingreensis,2,4,6,15
G_pingreensis,2,4,6,15
G_pingreensis,2,4,6,15
G_pingreensis,2,4,6,15
G_pingreensis,2,4,6,15
G_pingreensis,2,4,6,15
G_pingreensis,2,4,6,15
G_pingreensis,2,4,6,15
G_pingreensis,2,4,6,15
G_pingreensis,2,4,6,15
G_pingreensis,2,4,6,15
G_pingreensis,2,4,6,15
G_pingreensis,2,4,6,15
G_pingreensis,2,4,6,15
G_pingreensis,2,4,6,15
G_pingreensis,2,4,6,15
G_pingreensis,2,4,6,15
G_pingreensis,2,4,6,15
G_pingreensis,2,4,6,15
G_pingreensis,2,4,6,15
G_pingreensis,2,4,6,16
G_pingreensis,2,4,6,16
G_pingreensis,2,4,6,16
G_pingreensis,2,4,7,13
G_pingreensis,2,4,7,13
G_pingreensis,2,4,7,13
G_pingreensis,2,4,7,13
G_pingreensis,2,4,7,14
G_pingreensis,2,4,7,14
G_pingreensis,2,4,7,14
G_pingreensis,2,4,7,14
G_pingreensis,2,4,7,14
G_pingreensis,2,4,7,14
G_pingreensis,2,4,7,14
G_pingreensis,2,4,7,14
G_pingreensis,2,4,7,14
G_pingreensis,2,4,7,14
G_pingreensis,2,4,7,14
G_pingreensis,2,4,7,14
G_pingreensis,2,4,7,14
G_pingreensis,2,4,7,14
G_pingreensis,2,4,7,14
G_pingreensis,2,4,7,14
G_pingreensis,2,4,7,14
G_pingreensis,2,4,7,14
G_pingreensis,2,4,7,14
G_pingreensis,2,4,7,14
G_pingreensis,2,4,7,14
G_pingreensis,2,4,7,14
G_pingreensis,2,4,7,14
G_pingreensis,2,4,7,14
G_pingreensis,2,4,7,14
G_pingreensis,2,4,7,14
G_pingreensis,2,4,7,14
G_pingreensis,2,4,7,14
G_pingreensis,2,4,7,14
G_pingreensis,2,4,7,14
G_pingreensis,2,4,7,14
G_pingreensis,2,4,7,14
G_pingreensis,2,4,7,15
G_pingreensis,2,4,7,15
G_pingreensis,2,4,7,15
G_pingreensis,2,4,7,15
G_pingreensis,2,4,7,15
G_pingreensis,2,4,7,15
G_pingreensis,2,4,7,15
G_pingreensis,2,4,7,15
G_pingreensis,2,4,7,15
G_pingreensis,2,4,7,15
G_pingreensis,2,4,7,15
G_pingreensis,2,4,7,15
G_pingreensis,2,4,7,15
G_pingreensis,2,4,7,15
G_pingreensis,2,4,7,15
G_pingreensis,2,4,7,15
G_pingreensis,2,4,7,15
G_pingreensis,2,4,7,15
G_pingreensis,2,4,7,15
G_pingreensis,2,4,7,15
G_pingreensis,2,4,7,15
G_pingreensis,2,4,7,15
G_pingreensis,2,4,7,15
G_pingreensis,2,4,7,16
G_pingreensis,2,4,7,16
G_pingreensis,2,4,7,16
G_pingreensis,2,4,7,16
G_pingreensis,2,4,7,17
G_pingreensis,2,4,8,14
G_pingreensis,2,4,8,14
G_pingreensis,2,4,8,14
G_pingreensis,2,4,8,15
G_pingreensis,2,4,8,15
G_pingreensis,2,4,8,15
G_pingreensis,2,4,8,15
G_pingreensis,2,4,8,15
G_pingreensis,2,4,8,15
G_pingreensis,2,4,8,15
G_pingreensis,2,4,8,15
G_pingreensis,2,4,8,15
G_pingreensis,2,4,8,15
G_pingreensis,2,4,8,15
G_pingreensis,2,4,8,15
G_pingreensis,2,4,8,15
G_pingreensis,2,4,8,15
G_pingreensis,2,4,8,15
G_pingreensis,2,4,8,15
G_pingreensis,2,4,8,15
G_pingreensis,2,4,8,15
G_pingreensis,2,4,8,15
G_pingreensis,2,4,8,16
G_pingreensis,2,4,8,16
G_pingreensis,2,4,8,16
G_pingreensis,2,4,8,16
G_pingreensis,2,4,8,16
G_pingreensis,2,4,8,16
G_pingreensis,2,4,8,16
G_pingreensis,2,4,8,16
G_pingreensis,2,4,8,16
G_pingreensis,2,4,8,16
G_pingreensis,2,4,8,16
G_pingreensis,2,4,8,16
G_pingreensis,2,4,8,16
G_pingreensis,2,4,8,16
G_pingreensis,2,4,8,16
G_pingreensis,2,4,8,16
G_pingreensis,2,4,8,16
G_pingreensis,2,4,8,16
G_pingreensis,2,4,8,16
G_pingreensis,2,4,8,16
G_pingreensis,2,4,8,16
G_pingreensis,2,4,8,16
G_pingreensis,2,4,8,16
G_pingreensis,2,4,8,16
G_pingreensis,2,4,8,16
G_pingreensis,2,4,8,17
G_pingreensis,2,4,8,17
G_pingreensis,2,4,8,17
G_pingreensis,2,4,8,17
G_pingreensis,2,4,8,17
G_pingreensis,2,4,8,17
G_pingreensis,2,4,8,17
G_pingreensis,2,4,8,17
G_pingreensis,2,4,8,17
G_pingreensis,2,4,8,17
G_pingreensis,2,4,8,18
G_pingreensis,2,4,8,18
G_pingreensis,2,4,8,18
G_pingreensis,2,4,8,18
G_pingreensis,2,4,8,20
G_pingreensis,2,5,1,18
G_pingreensis,2,5,1,18
G_pingreensis,2,5,1,18
G_pingreensis,2,5,1,18
G_pingreensis,2,5,1,18
G_pingreensis,2,5,1,18
G_pingreensis,2,5,1,19
G_pingreensis,2,5,1,19
G_pingreensis,2,5,1,19
G_pingreensis,2,5,1,19
G_pingreensis,2,5,1,19
G_pingreensis,2,5,1,19
G_pingreensis,2,5,1,19
G_pingreensis,2,5,1,19
G_pingreensis,2,5,1,19
G_pingreensis,2,5,1,19
G_pingreensis,2,5,1,19
G_pingreensis,2,5,1,19
G_pingreensis,2,5,1,19
G_pingreensis,2,5,1,19
G_pingreensis,2,5,1,19
G_pingreensis,2,5,1,19
G_pingreensis,2,5,1,19
G_pingreensis,2,5,1,19
G_pingreensis,2,5,1,19
G_pingreensis,2,5,1,19
G_pingreensis,2,5,1,19
G_pingreensis,2,5,1,19
G_pingreensis,2,5,1,19
G_pingreensis,2,5,1,19
G_pingreensis,2,5,1,20
G_pingreensis,2,5,1,20
G_pingreensis,2,5,1,20
G_pingreensis,2,5,1,20
G_pingreensis,2,5,1,20
G_pingreensis,2,5,1,20
G_pingreensis,2,5,1,20
G_pingreensis,2,5,1,20
G_pingreensis,2,5,1,20
G_pingreensis,2,5,1,20
G_pingreensis,2,5,1,20
G_pingreensis,2,5,1,20
G_pingreensis,2,5,1,20
G_pingreensis,2,5,1,20
G_pingreensis,2,5,1,20
G_pingreensis,2,5,1,20
G_pingreensis,2,5,1,20
G_pingreensis,2,5,1,20
G_pingreensis,2,5,1,20
G_pingreensis,2,5,1,20
G_pingreensis,2,5,1,20
G_pingreensis,2,5,1,20
G_pingreensis,2,5,1,20
G_pingreensis,2,5,1,20
G_pingreensis,2,5,1,20
G_pingreensis,2,5,1,20
G_pingreensis,2,5,1,20
G_pingreensis,2,5,1,20
G_pingreensis,2,5,1,20
G_pingreensis,2,5,1,20
G_pingreensis,2,5,1,20
G_pingreensis,2,5,1,20
G_pingreensis,2,5,1,21
G_pingreensis,2,5,2,18
G_pingreensis,2,5,2,18
G_pingreensis,2,5,2,19
G_pingreensis,2,5,2,19
G_pingreensis,2,5,2,19
G_pingreensis,2,5,2,19
G_pingreensis,2,5,2,19
G_pingreensis,2,5,2,19
G_pingreensis,2,5,2,19
G_pingreensis,2,5,2,19
G_pingreensis,2,5,2,19
G_pingreensis,2,5,2,19
G_pingreensis,2,5,2,19
G_pingreensis,2,5,2,19
G_pingreensis,2,5,2,19
G_pingreensis,2,5,2,19
G_pingreensis,2,5,2,19
G_pingreensis,2,5,2,19
G_pingreensis,2,5,2,20
G_pingreensis,2,5,2,20
G_pingreensis,2,5,2,20
G_pingreensis,2,5,2,20
G_pingreensis,2,5,2,20
G_pingreensis,2,5,2,20
G_pingreensis,2,5,2,20
G_pingreensis,2,5,2,20
G_pingreensis,2,5,2,20
G_pingreensis,2,5,2,20
G_pingreensis,2,5,2,20
G_pingreensis,2,5,2,20
G_pingreensis,2,5,2,20
G_pingreensis,2,5,2,20
G_pingreensis,2,5,2,20
G_pingreensis,2,5,2,20
G_pingreensis,2,5,2,20
G_pingreensis,2,5,2,20
G_pingreensis,2,5,2,20
G_pingreensis,2,5,2,20
G_pingreensis,2,5,2,20
G_pingreensis,2,5,2,20
G_pingreensis,2,5,2,20
G_pingreensis,2,5,2,20
G_pingreensis,2,5,2,21
G_pingreensis,2,5,2,21
G_pingreensis,2,5,2,21
G_pingreensis,2,5,2,21
G_pingreensis,2,5,2,21
G_pingreensis,2,5,2,21
G_pingreensis,2,5,2,21
G_pingreensis,2,5,2,21
G_pingreensis,2,5,2,21
G_pingreensis,2,5,2,21
G_pingreensis,2,5,2,21
G_pingreensis,2,5,2,21
G_pingreensis,2,5,2,21
G_pingreensis,2,5,2,21
G_pingreensis,2,5,2,21
G_pingreensis,2,5,2,21
G_pingreensis,2,5,2,22
G_pingreensis,2,5,2,22
G_pingreensis,2,5,2,22
G_pingreensis,2,5,3,18
G_pingreensis,2,5,3,19
G_pingreensis,2,5,3,19
G_pingreensis,2,5,3,19
G_pingreensis,2,5,3,19
G_pingreensis,2,5,3,19
G_pingreensis,2,5,3,19
G_pingreensis,2,5,3,20
G_pingreensis,2,5,3,20
G_pingreensis,2,5,3,20
G_pingreensis,2,5,3,20
G_pingreensis,2,5,3,20
G_pingreensis,2,5,3,20
G_pingreensis,2,5,3,20
G_pingreensis,2,5,3,20
G_pingreensis,2,5,3,20
G_pingreensis,2,5,3,20
G_pingreensis,2,5,3,20
G_pingreensis,2,5,3,20
G_pingreensis,2,5,3,20
G_pingreensis,2,5,3,20
G_pingreensis,2,5,3,20
G_pingreensis,2,5,3,20
G_pingreensis,2,5,3,20
G_pingreensis,2,5,3,20
G_pingreensis,2,5,3,20
G_pingreensis,2,5,3,20
G_pingreensis,2,5,3,20
G_pingreensis,2,5,3,20
G_pingreensis,2,5,3,20
G_pingreensis,2,5,3,20
G_pingreensis,2,5,3,20
G_pingreensis,2,5,3,20
G_pingreensis,2,5,3,20
G_pingreensis,2,5,3,20
G_pingreensis,2,5,3,20
G_pingreensis,2,5,3,20
G_pingreensis,2,5,3,20
G_pingreensis,2,5,3,21
G_pingreensis,2,5,3,21
G_pingreensis,2,5,3,21
G_pingreensis,2,5,3,21
G_pingreensis,2,5,3,21
G_pingreensis,2,5,3,21
G_pingreensis,2,5,3,21
G_pingreensis,2,5,3,21
G_pingreensis,2,5,3,21
G_pingreensis,2,5,3,21
G_pingreensis,2,5,3,21
G_pingreensis,2,5,3,21
G_pingreensis,2,5,3,21
G_pingreensis,2,5,3,21
G_pingreensis,2,5,3,21
G_pingreensis,2,5,3,21
G_pingreensis,2,5,3,21
G_pingreensis,2,5,3,21
G_pingreensis,2,5,3,21
G_pingreensis,2,5,3,21
G_pingreensis,2,5,3,22
G_pingreensis,2,5,3,24
G_pingreensis,2,5,3,25
G_pingreensis,2,5,4,18
G_pingreensis,2,5,4,18
G_pingreensis,2,5,4,18
G_pingreensis,2,5,4,18
G_pingreensis,2,5,4,18
G_pingreensis,2,5,4,18
G_pingreensis,2,5,4,19
G_pingreensis,2,5,4,19
G_pingreensis,2,5,4,19
G_pingreensis,2,5,4,19
G_pingreensis,2,5,4,19
G_pingreensis,2,5,4,19
G_pingreensis,2,5,4,19
G_pingreensis,2,5,4,19
G_pingreensis,2,5,4,19
G_pingreensis,2,5,4,19
G_pingreensis,2,5,4,19
G_pingreensis,2,5,4,19
G_pingreensis,2,5,4,19
G_pingreensis,2,5,4,19
G_pingreensis,2,5,4,19
G_pingreensis,2,5,4,19
G_pingreensis,2,5,4,19
G_pingreensis,2,5,4,19
G_pingreensis,2,5,4,19
G_pingreensis,2,5,4,20
G_pingreensis,2,5,4,20
G_pingreensis,2,5,4,20
G_pingreensis,2,5,4,20
G_pingreensis,2,5,4,20
G_pingreensis,2,5,4,20
G_pingreensis,2,5,4,20
G_pingreensis,2,5,4,20
G_pingreensis,2,5,4,20
G_pingreensis,2,5,4,20
G_pingreensis,2,5,4,20
G_pingreensis,2,5,4,20
G_pingreensis,2,5,4,20
G_pingreensis,2,5,4,20
G_pingreensis,2,5,4,20
G_pingreensis,2,5,4,20
G_pingreensis,2,5,4,20
G_pingreensis,2,5,4,20
G_pingreensis,2,5,4,20
G_pingreensis,2,5,4,20
G_pingreensis,2,5,4,20
G_pingreensis,2,5,4,20
G_pingreensis,2,5,4,20
G_pingreensis,2,5,4,20
G_pingreensis,2,5,4,20
G_pingreensis,2,5,4,20
G_pingreensis,2,5,4,20
G_pingreensis,2,5,4,20
G_pingreensis,2,5,4,21
G_pingreensis,2,5,4,21
G_pingreensis,2,5,4,21
G_pingreensis,2,5,4,21
G_pingreensis,2,5,4,21
G_pingreensis,2,5,4,21
G_pingreensis,2,5,5,19
G_pingreensis,2,5,5,19
G_pingreensis,2,5,5,20
G_pingreensis,2,5,5,20
G_pingreensis,2,5,5,20
G_pingreensis,2,5,5,20
G_pingreensis,2,5,5,20
G_pingreensis,2,5,5,20
G_pingreensis,2,5,5,20
G_pingreensis,2,5,5,20
G_pingreensis,2,5,5,20
G_pingreensis,2,5,5,20
G_pingreensis,2,5,5,20
G_pingreensis,2,5,5,20
G_pingreensis,2,5,5,20
G_pingreensis,2,5,5,20
G_pingreensis,2,5,5,20
G_pingreensis,2,5,5,20
G_pingreensis,2,5,5,20
G_pingreensis,2,5,5,20
G_pingreensis,2,5,5,21
G_pingreensis,2,5,5,21
G_pingreensis,2,5,5,21
G_pingreensis,2,5,5,21
G_pingreensis,2,5,5,21
G_pingreensis,2,5,5,21
G_pingreensis,2,5,5,21
G_pingreensis,2,5,5,21
G_pingreensis,2,5,5,21
G_pingreensis,2,5,5,21
G_pingreensis,2,5,5,21
G_pingreensis,2,5,5,21
G_pingreensis,2,5,5,21
G_pingreensis,2,5,5,21
G_pingreensis,2,5,5,21
G_pingreensis,2,5,5,21
G_pingreensis,2,5,5,21
G_pingreensis,2,5,5,21
G_pingreensis,2,5,5,21
G_pingreensis,2,5,5,21
G_pingreensis,2,5,5,21
G_pingreensis,2,5,5,21
G_pingreensis,2,5,5,21
G_pingreensis,2,5,5,21
G_pingreensis,2,5,5,21
G_pingreensis,2,5,5,22
G_pingreensis,2,5,5,22
G_pingreensis,2,5,5,22
G_pingreensis,2,5,5,22
G_pingreensis,2,5,5,22
G_pingreensis,2,5,5,22
G_pingreensis,2,5,5,22
G_pingreensis,2,5,5,22
G_pingreensis,2,5,5,22
G_pingreensis,2,5,5,22
G_pingreensis,2,5,5,22
G_pingreensis,2,5,5,22
G_pingreensis,2,5,5,22
G_pingreensis,2,5,5,22
G_pingreensis,2,5,5,22
G_pingreensis,2,5,5,22
G_pingreensis,2,5,5,23
G_pingreensis,2,5,6,19
G_pingreensis,2,5,6,19
G_pingreensis,2,5,6,20
G_pingreensis,2,5,6,20
G_pingreensis,2,5,6,20
G_pingreensis,2,5,6,20
G_pingreensis,2,5,6,20
G_pingreensis,2,5,6,20
G_pingreensis,2,5,6,20
G_pingreensis,2,5,6,20
G_pingreensis,2,5,6,20
G_pingreensis,2,5,6,20
G_pingreensis,2,5,6,20
G_pingreensis,2,5,6,20
G_pingreensis,2,5,6,20
G_pingreensis,2,5,6,20
G_pingreensis,2,5,6,20
G_pingreensis,2,5,6,20
G_pingreensis,2,5,6,20
G_pingreensis,2,5,6,20
G_pingreensis,2,5,6,20
G_pingreensis,2,5,6,20
G_pingreensis,2,5,6,21
G_pingreensis,2,5,6,21
G_pingreensis,2,5,6,21
G_pingreensis,2,5,6,21
G_pingreensis,2,5,6,21
G_pingreensis,2,5,6,21
G_pingreensis,2,5,6,21
G_pingreensis,2,5,6,21
G_pingreensis,2,5,6,21
G_pingreensis,2,5,6,21
G_pingreensis,2,5,6,21
G_pingreensis,2,5,6,21
G_pingreensis,2,5,6,21
G_pingreensis,2,5,6,21
G_pingreensis,2,5,6,21
G_pingreensis,2,5,6,21
G_pingreensis,2,5,6,21
G_pingreensis,2,5,6,21
G_pingreensis,2,5,6,21
G_pingreensis,2,5,6,21
G_pingreensis,2,5,6,21
G_pingreensis,2,5,6,21
G_pingreensis,2,5,6,21
G_pingreensis,2,5,6,21
G_pingreensis,2,5,6,21
G_pingreensis,2,5,6,21
G_pingreensis,2,5,6,21
G_pingreensis,2,5,6,21
G_pingreensis,2,5,6,21
G_pingreensis,2,5,6,21
G_pingreensis,2,5,6,21
G_pingreensis,2,5,6,21
G_pingreensis,2,5,6,22
G_pingreensis,2,5,6,22
G_pingreensis,2,5,6,23
G_pingreensis,2,5,6,23
G_pingreensis,2,5,6,23
G_pingreensis,2,5,7,19
G_pingreensis,2,5,7,19
G_pingreensis,2,5,7,19
G_pingreensis,2,5,7,19
G_pingreensis,2,5,7,19
G_pingreensis,2,5,7,19
G_pingreensis,2,5,7,19
G_pingreensis,2,5,7,19
G_pingreensis,2,5,7,19
G_pingreensis,2,5,7,19
G_pingreensis,2,5,7,19
G_pingreensis,2,5,7,19
G_pingreensis,2,5,7,20
G_pingreensis,2,5,7,20
G_pingreensis,2,5,7,20
G_pingreensis,2,5,7,20
G_pingreensis,2,5,7,20
G_pingreensis,2,5,7,20
G_pingreensis,2,5,7,20
G_pingreensis,2,5,7,20
G_pingreensis,2,5,7,20
G_pingreensis,2,5,7,20
G_pingreensis,2,5,7,20
G_pingreensis,2,5,7,20
G_pingreensis,2,5,7,20
G_pingreensis,2,5,7,20
G_pingreensis,2,5,7,20
G_pingreensis,2,5,7,20
G_pingreensis,2,5,7,20
G_pingreensis,2,5,7,20
G_pingreensis,2,5,7,20
G_pingreensis,2,5,7,20
G_pingreensis,2,5,7,20
G_pingreensis,2,5,7,20
G_pingreensis,2,5,7,20
G_pingreensis,2,5,7,20
G_pingreensis,2,5,7,21
G_pingreensis,2,5,7,21
G_pingreensis,2,5,7,21
G_pingreensis,2,5,7,21
G_pingreensis,2,5,7,21
G_pingreensis,2,5,7,21
G_pingreensis,2,5,7,21
G_pingreensis,2,5,7,21
G_pingreensis,2,5,7,21
G_pingreensis,2,5,7,21
G_pingreensis,2,5,7,21
G_pingreensis,2,5,7,21
G_pingreensis,2,5,7,21
G_pingreensis,2,5,7,21
G_pingreensis,2,5,7,21
G_pingreensis,2,5,7,21
G_pingreensis,2,5,7,21
G_pingreensis,2,5,7,21
G_pingreensis,2,5,7,21
G_pingreensis,2,5,7,22
G_pingreensis,2,5,7,22
G_pingreensis,2,5,7,22
G_pingreensis,2,5,7,22
G_pingreensis,2,5,7,22
G_pingreensis,2,5,7,22
G_pingreensis,2,5,7,23
G_pingreensis,2,5,7,23
G_pingreensis,2,5,7,23
G_pingreensis,2,5,8,20
G_pingreensis,2,5,8,20
G_pingreensis,2,5,8,20
G_pingreensis,2,5,8,20
G_pingreensis,2,5,8,20
G_pingreensis,2,5,8,20
G_pingreensis,2,5,8,20
G_pingreensis,2,5,8,20
G_pingreensis,2,5,8,20
G_pingreensis,2,5,8,21
G_pingreensis,2,5,8,21
G_pingreensis,2,5,8,21
G_pingreensis,2,5,8,21
G_pingreensis,2,5,8,21
G_pingreensis,2,5,8,21
G_pingreensis,2,5,8,21
G_pingreensis,2,5,8,21
G_pingreensis,2,5,8,21
G_pingreensis,2,5,8,21
G_pingreensis,2,5,8,21
G_pingreensis,2,5,8,21
G_pingreensis,2,5,8,21
G_pingreensis,2,5,8,21
G_pingreensis,2,5,8,21
G_pingreensis,2,5,8,22
G_pingreensis,2,5,8,22
G_pingreensis,2,5,8,22
G_pingreensis,2,5,8,22
G_pingreensis,2,5,8,22
G_pingreensis,2,5,8,22
G_pingreensis,2,5,8,22
G_pingreensis,2,5,8,22
G_pingreensis,2,5,8,22
G_pingreensis,2,5,8,22
G_pingreensis,2,5,8,22
G_pingreensis,2,5,8,22
G_pingreensis,2,5,8,22
G_pingreensis,2,5,8,22
G_pingreensis,2,5,8,22
G_pingreensis,2,5,8,22
G_pingreensis,2,5,8,22
G_pingreensis,2,5,8,22
G_pingreensis,2,5,8,22
G_pingreensis,2,5,8,23
G_pingreensis,2,5,8,23
G_pingreensis,2,5,8,23
G_pingreensis,2,5,8,23
G_pingreensis,2,5,8,23
G_pingreensis,2,5,8,23
G_pingreensis,2,5,8,23
G_pingreensis,2,5,8,23
G_pingreensis,2,5,8,23
G_pingreensis,2,5,8,23
G_pingreensis,2,5,8,23
G_pingreensis,2,5,8,23
G_pingreensis,2,5,8,23
G_pingreensis,2,5,8,23
G_pingreensis,2,5,8,24
G_pingreensis,2,5,8,24
G_pingreensis,2,5,8,24
G_pingreensis,2,5,8,24
G_pingreensis,2,5,8,24
G_pingreensis,2,Adult,1,26
G_pingreensis,2,Adult,1,26
G_pingreensis,2,Adult,1,26
G_pingreensis,2,Adult,1,26
G_pingreensis,2,Adult,1,26
G_pingreensis,2,Adult,1,26
G_pingreensis,2,Adult,1,26
G_pingreensis,2,Adult,1,26
G_pingreensis,2,Adult,1,26
G_pingreensis,2,Adult,1,27
G_pingreensis,2,Adult,1,27
G_pingreensis,2,Adult,1,27
G_pingreensis,2,Adult,1,27
G_pingreensis,2,Adult,1,27
G_pingreensis,2,Adult,1,27
G_pingreensis,2,Adult,1,27
G_pingreensis,2,Adult,1,27
G_pingreensis,2,Adult,1,27
G_pingreensis,2,Adult,1,27
G_pingreensis,2,Adult,1,27
G_pingreensis,2,Adult,1,28
G_pingreensis,2,Adult,1,28
G_pingreensis,2,Adult,1,28
G_pingreensis,2,Adult,1,28
G_pingreensis,2,Adult,1,28
G_pingreensis,2,Adult,1,28
G_pingreensis,2,Adult,1,28
G_pingreensis,2,Adult,1,28
G_pingreensis,2,Adult,1,28
G_pingreensis,2,Adult,1,28
G_pingreensis,2,Adult,1,28
G_pingreensis,2,Adult,1,28
G_pingreensis,2,Adult,1,28
G_pingreensis,2,Adult,1,28
G_pingreensis,2,Adult,1,28
G_pingreensis,2,Adult,1,28
G_pingreensis,2,Adult,1,28
G_pingreensis,2,Adult,1,28
G_pingreensis,2,Adult,1,28
G_pingreensis,2,Adult,1,29
G_pingreensis,2,Adult,1,29
G_pingreensis,2,Adult,1,29
G_pingreensis,2,Adult,1,29
G_pingreensis,2,Adult,1,29
G_pingreensis,2,Adult,1,29
G_pingreensis,2,Adult,1,29
G_pingreensis,2,Adult,1,29
G_pingreensis,2,Adult,1,29
G_pingreensis,2,Adult,1,29
G_pingreensis,2,Adult,1,29
G_pingreensis,2,Adult,1,29
G_pingreensis,2,Adult,1,29
G_pingreensis,2,Adult,1,30
G_pingreensis,2,Adult,1,30
G_pingreensis,2,Adult,1,30
G_pingreensis,2,Adult,1,30
G_pingreensis,2,Adult,1,30
G_pingreensis,2,Adult,1,30
G_pingreensis,2,Adult,1,30
G_pingreensis,2,Adult,1,30
G_pingreensis,2,Adult,1,30
G_pingreensis,2,Adult,2,26
G_pingreensis,2,Adult,2,26
G_pingreensis,2,Adult,2,26
G_pingreensis,2,Adult,2,27
G_pingreensis,2,Adult,2,27
G_pingreensis,2,Adult,2,27
G_pingreensis,2,Adult,2,27
G_pingreensis,2,Adult,2,27
G_pingreensis,2,Adult,2,27
G_pingreensis,2,Adult,2,27
G_pingreensis,2,Adult,2,27
G_pingreensis,2,Adult,2,27
G_pingreensis,2,Adult,2,27
G_pingreensis,2,Adult,2,27
G_pingreensis,2,Adult,2,27
G_pingreensis,2,Adult,2,27
G_pingreensis,2,Adult,2,27
G_pingreensis,2,Adult,2,27
G_pingreensis,2,Adult,2,27
G_pingreensis,2,Adult,2,28
G_pingreensis,2,Adult,2,28
G_pingreensis,2,Adult,2,28
G_pingreensis,2,Adult,2,28
G_pingreensis,2,Adult,2,28
G_pingreensis,2,Adult,2,28
G_pingreensis,2,Adult,2,28
G_pingreensis,2,Adult,2,28
G_pingreensis,2,Adult,2,28
G_pingreensis,2,Adult,2,28
G_pingreensis,2,Adult,2,28
G_pingreensis,2,Adult,2,28
G_pingreensis,2,Adult,2,29
G_pingreensis,2,Adult,2,29
G_pingreensis,2,Adult,2,29
G_pingreensis,2,Adult,2,29
G_pingreensis,2,Adult,2,29
G_pingreensis,2,Adult,2,29
G_pingreensis,2,Adult,2,29
G_pingreensis,2,Adult,2,29
G_pingreensis,2,Adult,2,29
G_pingreensis,2,Adult,2,29
G_pingreensis,2,Adult,2,29
G_pingreensis,2,Adult,2,29
G_pingreensis,2,Adult,2,29
G_pingreensis,2,Adult,2,30
G_pingreensis,2,Adult,2,30
G_pingreensis,2,Adult,2,30
G_pingreensis,2,Adult,2,30
G_pingreensis,2,Adult,2,30
G_pingreensis,2,Adult,2,30
G_pingreensis,2,Adult,2,30
G_pingreensis,2,Adult,2,30
G_pingreensis,2,Adult,2,30
G_pingreensis,2,Adult,2,30
G_pingreensis,2,Adult,2,30
G_pingreensis,2,Adult,2,30
G_pingreensis,2,Adult,2,30
G_pingreensis,2,Adult,2,30
G_pingreensis,2,Adult,2,30
G_pingreensis,2,Adult,2,31
G_pingreensis,2,Adult,2,32
G_pingreensis,2,Adult,3,26
G_pingreensis,2,Adult,3,27
G_pingreensis,2,Adult,3,27
G_pingreensis,2,Adult,3,27
G_pingreensis,2,Adult,3,27
G_pingreensis,2,Adult,3,27
G_pingreensis,2,Adult,3,27
G_pingreensis,2,Adult,3,27
G_pingreensis,2,Adult,3,28
G_pingreensis,2,Adult,3,28
G_pingreensis,2,Adult,3,28
G_pingreensis,2,Adult,3,28
G_pingreensis,2,Adult,3,28
G_pingreensis,2,Adult,3,28
G_pingreensis,2,Adult,3,28
G_pingreensis,2,Adult,3,28
G_pingreensis,2,Adult,3,28
G_pingreensis,2,Adult,3,28
G_pingreensis,2,Adult,3,28
G_pingreensis,2,Adult,3,29
G_pingreensis,2,Adult,3,29
G_pingreensis,2,Adult,3,29
G_pingreensis,2,Adult,3,29
G_pingreensis,2,Adult,3,29
G_pingreensis,2,Adult,3,29
G_pingreensis,2,Adult,3,29
G_pingreensis,2,Adult,3,29
G_pingreensis,2,Adult,3,29
G_pingreensis,2,Adult,3,29
G_pingreensis,2,Adult,3,29
G_pingreensis,2,Adult,3,29
G_pingreensis,2,Adult,3,29
G_pingreensis,2,Adult,3,29
G_pingreensis,2,Adult,3,29
G_pingreensis,2,Adult,3,29
G_pingreensis,2,Adult,3,29
G_pingreensis,2,Adult,3,29
G_pingreensis,2,Adult,3,29
G_pingreensis,2,Adult,3,30
G_pingreensis,2,Adult,3,30
G_pingreensis,2,Adult,3,30
G_pingreensis,2,Adult,3,30
G_pingreensis,2,Adult,3,30
G_pingreensis,2,Adult,3,30
G_pingreensis,2,Adult,3,30
G_pingreensis,2,Adult,3,30
G_pingreensis,2,Adult,3,30
G_pingreensis,2,Adult,3,30
G_pingreensis,2,Adult,3,30
G_pingreensis,2,Adult,3,30
G_pingreensis,2,Adult,3,30
G_pingreensis,2,Adult,3,30
G_pingreensis,2,Adult,3,30
G_pingreensis,2,Adult,3,30
G_pingreensis,2,Adult,3,30
G_pingreensis,2,Adult,3,30
G_pingreensis,2,Adult,3,31
G_pingreensis,2,Adult,3,31
G_pingreensis,2,Adult,3,33
G_pingreensis,2,Adult,3,34
G_pingreensis,2,Adult,4,26
G_pingreensis,2,Adult,4,26
G_pingreensis,2,Adult,4,26
G_pingreensis,2,Adult,4,27
G_pingreensis,2,Adult,4,27
G_pingreensis,2,Adult,4,27
G_pingreensis,2,Adult,4,27
G_pingreensis,2,Adult,4,27
G_pingreensis,2,Adult,4,27
G_pingreensis,2,Adult,4,27
G_pingreensis,2,Adult,4,27
G_pingreensis,2,Adult,4,27
G_pingreensis,2,Adult,4,27
G_pingreensis,2,Adult,4,27
G_pingreensis,2,Adult,4,27
G_pingreensis,2,Adult,4,28
G_pingreensis,2,Adult,4,28
G_pingreensis,2,Adult,4,28
G_pingreensis,2,Adult,4,28
G_pingreensis,2,Adult,4,28
G_pingreensis,2,Adult,4,28
G_pingreensis,2,Adult,4,28
G_pingreensis,2,Adult,4,28
G_pingreensis,2,Adult,4,28
G_pingreensis,2,Adult,4,28
G_pingreensis,2,Adult,4,28
G_pingreensis,2,Adult,4,28
G_pingreensis,2,Adult,4,28
G_pingreensis,2,Adult,4,28
G_pingreensis,2,Adult,4,28
G_pingreensis,2,Adult,4,28
G_pingreensis,2,Adult,4,28
G_pingreensis,2,Adult,4,28
G_pingreensis,2,Adult,4,28
G_pingreensis,2,Adult,4,28
G_pingreensis,2,Adult,4,28
G_pingreensis,2,Adult,4,29
G_pingreensis,2,Adult,4,29
G_pingreensis,2,Adult,4,29
G_pingreensis,2,Adult,4,29
G_pingreensis,2,Adult,4,29
G_pingreensis,2,Adult,4,29
G_pingreensis,2,Adult,4,29
G_pingreensis,2,Adult,4,29
G_pingreensis,2,Adult,4,29
G_pingreensis,2,Adult,4,29
G_pingreensis,2,Adult,4,29
G_pingreensis,2,Adult,4,29
G_pingreensis,2,Adult,4,29
G_pingreensis,2,Adult,4,29
G_pingreensis,2,Adult,4,29
G_pingreensis,2,Adult,4,30
G_pingreensis,2,Adult,4,30
G_pingreensis,2,Adult,4,30
G_pingreensis,2,Adult,4,30
G_pingreensis,2,Adult,5,28
G_pingreensis,2,Adult,5,28
G_pingreensis,2,Adult,5,28
G_pingreensis,2,Adult,5,28
G_pingreensis,2,Adult,5,28
G_pingreensis,2,Adult,5,28
G_pingreensis,2,Adult,5,28
G_pingreensis,2,Adult,5,28
G_pingreensis,2,Adult,5,28
G_pingreensis,2,Adult,5,28
G_pingreensis,2,Adult,5,28
G_pingreensis,2,Adult,5,28
G_pingreensis,2,Adult,5,28
G_pingreensis,2,Adult,5,28
G_pingreensis,2,Adult,5,29
G_pingreensis,2,Adult,5,29
G_pingreensis,2,Adult,5,29
G_pingreensis,2,Adult,5,29
G_pingreensis,2,Adult,5,29
G_pingreensis,2,Adult,5,29
G_pingreensis,2,Adult,5,29
G_pingreensis,2,Adult,5,29
G_pingreensis,2,Adult,5,29
G_pingreensis,2,Adult,5,29
G_pingreensis,2,Adult,5,29
G_pingreensis,2,Adult,5,29
G_pingreensis,2,Adult,5,29
G_pingreensis,2,Adult,5,29
G_pingreensis,2,Adult,5,29
G_pingreensis,2,Adult,5,29
G_pingreensis,2,Adult,5,29
G_pingreensis,2,Adult,5,29
G_pingreensis,2,Adult,5,29
G_pingreensis,2,Adult,5,29
G_pingreensis,2,Adult,5,30
G_pingreensis,2,Adult,5,30
G_pingreensis,2,Adult,5,30
G_pingreensis,2,Adult,5,30
G_pingreensis,2,Adult,5,30
G_pingreensis,2,Adult,5,30
G_pingreensis,2,Adult,5,30
G_pingreensis,2,Adult,5,30
G_pingreensis,2,Adult,5,30
G_pingreensis,2,Adult,5,30
G_pingreensis,2,Adult,5,30
G_pingreensis,2,Adult,5,30
G_pingreensis,2,Adult,5,30
G_pingreensis,2,Adult,5,30
G_pingreensis,2,Adult,5,30
G_pingreensis,2,Adult,5,30
G_pingreensis,2,Adult,5,30
G_pingreensis,2,Adult,5,30
G_pingreensis,2,Adult,5,30
G_pingreensis,2,Adult,5,30
G_pingreensis,2,Adult,5,30
G_pingreensis,2,Adult,5,30
G_pingreensis,2,Adult,5,31
G_pingreensis,2,Adult,5,31
G_pingreensis,2,Adult,5,31
G_pingreensis,2,Adult,5,31
G_pingreensis,2,Adult,5,31
G_pingreensis,2,Adult,5,31
G_pingreensis,2,Adult,5,31
G_pingreensis,2,Adult,5,31
G_pingreensis,2,Adult,5,32
G_pingreensis,2,Adult,6,27
G_pingreensis,2,Adult,6,28
G_pingreensis,2,Adult,6,28
G_pingreensis,2,Adult,6,28
G_pingreensis,2,Adult,6,28
G_pingreensis,2,Adult,6,28
G_pingreensis,2,Adult,6,28
G_pingreensis,2,Adult,6,28
G_pingreensis,2,Adult,6,29
G_pingreensis,2,Adult,6,29
G_pingreensis,2,Adult,6,29
G_pingreensis,2,Adult,6,29
G_pingreensis,2,Adult,6,29
G_pingreensis,2,Adult,6,29
G_pingreensis,2,Adult,6,29
G_pingreensis,2,Adult,6,29
G_pingreensis,2,Adult,6,29
G_pingreensis,2,Adult,6,29
G_pingreensis,2,Adult,6,29
G_pingreensis,2,Adult,6,29
G_pingreensis,2,Adult,6,29
G_pingreensis,2,Adult,6,29
G_pingreensis,2,Adult,6,29
G_pingreensis,2,Adult,6,29
G_pingreensis,2,Adult,6,29
G_pingreensis,2,Adult,6,30
G_pingreensis,2,Adult,6,30
G_pingreensis,2,Adult,6,30
G_pingreensis,2,Adult,6,30
G_pingreensis,2,Adult,6,30
G_pingreensis,2,Adult,6,30
G_pingreensis,2,Adult,6,30
G_pingreensis,2,Adult,6,30
G_pingreensis,2,Adult,6,30
G_pingreensis,2,Adult,6,30
G_pingreensis,2,Adult,6,30
G_pingreensis,2,Adult,6,30
G_pingreensis,2,Adult,6,30
G_pingreensis,2,Adult,6,30
G_pingreensis,2,Adult,6,30
G_pingreensis,2,Adult,6,30
G_pingreensis,2,Adult,6,30
G_pingreensis,2,Adult,6,30
G_pingreensis,2,Adult,6,30
G_pingreensis,2,Adult,6,30
G_pingreensis,2,Adult,6,30
G_pingreensis,2,Adult,6,30
G_pingreensis,2,Adult,6,30
G_pingreensis,2,Adult,6,30
G_pingreensis,2,Adult,6,30
G_pingreensis,2,Adult,6,30
G_pingreensis,2,Adult,6,31
G_pingreensis,2,Adult,6,31
G_pingreensis,2,Adult,6,31
G_pingreensis,2,Adult,6,32
G_pingreensis,2,Adult,6,32
G_pingreensis,2,Adult,6,32
G_pingreensis,2,Adult,7,26
G_pingreensis,2,Adult,7,27
G_pingreensis,2,Adult,7,27
G_pingreensis,2,Adult,7,27
G_pingreensis,2,Adult,7,27
G_pingreensis,2,Adult,7,27
G_pingreensis,2,Adult,7,27
G_pingreensis,2,Adult,7,27
G_pingreensis,2,Adult,7,27
G_pingreensis,2,Adult,7,27
G_pingreensis,2,Adult,7,27
G_pingreensis,2,Adult,7,27
G_pingreensis,2,Adult,7,27
G_pingreensis,2,Adult,7,27
G_pingreensis,2,Adult,7,27
G_pingreensis,2,Adult,7,28
G_pingreensis,2,Adult,7,28
G_pingreensis,2,Adult,7,28
G_pingreensis,2,Adult,7,28
G_pingreensis,2,Adult,7,28
G_pingreensis,2,Adult,7,28
G_pingreensis,2,Adult,7,28
G_pingreensis,2,Adult,7,28
G_pingreensis,2,Adult,7,28
G_pingreensis,2,Adult,7,28
G_pingreensis,2,Adult,7,28
G_pingreensis,2,Adult,7,28
G_pingreensis,2,Adult,7,28
G_pingreensis,2,Adult,7,28
G_pingreensis,2,Adult,7,28
G_pingreensis,2,Adult,7,28
G_pingreensis,2,Adult,7,28
G_pingreensis,2,Adult,7,28
G_pingreensis,2,Adult,7,28
G_pingreensis,2,Adult,7,28
G_pingreensis,2,Adult,7,29
G_pingreensis,2,Adult,7,29
G_pingreensis,2,Adult,7,29
G_pingreensis,2,Adult,7,29
G_pingreensis,2,Adult,7,29
G_pingreensis,2,Adult,7,29
G_pingreensis,2,Adult,7,29
G_pingreensis,2,Adult,7,29
G_pingreensis,2,Adult,7,29
G_pingreensis,2,Adult,7,29
G_pingreensis,2,Adult,7,29
G_pingreensis,2,Adult,7,29
G_pingreensis,2,Adult,7,29
G_pingreensis,2,Adult,7,29
G_pingreensis,2,Adult,7,29
G_pingreensis,2,Adult,7,29
G_pingreensis,2,Adult,7,29
G_pingreensis,2,Adult,7,29
G_pingreensis,2,Adult,7,30
G_pingreensis,2,Adult,7,30
G_pingreensis,2,Adult,7,30
G_pingreensis,2,Adult,7,31
G_pingreensis,2,Adult,7,31
G_pingreensis,2,Adult,7,31
G_pingreensis,2,Adult,7,31
G_pingreensis,2,Adult,7,31
G_pingreensis,2,Adult,7,31
G_pingreensis,2,Adult,7,32
G_pingreensis,2,Adult,7,33
G_pingreensis,2,Adult,8,27
G_pingreensis,2,Adult,8,28
G_pingreensis,2,Adult,8,28
G_pingreensis,2,Adult,8,28
G_pingreensis,2,Adult,8,28
G_pingreensis,2,Adult,8,28
G_pingreensis,2,Adult,8,28
G_pingreensis,2,Adult,8,28
G_pingreensis,2,Adult,8,28
G_pingreensis,2,Adult,8,28
G_pingreensis,2,Adult,8,28
G_pingreensis,2,Adult,8,29
G_pingreensis,2,Adult,8,29
G_pingreensis,2,Adult,8,29
G_pingreensis,2,Adult,8,29
G_pingreensis,2,Adult,8,29
G_pingreensis,2,Adult,8,29
G_pingreensis,2,Adult,8,29
G_pingreensis,2,Adult,8,29
G_pingreensis,2,Adult,8,29
G_pingreensis,2,Adult,8,29
G_pingreensis,2,Adult,8,29
G_pingreensis,2,Adult,8,30
G_pingreensis,2,Adult,8,30
G_pingreensis,2,Adult,8,30
G_pingreensis,2,Adult,8,30
G_pingreensis,2,Adult,8,30
G_pingreensis,2,Adult,8,30
G_pingreensis,2,Adult,8,30
G_pingreensis,2,Adult,8,30
G_pingreensis,2,Adult,8,30
G_pingreensis,2,Adult,8,30
G_pingreensis,2,Adult,8,30
G_pingreensis,2,Adult,8,30
G_pingreensis,2,Adult,8,30
G_pingreensis,2,Adult,8,30
G_pingreensis,2,Adult,8,30
G_pingreensis,2,Adult,8,30
G_pingreensis,2,Adult,8,30
G_pingreensis,2,Adult,8,31
G_pingreensis,2,Adult,8,31
G_pingreensis,2,Adult,8,31
G_pingreensis,2,Adult,8,31
G_pingreensis,2,Adult,8,31
G_pingreensis,2,Adult,8,31
G_pingreensis,2,Adult,8,31
G_pingreensis,2,Adult,8,31
G_pingreensis,2,Adult,8,31
G_pingreensis,2,Adult,8,31
G_pingreensis,2,Adult,8,31
G_pingreensis,2,Adult,8,31
G_pingreensis,2,Adult,8,31
G_pingreensis,2,Adult,8,32
G_pingreensis,2,Adult,8,32
G_pingreensis,2,Adult,8,32
G_pingreensis,2,Adult,8,32
G_pingreensis,2,Adult,8,33
G_pingreensis,2,Adult,8,33
G_pingreensis,2,Adult,8,33
G_pingreensis,3,2,1,5
G_pingreensis,3,2,1,5
G_pingreensis,3,2,1,5
G_pingreensis,3,2,1,5
G_pingreensis,3,2,1,5
G_pingreensis,3,2,1,5
G_pingreensis,3,2,1,5
G_pingreensis,3,2,1,5
G_pingreensis,3,2,1,5
G_pingreensis,3,2,1,5
G_pingreensis,3,2,1,5
G_pingreensis,3,2,1,5
G_pingreensis,3,2,1,5
G_pingreensis,3,2,1,5
G_pingreensis,3,2,1,5
G_pingreensis,3,2,1,5
G_pingreensis,3,2,1,5
G_pingreensis,3,2,1,6
G_pingreensis,3,2,1,6
G_pingreensis,3,2,1,6
G_pingreensis,3,2,1,6
G_pingreensis,3,2,1,6
G_pingreensis,3,2,1,6
G_pingreensis,3,2,1,6
G_pingreensis,3,2,1,6
G_pingreensis,3,2,1,6
G_pingreensis,3,2,1,6
G_pingreensis,3,2,1,6
G_pingreensis,3,2,1,6
G_pingreensis,3,2,1,6
G_pingreensis,3,2,1,6
G_pingreensis,3,2,1,6
G_pingreensis,3,2,1,6
G_pingreensis,3,2,1,6
G_pingreensis,3,2,1,6
G_pingreensis,3,2,1,6
G_pingreensis,3,2,1,6
G_pingreensis,3,2,1,6
G_pingreensis,3,2,1,6
G_pingreensis,3,2,1,6
G_pingreensis,3,2,1,6
G_pingreensis,3,2,1,6
G_pingreensis,3,2,1,6
G_pingreensis,3,2,1,6
G_pingreensis,3,2,1,6
G_pingreensis,3,2,1,6
G_pingreensis,3,2,1,6
G_pingreensis,3,2,1,6
G_pingreensis,3,2,1,6
G_pingreensis,3,2,1,6
G_pingreensis,3,2,1,6
G_pingreensis,3,2,1,6
G_pingreensis,3,2,1,6
G_pingreensis,3,2,1,6
G_pingreensis,3,2,1,6
G_pingreensis,3,2,1,6
G_pingreensis,3,2,1,6
G_pingreensis,3,2,1,6
G_pingreensis,3,2,1,6
G_pingreensis,3,2,1,6
G_pingreensis,3,2,1,6
G_pingreensis,3,2,1,6
G_pingreensis,3,2,1,7
G_pingreensis,3,2,1,7
G_pingreensis,3,2,2,5
G_pingreensis,3,2,2,6
G_pingreensis,3,2,2,6
G_pingreensis,3,2,2,6
G_pingreensis,3,2,2,6
G_pingreensis,3,2,2,6
G_pingreensis,3,2,2,6
G_pingreensis,3,2,2,6
G_pingreensis,3,2,2,6
G_pingreensis,3,2,2,6
G_pingreensis,3,2,2,6
G_pingreensis,3,2,2,6
G_pingreensis,3,2,2,6
G_pingreensis,3,2,2,6
G_pingreensis,3,2,2,6
G_pingreensis,3,2,2,6
G_pingreensis,3,2,2,6
G_pingreensis,3,2,2,6
G_pingreensis,3,2,2,6
G_pingreensis,3,2,2,6
G_pingreensis,3,2,2,6
G_pingreensis,3,2,2,6
G_pingreensis,3,2,2,6
G_pingreensis,3,2,2,6
G_pingreensis,3,2,2,6
G_pingreensis,3,2,2,6
G_pingreensis,3,2,2,6
G_pingreensis,3,2,2,6
G_pingreensis,3,2,2,6
G_pingreensis,3,2,2,6
G_pingreensis,3,2,2,6
G_pingreensis,3,2,2,6
G_pingreensis,3,2,2,6
G_pingreensis,3,2,2,6
G_pingreensis,3,2,2,6
G_pingreensis,3,2,2,6
G_pingreensis,3,2,2,6
G_pingreensis,3,2,2,6
G_pingreensis,3,2,2,6
G_pingreensis,3,2,2,6
G_pingreensis,3,2,2,6
G_pingreensis,3,2,2,6
G_pingreensis,3,2,2,6
G_pingreensis,3,2,2,6
G_pingreensis,3,2,2,6
G_pingreensis,3,2,2,7
G_pingreensis,3,2,2,7
G_pingreensis,3,2,2,7
G_pingreensis,3,2,2,7
G_pingreensis,3,2,2,7
G_pingreensis,3,2,2,7
G_pingreensis,3,2,2,7
G_pingreensis,3,2,2,7
G_pingreensis,3,2,2,7
G_pingreensis,3,2,2,7
G_pingreensis,3,2,2,7
G_pingreensis,3,2,2,7
G_pingreensis,3,2,2,7
G_pingreensis,3,2,2,7
G_pingreensis,3,2,2,9
G_pingreensis,3,2,2,9
G_pingreensis,3,2,3,5
G_pingreensis,3,2,3,5
G_pingreensis,3,2,3,6
G_pingreensis,3,2,3,6
G_pingreensis,3,2,3,6
G_pingreensis,3,2,3,6
G_pingreensis,3,2,3,6
G_pingreensis,3,2,3,6
G_pingreensis,3,2,3,6
G_pingreensis,3,2,3,6
G_pingreensis,3,2,3,6
G_pingreensis,3,2,3,6
G_pingreensis,3,2,3,6
G_pingreensis,3,2,3,6
G_pingreensis,3,2,3,6
G_pingreensis,3,2,3,6
G_pingreensis,3,2,3,6
G_pingreensis,3,2,3,6
G_pingreensis,3,2,3,6
G_pingreensis,3,2,3,6
G_pingreensis,3,2,3,6
G_pingreensis,3,2,3,6
G_pingreensis,3,2,3,6
G_pingreensis,3,2,3,6
G_pingreensis,3,2,3,6
G_pingreensis,3,2,3,6
G_pingreensis,3,2,3,6
G_pingreensis,3,2,3,6
G_pingreensis,3,2,3,6
G_pingreensis,3,2,3,6
G_pingreensis,3,2,3,6
G_pingreensis,3,2,3,6
G_pingreensis,3,2,3,6
G_pingreensis,3,2,3,6
G_pingreensis,3,2,3,6
G_pingreensis,3,2,3,6
G_pingreensis,3,2,3,6
G_pingreensis,3,2,3,6
G_pingreensis,3,2,3,6
G_pingreensis,3,2,3,6
G_pingreensis,3,2,3,6
G_pingreensis,3,2,3,6
G_pingreensis,3,2,3,6
G_pingreensis,3,2,3,6
G_pingreensis,3,2,3,6
G_pingreensis,3,2,3,6
G_pingreensis,3,2,3,6
G_pingreensis,3,2,3,6
G_pingreensis,3,2,3,6
G_pingreensis,3,2,3,6
G_pingreensis,3,2,3,6
G_pingreensis,3,2,3,6
G_pingreensis,3,2,3,6
G_pingreensis,3,2,3,6
G_pingreensis,3,2,3,6
G_pingreensis,3,2,3,6
G_pingreensis,3,2,3,6
G_pingreensis,3,2,3,6
G_pingreensis,3,2,3,6
G_pingreensis,3,2,3,6
G_pingreensis,3,2,3,6
G_pingreensis,3,2,3,6
G_pingreensis,3,2,3,6
G_pingreensis,3,2,3,6
G_pingreensis,3,2,3,6
G_pingreensis,3,2,4,5
G_pingreensis,3,2,4,5
G_pingreensis,3,2,4,5
G_pingreensis,3,2,4,5
G_pingreensis,3,2,4,5
G_pingreensis,3,2,4,5
G_pingreensis,3,2,4,5
G_pingreensis,3,2,4,6
G_pingreensis,3,2,4,6
G_pingreensis,3,2,4,6
G_pingreensis,3,2,4,6
G_pingreensis,3,2,4,6
G_pingreensis,3,2,4,6
G_pingreensis,3,2,4,6
G_pingreensis,3,2,4,6
G_pingreensis,3,2,4,6
G_pingreensis,3,2,4,6
G_pingreensis,3,2,4,6
G_pingreensis,3,2,4,6
G_pingreensis,3,2,4,6
G_pingreensis,3,2,4,6
G_pingreensis,3,2,4,6
G_pingreensis,3,2,4,6
G_pingreensis,3,2,4,6
G_pingreensis,3,2,4,6
G_pingreensis,3,2,4,6
G_pingreensis,3,2,4,6
G_pingreensis,3,2,4,6
G_pingreensis,3,2,4,6
G_pingreensis,3,2,4,6
G_pingreensis,3,2,4,6
G_pingreensis,3,2,4,6
G_pingreensis,3,2,4,6
G_pingreensis,3,2,4,6
G_pingreensis,3,2,4,6
G_pingreensis,3,2,4,6
G_pingreensis,3,2,4,6
G_pingreensis,3,2,4,6
G_pingreensis,3,2,4,6
G_pingreensis,3,2,4,6
G_pingreensis,3,2,4,6
G_pingreensis,3,2,4,6
G_pingreensis,3,2,4,6
G_pingreensis,3,2,4,6
G_pingreensis,3,2,4,6
G_pingreensis,3,2,4,6
G_pingreensis,3,2,4,6
G_pingreensis,3,2,4,6
G_pingreensis,3,2,4,6
G_pingreensis,3,2,4,6
G_pingreensis,3,2,4,6
G_pingreensis,3,2,4,6
G_pingreensis,3,2,4,6
G_pingreensis,3,2,4,6
G_pingreensis,3,2,4,6
G_pingreensis,3,2,4,6
G_pingreensis,3,2,4,6
G_pingreensis,3,2,4,6
G_pingreensis,3,2,4,6
G_pingreensis,3,2,4,6
G_pingreensis,3,2,4,6
G_pingreensis,3,2,4,6
G_pingreensis,3,2,4,6
G_pingreensis,3,2,4,8
G_pingreensis,3,2,5,4
G_pingreensis,3,2,5,4
G_pingreensis,3,2,5,4
G_pingreensis,3,2,5,4
G_pingreensis,3,2,5,4
G_pingreensis,3,2,5,4
G_pingreensis,3,2,5,4
G_pingreensis,3,2,5,4
G_pingreensis,3,2,5,4
G_pingreensis,3,2,5,4
G_pingreensis,3,2,5,4
G_pingreensis,3,2,5,4
G_pingreensis,3,2,5,4
G_pingreensis,3,2,5,4
G_pingreensis,3,2,5,4
G_pingreensis,3,2,5,4
G_pingreensis,3,2,5,4
G_pingreensis,3,2,5,4
G_pingreensis,3,2,5,4
G_pingreensis,3,2,5,4
G_pingreensis,3,2,5,4
G_pingreensis,3,2,5,4
G_pingreensis,3,2,5,4
G_pingreensis,3,2,5,4
G_pingreensis,3,2,5,4
G_pingreensis,3,2,5,4
G_pingreensis,3,2,5,4
G_pingreensis,3,2,5,4
G_pingreensis,3,2,5,4
G_pingreensis,3,2,5,4
G_pingreensis,3,2,5,4
G_pingreensis,3,2,5,4
G_pingreensis,3,2,5,4
G_pingreensis,3,2,5,4
G_pingreensis,3,2,5,4
G_pingreensis,3,2,5,5
G_pingreensis,3,2,5,5
G_pingreensis,3,2,5,5
G_pingreensis,3,2,5,5
G_pingreensis,3,2,5,5
G_pingreensis,3,2,5,5
G_pingreensis,3,2,5,5
G_pingreensis,3,2,5,5
G_pingreensis,3,2,5,5
G_pingreensis,3,2,5,5
G_pingreensis,3,2,5,5
G_pingreensis,3,2,5,5
G_pingreensis,3,2,5,5
G_pingreensis,3,2,5,5
G_pingreensis,3,2,5,5
G_pingreensis,3,2,5,5
G_pingreensis,3,2,5,5
G_pingreensis,3,2,5,5
G_pingreensis,3,2,5,5
G_pingreensis,3,2,5,5
G_pingreensis,3,2,5,5
G_pingreensis,3,2,5,5
G_pingreensis,3,2,5,5
G_pingreensis,3,2,5,5
G_pingreensis,3,2,5,5
G_pingreensis,3,2,5,5
G_pingreensis,3,2,6,4
G_pingreensis,3,2,6,4
G_pingreensis,3,2,6,4
G_pingreensis,3,2,6,4
G_pingreensis,3,2,6,4
G_pingreensis,3,2,6,4
G_pingreensis,3,2,6,5
G_pingreensis,3,2,6,5
G_pingreensis,3,2,6,5
G_pingreensis,3,2,6,5
G_pingreensis,3,2,6,5
G_pingreensis,3,2,6,5
G_pingreensis,3,2,6,5
G_pingreensis,3,2,6,5
G_pingreensis,3,2,6,5
G_pingreensis,3,2,6,5
G_pingreensis,3,2,6,5
G_pingreensis,3,2,6,5
G_pingreensis,3,2,6,5
G_pingreensis,3,2,6,5
G_pingreensis,3,2,6,5
G_pingreensis,3,2,6,5
G_pingreensis,3,2,6,5
G_pingreensis,3,2,6,5
G_pingreensis,3,2,6,5
G_pingreensis,3,2,6,5
G_pingreensis,3,2,6,5
G_pingreensis,3,2,6,5
G_pingreensis,3,2,6,5
G_pingreensis,3,2,6,5
G_pingreensis,3,2,6,5
G_pingreensis,3,2,6,5
G_pingreensis,3,2,6,5
G_pingreensis,3,2,6,5
G_pingreensis,3,2,6,5
G_pingreensis,3,2,6,5
G_pingreensis,3,2,6,5
G_pingreensis,3,2,6,5
G_pingreensis,3,2,6,5
G_pingreensis,3,2,6,5
G_pingreensis,3,2,6,5
G_pingreensis,3,2,6,5
G_pingreensis,3,2,6,5
G_pingreensis,3,2,6,5
G_pingreensis,3,2,6,5
G_pingreensis,3,2,6,5
G_pingreensis,3,2,6,5
G_pingreensis,3,2,6,5
G_pingreensis,3,2,6,5
G_pingreensis,3,2,6,5
G_pingreensis,3,2,6,5
G_pingreensis,3,2,6,5
G_pingreensis,3,2,6,5
G_pingreensis,3,2,6,5
G_pingreensis,3,2,6,5
G_pingreensis,3,2,6,5
G_pingreensis,3,2,6,5
G_pingreensis,3,2,6,5
G_pingreensis,3,2,6,5
G_pingreensis,3,2,6,5
G_pingreensis,3,2,6,5
G_pingreensis,3,2,6,5
G_pingreensis,3,2,6,5
G_pingreensis,3,2,6,5
G_pingreensis,3,2,6,5
G_pingreensis,3,2,7,4
G_pingreensis,3,2,7,5
G_pingreensis,3,2,7,5
G_pingreensis,3,2,7,5
G_pingreensis,3,2,7,5
G_pingreensis,3,2,7,5
G_pingreensis,3,2,7,5
G_pingreensis,3,2,7,5
G_pingreensis,3,2,7,5
G_pingreensis,3,2,7,5
G_pingreensis,3,2,7,5
G_pingreensis,3,2,7,5
G_pingreensis,3,2,7,5
G_pingreensis,3,2,7,5
G_pingreensis,3,2,7,5
G_pingreensis,3,2,7,5
G_pingreensis,3,2,7,5
G_pingreensis,3,2,7,5
G_pingreensis,3,2,7,5
G_pingreensis,3,2,7,5
G_pingreensis,3,2,7,5
G_pingreensis,3,2,7,5
G_pingreensis,3,2,7,5
G_pingreensis,3,2,7,5
G_pingreensis,3,2,7,5
G_pingreensis,3,2,7,5
G_pingreensis,3,2,7,5
G_pingreensis,3,2,7,5
G_pingreensis,3,2,7,5
G_pingreensis,3,2,7,5
G_pingreensis,3,2,7,5
G_pingreensis,3,2,7,5
G_pingreensis,3,2,7,5
G_pingreensis,3,2,7,5
G_pingreensis,3,2,7,5
G_pingreensis,3,2,7,5
G_pingreensis,3,2,7,5
G_pingreensis,3,2,7,5
G_pingreensis,3,2,7,5
G_pingreensis,3,2,7,5
G_pingreensis,3,2,7,5
G_pingreensis,3,2,7,5
G_pingreensis,3,2,7,5
G_pingreensis,3,2,7,5
G_pingreensis,3,2,7,5
G_pingreensis,3,2,7,5
G_pingreensis,3,2,7,5
G_pingreensis,3,2,7,5
G_pingreensis,3,2,7,5
G_pingreensis,3,2,7,5
G_pingreensis,3,2,7,5
G_pingreensis,3,2,7,5
G_pingreensis,3,2,7,5
G_pingreensis,3,2,7,5
G_pingreensis,3,2,7,5
G_pingreensis,3,2,7,5
G_pingreensis,3,2,7,5
G_pingreensis,3,2,7,5
G_pingreensis,3,2,7,5
G_pingreensis,3,2,7,5
G_pingreensis,3,2,7,5
G_pingreensis,3,2,7,5
G_pingreensis,3,2,7,6
G_pingreensis,3,2,8,4
G_pingreensis,3,2,8,5
G_pingreensis,3,2,8,5
G_pingreensis,3,2,8,5
G_pingreensis,3,2,8,5
G_pingreensis,3,2,8,5
G_pingreensis,3,2,8,5
G_pingreensis,3,2,8,5
G_pingreensis,3,2,8,5
G_pingreensis,3,2,8,5
G_pingreensis,3,2,8,5
G_pingreensis,3,2,8,5
G_pingreensis,3,2,8,5
G_pingreensis,3,2,8,5
G_pingreensis,3,2,8,5
G_pingreensis,3,2,8,5
G_pingreensis,3,2,8,5
G_pingreensis,3,2,8,5
G_pingreensis,3,2,8,5
G_pingreensis,3,2,8,5
G_pingreensis,3,2,8,5
G_pingreensis,3,2,8,5
G_pingreensis,3,2,8,5
G_pingreensis,3,2,8,5
G_pingreensis,3,2,8,5
G_pingreensis,3,2,8,5
G_pingreensis,3,2,8,5
G_pingreensis,3,2,8,5
G_pingreensis,3,2,8,5
G_pingreensis,3,2,8,5
G_pingreensis,3,2,8,5
G_pingreensis,3,2,8,5
G_pingreensis,3,2,8,5
G_pingreensis,3,2,8,5
G_pingreensis,3,2,8,5
G_pingreensis,3,2,8,5
G_pingreensis,3,2,8,5
G_pingreensis,3,2,8,5
G_pingreensis,3,2,8,6
G_pingreensis,3,2,8,6
G_pingreensis,3,2,8,6
G_pingreensis,3,2,8,6
G_pingreensis,3,2,8,6
G_pingreensis,3,2,8,6
G_pingreensis,3,2,8,6
G_pingreensis,3,2,8,6
G_pingreensis,3,2,8,6
G_pingreensis,3,2,8,6
G_pingreensis,3,2,8,6
G_pingreensis,3,2,8,6
G_pingreensis,3,2,8,6
G_pingreensis,3,2,8,6
G_pingreensis,3,2,8,6
G_pingreensis,3,2,8,6
G_pingreensis,3,2,8,6
G_pingreensis,3,2,8,6
G_pingreensis,3,2,8,6
G_pingreensis,3,2,8,6
G_pingreensis,3,2,8,7
G_pingreensis,3,2,8,7
G_pingreensis,3,2,8,7
G_pingreensis,3,2,8,9
G_pingreensis,3,2,8,13
G_pingreensis,3,3,1,9
G_pingreensis,3,3,1,9
G_pingreensis,3,3,1,9
G_pingreensis,3,3,1,9
G_pingreensis,3,3,1,9
G_pingreensis,3,3,1,9
G_pingreensis,3,3,1,9
G_pingreensis,3,3,1,9
G_pingreensis,3,3,1,9
G_pingreensis,3,3,1,9
G_pingreensis,3,3,1,9
G_pingreensis,3,3,1,9
G_pingreensis,3,3,1,9
G_pingreensis,3,3,1,9
G_pingreensis,3,3,1,9
G_pingreensis,3,3,1,9
G_pingreensis,3,3,1,9
G_pingreensis,3,3,1,9
G_pingreensis,3,3,1,10
G_pingreensis,3,3,1,10
G_pingreensis,3,3,1,10
G_pingreensis,3,3,1,10
G_pingreensis,3,3,1,10
G_pingreensis,3,3,1,10
G_pingreensis,3,3,1,10
G_pingreensis,3,3,1,10
G_pingreensis,3,3,1,10
G_pingreensis,3,3,1,10
G_pingreensis,3,3,1,10
G_pingreensis,3,3,1,10
G_pingreensis,3,3,1,10
G_pingreensis,3,3,1,10
G_pingreensis,3,3,1,10
G_pingreensis,3,3,1,10
G_pingreensis,3,3,1,10
G_pingreensis,3,3,1,10
G_pingreensis,3,3,1,10
G_pingreensis,3,3,1,10
G_pingreensis,3,3,1,10
G_pingreensis,3,3,1,10
G_pingreensis,3,3,1,10
G_pingreensis,3,3,1,10
G_pingreensis,3,3,1,10
G_pingreensis,3,3,1,10
G_pingreensis,3,3,1,10
G_pingreensis,3,3,1,10
G_pingreensis,3,3,1,10
G_pingreensis,3,3,1,10
G_pingreensis,3,3,1,10
G_pingreensis,3,3,1,10
G_pingreensis,3,3,1,10
G_pingreensis,3,3,1,10
G_pingreensis,3,3,1,10
G_pingreensis,3,3,1,10
G_pingreensis,3,3,1,10
G_pingreensis,3,3,1,10
G_pingreensis,3,3,1,10
G_pingreensis,3,3,1,10
G_pingreensis,3,3,1,10
G_pingreensis,3,3,1,10
G_pingreensis,3,3,1,10
G_pingreensis,3,3,1,10
G_pingreensis,3,3,1,11
G_pingreensis,3,3,1,11
G_pingreensis,3,3,2,10
G_pingreensis,3,3,2,10
G_pingreensis,3,3,2,10
G_pingreensis,3,3,2,10
G_pingreensis,3,3,2,10
G_pingreensis,3,3,2,10
G_pingreensis,3,3,2,10
G_pingreensis,3,3,2,10
G_pingreensis,3,3,2,10
G_pingreensis,3,3,2,10
G_pingreensis,3,3,2,10
G_pingreensis,3,3,2,10
G_pingreensis,3,3,2,10
G_pingreensis,3,3,2,10
G_pingreensis,3,3,2,10
G_pingreensis,3,3,2,10
G_pingreensis,3,3,2,10
G_pingreensis,3,3,2,11
G_pingreensis,3,3,2,11
G_pingreensis,3,3,2,11
G_pingreensis,3,3,2,11
G_pingreensis,3,3,2,11
G_pingreensis,3,3,2,11
G_pingreensis,3,3,2,11
G_pingreensis,3,3,2,11
G_pingreensis,3,3,2,11
G_pingreensis,3,3,2,11
G_pingreensis,3,3,2,11
G_pingreensis,3,3,2,11
G_pingreensis,3,3,2,11
G_pingreensis,3,3,2,11
G_pingreensis,3,3,2,11
G_pingreensis,3,3,2,11
G_pingreensis,3,3,2,11
G_pingreensis,3,3,2,11
G_pingreensis,3,3,2,11
G_pingreensis,3,3,2,11
G_pingreensis,3,3,2,11
G_pingreensis,3,3,2,11
G_pingreensis,3,3,2,11
G_pingreensis,3,3,2,11
G_pingreensis,3,3,2,11
G_pingreensis,3,3,2,11
G_pingreensis,3,3,2,11
G_pingreensis,3,3,2,11
G_pingreensis,3,3,2,11
G_pingreensis,3,3,2,11
G_pingreensis,3,3,2,11
G_pingreensis,3,3,2,11
G_pingreensis,3,3,2,11
G_pingreensis,3,3,2,11
G_pingreensis,3,3,2,11
G_pingreensis,3,3,2,12
G_pingreensis,3,3,2,12
G_pingreensis,3,3,2,12
G_pingreensis,3,3,2,12
G_pingreensis,3,3,2,12
G_pingreensis,3,3,2,12
G_pingreensis,3,3,2,12
G_pingreensis,3,3,2,13
G_pingreensis,3,3,2,13
G_pingreensis,3,3,2,13
G_pingreensis,3,3,3,9
G_pingreensis,3,3,3,9
G_pingreensis,3,3,3,10
G_pingreensis,3,3,3,10
G_pingreensis,3,3,3,10
G_pingreensis,3,3,3,10
G_pingreensis,3,3,3,10
G_pingreensis,3,3,3,10
G_pingreensis,3,3,3,10
G_pingreensis,3,3,3,10
G_pingreensis,3,3,3,10
G_pingreensis,3,3,3,10
G_pingreensis,3,3,3,10
G_pingreensis,3,3,3,10
G_pingreensis,3,3,3,10
G_pingreensis,3,3,3,10
G_pingreensis,3,3,3,10
G_pingreensis,3,3,3,10
G_pingreensis,3,3,3,10
G_pingreensis,3,3,3,10
G_pingreensis,3,3,3,10
G_pingreensis,3,3,3,10
G_pingreensis,3,3,3,10
G_pingreensis,3,3,3,10
G_pingreensis,3,3,3,10
G_pingreensis,3,3,3,10
G_pingreensis,3,3,3,10
G_pingreensis,3,3,3,10
G_pingreensis,3,3,3,10
G_pingreensis,3,3,3,10
G_pingreensis,3,3,3,10
G_pingreensis,3,3,3,10
G_pingreensis,3,3,3,10
G_pingreensis,3,3,3,10
G_pingreensis,3,3,3,10
G_pingreensis,3,3,3,10
G_pingreensis,3,3,3,10
G_pingreensis,3,3,3,10
G_pingreensis,3,3,3,10
G_pingreensis,3,3,3,10
G_pingreensis,3,3,3,10
G_pingreensis,3,3,3,10
G_pingreensis,3,3,3,10
G_pingreensis,3,3,3,10
G_pingreensis,3,3,3,10
G_pingreensis,3,3,3,10
G_pingreensis,3,3,3,10
G_pingreensis,3,3,3,10
G_pingreensis,3,3,3,10
G_pingreensis,3,3,3,10
G_pingreensis,3,3,3,10
G_pingreensis,3,3,3,10
G_pingreensis,3,3,3,10
G_pingreensis,3,3,3,10
G_pingreensis,3,3,3,10
G_pingreensis,3,3,3,10
G_pingreensis,3,3,3,10
G_pingreensis,3,3,3,10
G_pingreensis,3,3,3,11
G_pingreensis,3,3,3,11
G_pingreensis,3,3,3,11
G_pingreensis,3,3,3,11
G_pingreensis,3,3,3,11
G_pingreensis,3,3,3,11
G_pingreensis,3,3,4,9
G_pingreensis,3,3,4,9
G_pingreensis,3,3,4,9
G_pingreensis,3,3,4,9
G_pingreensis,3,3,4,9
G_pingreensis,3,3,4,10
G_pingreensis,3,3,4,10
G_pingreensis,3,3,4,10
G_pingreensis,3,3,4,10
G_pingreensis,3,3,4,10
G_pingreensis,3,3,4,10
G_pingreensis,3,3,4,10
G_pingreensis,3,3,4,10
G_pingreensis,3,3,4,10
G_pingreensis,3,3,4,10
G_pingreensis,3,3,4,10
G_pingreensis,3,3,4,10
G_pingreensis,3,3,4,10
G_pingreensis,3,3,4,10
G_pingreensis,3,3,4,10
G_pingreensis,3,3,4,10
G_pingreensis,3,3,4,10
G_pingreensis,3,3,4,10
G_pingreensis,3,3,4,10
G_pingreensis,3,3,4,10
G_pingreensis,3,3,4,10
G_pingreensis,3,3,4,10
G_pingreensis,3,3,4,10
G_pingreensis,3,3,4,10
G_pingreensis,3,3,4,10
G_pingreensis,3,3,4,10
G_pingreensis,3,3,4,10
G_pingreensis,3,3,4,10
G_pingreensis,3,3,4,10
G_pingreensis,3,3,4,10
G_pingreensis,3,3,4,10
G_pingreensis,3,3,4,10
G_pingreensis,3,3,4,10
G_pingreensis,3,3,4,10
G_pingreensis,3,3,4,10
G_pingreensis,3,3,4,10
G_pingreensis,3,3,4,10
G_pingreensis,3,3,4,10
G_pingreensis,3,3,4,10
G_pingreensis,3,3,4,10
G_pingreensis,3,3,4,10
G_pingreensis,3,3,4,10
G_pingreensis,3,3,4,10
G_pingreensis,3,3,4,10
G_pingreensis,3,3,4,10
G_pingreensis,3,3,4,10
G_pingreensis,3,3,4,11
G_pingreensis,3,3,4,11
G_pingreensis,3,3,4,11
G_pingreensis,3,3,4,11
G_pingreensis,3,3,4,11
G_pingreensis,3,3,4,11
G_pingreensis,3,3,4,11
G_pingreensis,3,3,4,11
G_pingreensis,3,3,4,11
G_pingreensis,3,3,4,11
G_pingreensis,3,3,4,12
G_pingreensis,3,3,4,12
G_pingreensis,3,3,5,8
G_pingreensis,3,3,5,8
G_pingreensis,3,3,5,8
G_pingreensis,3,3,5,8
G_pingreensis,3,3,5,8
G_pingreensis,3,3,5,8
G_pingreensis,3,3,5,8
G_pingreensis,3,3,5,8
G_pingreensis,3,3,5,8
G_pingreensis,3,3,5,8
G_pingreensis,3,3,5,8
G_pingreensis,3,3,5,8
G_pingreensis,3,3,5,8
G_pingreensis,3,3,5,8
G_pingreensis,3,3,5,8
G_pingreensis,3,3,5,8
G_pingreensis,3,3,5,8
G_pingreensis,3,3,5,8
G_pingreensis,3,3,5,9
G_pingreensis,3,3,5,9
G_pingreensis,3,3,5,9
G_pingreensis,3,3,5,9
G_pingreensis,3,3,5,9
G_pingreensis,3,3,5,9
G_pingreensis,3,3,5,9
G_pingreensis,3,3,5,9
G_pingreensis,3,3,5,9
G_pingreensis,3,3,5,9
G_pingreensis,3,3,5,9
G_pingreensis,3,3,5,9
G_pingreensis,3,3,5,9
G_pingreensis,3,3,5,9
G_pingreensis,3,3,5,9
G_pingreensis,3,3,5,9
G_pingreensis,3,3,5,9
G_pingreensis,3,3,5,9
G_pingreensis,3,3,5,9
G_pingreensis,3,3,5,9
G_pingreensis,3,3,5,9
G_pingreensis,3,3,5,9
G_pingreensis,3,3,5,9
G_pingreensis,3,3,5,9
G_pingreensis,3,3,5,9
G_pingreensis,3,3,5,9
G_pingreensis,3,3,5,9
G_pingreensis,3,3,5,9
G_pingreensis,3,3,5,9
G_pingreensis,3,3,5,9
G_pingreensis,3,3,5,9
G_pingreensis,3,3,5,9
G_pingreensis,3,3,5,9
G_pingreensis,3,3,5,9
G_pingreensis,3,3,5,9
G_pingreensis,3,3,5,9
G_pingreensis,3,3,5,9
G_pingreensis,3,3,5,9
G_pingreensis,3,3,5,9
G_pingreensis,3,3,5,9
G_pingreensis,3,3,5,9
G_pingreensis,3,3,5,9
G_pingreensis,3,3,5,10
G_pingreensis,3,3,5,10
G_pingreensis,3,3,6,8
G_pingreensis,3,3,6,8
G_pingreensis,3,3,6,9
G_pingreensis,3,3,6,9
G_pingreensis,3,3,6,9
G_pingreensis,3,3,6,9
G_pingreensis,3,3,6,9
G_pingreensis,3,3,6,9
G_pingreensis,3,3,6,9
G_pingreensis,3,3,6,9
G_pingreensis,3,3,6,9
G_pingreensis,3,3,6,9
G_pingreensis,3,3,6,9
G_pingreensis,3,3,6,9
G_pingreensis,3,3,6,9
G_pingreensis,3,3,6,9
G_pingreensis,3,3,6,9
G_pingreensis,3,3,6,9
G_pingreensis,3,3,6,9
G_pingreensis,3,3,6,9
G_pingreensis,3,3,6,9
G_pingreensis,3,3,6,9
G_pingreensis,3,3,6,9
G_pingreensis,3,3,6,9
G_pingreensis,3,3,6,9
G_pingreensis,3,3,6,9
G_pingreensis,3,3,6,9
G_pingreensis,3,3,6,9
G_pingreensis,3,3,6,9
G_pingreensis,3,3,6,9
G_pingreensis,3,3,6,9
G_pingreensis,3,3,6,10
G_pingreensis,3,3,6,10
G_pingreensis,3,3,6,10
G_pingreensis,3,3,6,10
G_pingreensis,3,3,6,10
G_pingreensis,3,3,6,10
G_pingreensis,3,3,6,10
G_pingreensis,3,3,6,10
G_pingreensis,3,3,6,10
G_pingreensis,3,3,6,10
G_pingreensis,3,3,6,10
G_pingreensis,3,3,6,10
G_pingreensis,3,3,6,10
G_pingreensis,3,3,6,10
G_pingreensis,3,3,6,10
G_pingreensis,3,3,6,10
G_pingreensis,3,3,6,10
G_pingreensis,3,3,6,10
G_pingreensis,3,3,6,10
G_pingreensis,3,3,6,10
G_pingreensis,3,3,6,10
G_pingreensis,3,3,6,10
G_pingreensis,3,3,6,10
G_pingreensis,3,3,6,10
G_pingreensis,3,3,6,10
G_pingreensis,3,3,6,10
G_pingreensis,3,3,6,10
G_pingreensis,3,3,6,10
G_pingreensis,3,3,6,10
G_pingreensis,3,3,6,10
G_pingreensis,3,3,6,10
G_pingreensis,3,3,6,10
G_pingreensis,3,3,6,10
G_pingreensis,3,3,6,10
G_pingreensis,3,3,7,9
G_pingreensis,3,3,7,9
G_pingreensis,3,3,7,9
G_pingreensis,3,3,7,9
G_pingreensis,3,3,7,9
G_pingreensis,3,3,7,9
G_pingreensis,3,3,7,9
G_pingreensis,3,3,7,9
G_pingreensis,3,3,7,9
G_pingreensis,3,3,7,9
G_pingreensis,3,3,7,9
G_pingreensis,3,3,7,9
G_pingreensis,3,3,7,9
G_pingreensis,3,3,7,9
G_pingreensis,3,3,7,9
G_pingreensis,3,3,7,9
G_pingreensis,3,3,7,9
G_pingreensis,3,3,7,9
G_pingreensis,3,3,7,9
G_pingreensis,3,3,7,9
G_pingreensis,3,3,7,9
G_pingreensis,3,3,7,9
G_pingreensis,3,3,7,9
G_pingreensis,3,3,7,9
G_pingreensis,3,3,7,9
G_pingreensis,3,3,7,9
G_pingreensis,3,3,7,9
G_pingreensis,3,3,7,9
G_pingreensis,3,3,7,9
G_pingreensis,3,3,7,9
G_pingreensis,3,3,7,9
G_pingreensis,3,3,7,9
G_pingreensis,3,3,7,9
G_pingreensis,3,3,7,9
G_pingreensis,3,3,7,9
G_pingreensis,3,3,7,9
G_pingreensis,3,3,7,9
G_pingreensis,3,3,7,9
G_pingreensis,3,3,7,9
G_pingreensis,3,3,7,9
G_pingreensis,3,3,7,9
G_pingreensis,3,3,7,9
G_pingreensis,3,3,7,9
G_pingreensis,3,3,7,9
G_pingreensis,3,3,7,10
G_pingreensis,3,3,7,10
G_pingreensis,3,3,7,10
G_pingreensis,3,3,7,10
G_pingreensis,3,3,7,10
G_pingreensis,3,3,7,10
G_pingreensis,3,3,7,10
G_pingreensis,3,3,7,10
G_pingreensis,3,3,7,10
G_pingreensis,3,3,7,10
G_pingreensis,3,3,7,10
G_pingreensis,3,3,7,10
G_pingreensis,3,3,7,10
G_pingreensis,3,3,7,10
G_pingreensis,3,3,7,10
G_pingreensis,3,3,7,10
G_pingreensis,3,3,7,10
G_pingreensis,3,3,7,11
G_pingreensis,3,3,7,12
G_pingreensis,3,3,8,9
G_pingreensis,3,3,8,10
G_pingreensis,3,3,8,10
G_pingreensis,3,3,8,10
G_pingreensis,3,3,8,10
G_pingreensis,3,3,8,10
G_pingreensis,3,3,8,10
G_pingreensis,3,3,8,10
G_pingreensis,3,3,8,10
G_pingreensis,3,3,8,10
G_pingreensis,3,3,8,10
G_pingreensis,3,3,8,10
G_pingreensis,3,3,8,10
G_pingreensis,3,3,8,10
G_pingreensis,3,3,8,10
G_pingreensis,3,3,8,10
G_pingreensis,3,3,8,10
G_pingreensis,3,3,8,10
G_pingreensis,3,3,8,10
G_pingreensis,3,3,8,10
G_pingreensis,3,3,8,10
G_pingreensis,3,3,8,10
G_pingreensis,3,3,8,10
G_pingreensis,3,3,8,10
G_pingreensis,3,3,8,11
G_pingreensis,3,3,8,11
G_pingreensis,3,3,8,11
G_pingreensis,3,3,8,11
G_pingreensis,3,3,8,11
G_pingreensis,3,3,8,11
G_pingreensis,3,3,8,11
G_pingreensis,3,3,8,11
G_pingreensis,3,3,8,11
G_pingreensis,3,3,8,11
G_pingreensis,3,3,8,11
G_pingreensis,3,3,8,11
G_pingreensis,3,3,8,11
G_pingreensis,3,3,8,11
G_pingreensis,3,3,8,11
G_pingreensis,3,3,8,11
G_pingreensis,3,3,8,11
G_pingreensis,3,3,8,11
G_pingreensis,3,3,8,11
G_pingreensis,3,3,8,11
G_pingreensis,3,3,8,11
G_pingreensis,3,3,8,11
G_pingreensis,3,3,8,11
G_pingreensis,3,3,8,11
G_pingreensis,3,3,8,11
G_pingreensis,3,3,8,11
G_pingreensis,3,3,8,12
G_pingreensis,3,3,8,12
G_pingreensis,3,3,8,12
G_pingreensis,3,3,8,12
G_pingreensis,3,3,8,12
G_pingreensis,3,3,8,12
G_pingreensis,3,3,8,12
G_pingreensis,3,3,8,13
G_pingreensis,3,3,8,13
G_pingreensis,3,3,8,19
G_pingreensis,3,4,1,14
G_pingreensis,3,4,1,14
G_pingreensis,3,4,1,14
G_pingreensis,3,4,1,14
G_pingreensis,3,4,1,14
G_pingreensis,3,4,1,14
G_pingreensis,3,4,1,14
G_pingreensis,3,4,1,14
G_pingreensis,3,4,1,14
G_pingreensis,3,4,1,14
G_pingreensis,3,4,1,14
G_pingreensis,3,4,1,14
G_pingreensis,3,4,1,14
G_pingreensis,3,4,1,14
G_pingreensis,3,4,1,14
G_pingreensis,3,4,1,14
G_pingreensis,3,4,1,14
G_pingreensis,3,4,1,14
G_pingreensis,3,4,1,14
G_pingreensis,3,4,1,14
G_pingreensis,3,4,1,14
G_pingreensis,3,4,1,14
G_pingreensis,3,4,1,14
G_pingreensis,3,4,1,15
G_pingreensis,3,4,1,15
G_pingreensis,3,4,1,15
G_pingreensis,3,4,1,15
G_pingreensis,3,4,1,15
G_pingreensis,3,4,1,15
G_pingreensis,3,4,1,15
G_pingreensis,3,4,1,15
G_pingreensis,3,4,1,15
G_pingreensis,3,4,1,15
G_pingreensis,3,4,1,15
G_pingreensis,3,4,1,15
G_pingreensis,3,4,1,15
G_pingreensis,3,4,1,15
G_pingreensis,3,4,1,15
G_pingreensis,3,4,1,15
G_pingreensis,3,4,1,15
G_pingreensis,3,4,1,15
G_pingreensis,3,4,1,15
G_pingreensis,3,4,1,15
G_pingreensis,3,4,1,15
G_pingreensis,3,4,1,15
G_pingreensis,3,4,1,15
G_pingreensis,3,4,1,15
G_pingreensis,3,4,1,15
G_pingreensis,3,4,1,15
G_pingreensis,3,4,1,15
G_pingreensis,3,4,1,15
G_pingreensis,3,4,1,15
G_pingreensis,3,4,1,15
G_pingreensis,3,4,1,15
G_pingreensis,3,4,1,15
G_pingreensis,3,4,1,16
G_pingreensis,3,4,1,16
G_pingreensis,3,4,1,16
G_pingreensis,3,4,1,16
G_pingreensis,3,4,1,16
G_pingreensis,3,4,1,16
G_pingreensis,3,4,1,16
G_pingreensis,3,4,1,16
G_pingreensis,3,4,2,13
G_pingreensis,3,4,2,14
G_pingreensis,3,4,2,15
G_pingreensis,3,4,2,15
G_pingreensis,3,4,2,15
G_pingreensis,3,4,2,15
G_pingreensis,3,4,2,15
G_pingreensis,3,4,2,15
G_pingreensis,3,4,2,15
G_pingreensis,3,4,2,15
G_pingreensis,3,4,2,15
G_pingreensis,3,4,2,15
G_pingreensis,3,4,2,15
G_pingreensis,3,4,2,15
G_pingreensis,3,4,2,15
G_pingreensis,3,4,2,15
G_pingreensis,3,4,2,15
G_pingreensis,3,4,2,16
G_pingreensis,3,4,2,16
G_pingreensis,3,4,2,16
G_pingreensis,3,4,2,16
G_pingreensis,3,4,2,16
G_pingreensis,3,4,2,16
G_pingreensis,3,4,2,16
G_pingreensis,3,4,2,16
G_pingreensis,3,4,2,16
G_pingreensis,3,4,2,16
G_pingreensis,3,4,2,16
G_pingreensis,3,4,2,16
G_pingreensis,3,4,2,16
G_pingreensis,3,4,2,16
G_pingreensis,3,4,2,16
G_pingreensis,3,4,2,16
G_pingreensis,3,4,2,16
G_pingreensis,3,4,2,16
G_pingreensis,3,4,2,16
G_pingreensis,3,4,2,16
G_pingreensis,3,4,2,16
G_pingreensis,3,4,2,16
G_pingreensis,3,4,2,16
G_pingreensis,3,4,2,16
G_pingreensis,3,4,2,16
G_pingreensis,3,4,2,16
G_pingreensis,3,4,2,16
G_pingreensis,3,4,2,16
G_pingreensis,3,4,2,16
G_pingreensis,3,4,2,16
G_pingreensis,3,4,2,16
G_pingreensis,3,4,2,16
G_pingreensis,3,4,2,16
G_pingreensis,3,4,2,16
G_pingreensis,3,4,2,16
G_pingreensis,3,4,2,16
G_pingreensis,3,4,2,17
G_pingreensis,3,4,2,17
G_pingreensis,3,4,2,17
G_pingreensis,3,4,2,17
G_pingreensis,3,4,2,17
G_pingreensis,3,4,2,17
G_pingreensis,3,4,2,17
G_pingreensis,3,4,2,18
G_pingreensis,3,4,2,18
G_pingreensis,3,4,3,14
G_pingreensis,3,4,3,14
G_pingreensis,3,4,3,14
G_pingreensis,3,4,3,15
G_pingreensis,3,4,3,15
G_pingreensis,3,4,3,15
G_pingreensis,3,4,3,15
G_pingreensis,3,4,3,15
G_pingreensis,3,4,3,15
G_pingreensis,3,4,3,15
G_pingreensis,3,4,3,15
G_pingreensis,3,4,3,15
G_pingreensis,3,4,3,15
G_pingreensis,3,4,3,15
G_pingreensis,3,4,3,15
G_pingreensis,3,4,3,15
G_pingreensis,3,4,3,15
G_pingreensis,3,4,3,15
G_pingreensis,3,4,3,15
G_pingreensis,3,4,3,15
G_pingreensis,3,4,3,15
G_pingreensis,3,4,3,15
G_pingreensis,3,4,3,15
G_pingreensis,3,4,3,15
G_pingreensis,3,4,3,15
G_pingreensis,3,4,3,15
G_pingreensis,3,4,3,15
G_pingreensis,3,4,3,15
G_pingreensis,3,4,3,15
G_pingreensis,3,4,3,15
G_pingreensis,3,4,3,15
G_pingreensis,3,4,3,15
G_pingreensis,3,4,3,15
G_pingreensis,3,4,3,15
G_pingreensis,3,4,3,15
G_pingreensis,3,4,3,15
G_pingreensis,3,4,3,15
G_pingreensis,3,4,3,15
G_pingreensis,3,4,3,15
G_pingreensis,3,4,3,15
G_pingreensis,3,4,3,15
G_pingreensis,3,4,3,15
G_pingreensis,3,4,3,15
G_pingreensis,3,4,3,16
G_pingreensis,3,4,3,16
G_pingreensis,3,4,3,16
G_pingreensis,3,4,3,16
G_pingreensis,3,4,3,16
G_pingreensis,3,4,3,16
G_pingreensis,3,4,3,16
G_pingreensis,3,4,3,16
G_pingreensis,3,4,3,16
G_pingreensis,3,4,3,16
G_pingreensis,3,4,3,16
G_pingreensis,3,4,3,16
G_pingreensis,3,4,3,16
G_pingreensis,3,4,3,16
G_pingreensis,3,4,3,16
G_pingreensis,3,4,3,16
G_pingreensis,3,4,3,16
G_pingreensis,3,4,3,16
G_pingreensis,3,4,3,16
G_pingreensis,3,4,3,17
G_pingreensis,3,4,3,18
G_pingreensis,3,4,4,14
G_pingreensis,3,4,4,14
G_pingreensis,3,4,4,14
G_pingreensis,3,4,4,14
G_pingreensis,3,4,4,14
G_pingreensis,3,4,4,14
G_pingreensis,3,4,4,14
G_pingreensis,3,4,4,14
G_pingreensis,3,4,4,14
G_pingreensis,3,4,4,14
G_pingreensis,3,4,4,14
G_pingreensis,3,4,4,15
G_pingreensis,3,4,4,15
G_pingreensis,3,4,4,15
G_pingreensis,3,4,4,15
G_pingreensis,3,4,4,15
G_pingreensis,3,4,4,15
G_pingreensis,3,4,4,15
G_pingreensis,3,4,4,15
G_pingreensis,3,4,4,15
G_pingreensis,3,4,4,15
G_pingreensis,3,4,4,15
G_pingreensis,3,4,4,15
G_pingreensis,3,4,4,15
G_pingreensis,3,4,4,15
G_pingreensis,3,4,4,15
G_pingreensis,3,4,4,15
G_pingreensis,3,4,4,15
G_pingreensis,3,4,4,15
G_pingreensis,3,4,4,15
G_pingreensis,3,4,4,15
G_pingreensis,3,4,4,15
G_pingreensis,3,4,4,15
G_pingreensis,3,4,4,15
G_pingreensis,3,4,4,15
G_pingreensis,3,4,4,16
G_pingreensis,3,4,4,16
G_pingreensis,3,4,4,16
G_pingreensis,3,4,4,16
G_pingreensis,3,4,4,16
G_pingreensis,3,4,4,16
G_pingreensis,3,4,4,16
G_pingreensis,3,4,4,16
G_pingreensis,3,4,4,16
G_pingreensis,3,4,4,16
G_pingreensis,3,4,4,16
G_pingreensis,3,4,4,16
G_pingreensis,3,4,4,16
G_pingreensis,3,4,4,16
G_pingreensis,3,4,4,16
G_pingreensis,3,4,4,16
G_pingreensis,3,4,4,16
G_pingreensis,3,4,4,16
G_pingreensis,3,4,4,16
G_pingreensis,3,4,4,16
G_pingreensis,3,4,4,16
G_pingreensis,3,4,4,16
G_pingreensis,3,4,4,16
G_pingreensis,3,4,4,16
G_pingreensis,3,4,4,17
G_pingreensis,3,4,4,17
G_pingreensis,3,4,4,17
G_pingreensis,3,4,4,19
G_pingreensis,3,4,5,12
G_pingreensis,3,4,5,12
G_pingreensis,3,4,5,13
G_pingreensis,3,4,5,13
G_pingreensis,3,4,5,13
G_pingreensis,3,4,5,13
G_pingreensis,3,4,5,13
G_pingreensis,3,4,5,13
G_pingreensis,3,4,5,13
G_pingreensis,3,4,5,13
G_pingreensis,3,4,5,13
G_pingreensis,3,4,5,13
G_pingreensis,3,4,5,13
G_pingreensis,3,4,5,13
G_pingreensis,3,4,5,13
G_pingreensis,3,4,5,13
G_pingreensis,3,4,5,13
G_pingreensis,3,4,5,13
G_pingreensis,3,4,5,13
G_pingreensis,3,4,5,13
G_pingreensis,3,4,5,13
G_pingreensis,3,4,5,13
G_pingreensis,3,4,5,13
G_pingreensis,3,4,5,13
G_pingreensis,3,4,5,13
G_pingreensis,3,4,5,13
G_pingreensis,3,4,5,13
G_pingreensis,3,4,5,13
G_pingreensis,3,4,5,14
G_pingreensis,3,4,5,14
G_pingreensis,3,4,5,14
G_pingreensis,3,4,5,14
G_pingreensis,3,4,5,14
G_pingreensis,3,4,5,14
G_pingreensis,3,4,5,14
G_pingreensis,3,4,5,14
G_pingreensis,3,4,5,14
G_pingreensis,3,4,5,14
G_pingreensis,3,4,5,14
G_pingreensis,3,4,5,14
G_pingreensis,3,4,5,14
G_pingreensis,3,4,5,14
G_pingreensis,3,4,5,14
G_pingreensis,3,4,5,14
G_pingreensis,3,4,5,14
G_pingreensis,3,4,5,14
G_pingreensis,3,4,5,14
G_pingreensis,3,4,5,14
G_pingreensis,3,4,5,14
G_pingreensis,3,4,5,14
G_pingreensis,3,4,5,14
G_pingreensis,3,4,5,14
G_pingreensis,3,4,5,14
G_pingreensis,3,4,5,14
G_pingreensis,3,4,5,15
G_pingreensis,3,4,5,15
G_pingreensis,3,4,5,15
G_pingreensis,3,4,5,15
G_pingreensis,3,4,5,15
G_pingreensis,3,4,5,15
G_pingreensis,3,4,5,15
G_pingreensis,3,4,5,15
G_pingreensis,3,4,6,13
G_pingreensis,3,4,6,13
G_pingreensis,3,4,6,13
G_pingreensis,3,4,6,13
G_pingreensis,3,4,6,13
G_pingreensis,3,4,6,14
G_pingreensis,3,4,6,14
G_pingreensis,3,4,6,14
G_pingreensis,3,4,6,14
G_pingreensis,3,4,6,14
G_pingreensis,3,4,6,14
G_pingreensis,3,4,6,14
G_pingreensis,3,4,6,14
G_pingreensis,3,4,6,14
G_pingreensis,3,4,6,14
G_pingreensis,3,4,6,14
G_pingreensis,3,4,6,14
G_pingreensis,3,4,6,14
G_pingreensis,3,4,6,14
G_pingreensis,3,4,6,14
G_pingreensis,3,4,6,14
G_pingreensis,3,4,6,14
G_pingreensis,3,4,6,15
G_pingreensis,3,4,6,15
G_pingreensis,3,4,6,15
G_pingreensis,3,4,6,15
G_pingreensis,3,4,6,15
G_pingreensis,3,4,6,15
G_pingreensis,3,4,6,15
G_pingreensis,3,4,6,15
G_pingreensis,3,4,6,15
G_pingreensis,3,4,6,15
G_pingreensis,3,4,6,15
G_pingreensis,3,4,6,15
G_pingreensis,3,4,6,15
G_pingreensis,3,4,6,15
G_pingreensis,3,4,6,15
G_pingreensis,3,4,6,15
G_pingreensis,3,4,6,15
G_pingreensis,3,4,6,15
G_pingreensis,3,4,6,15
G_pingreensis,3,4,6,15
G_pingreensis,3,4,6,15
G_pingreensis,3,4,6,15
G_pingreensis,3,4,6,15
G_pingreensis,3,4,6,15
G_pingreensis,3,4,6,15
G_pingreensis,3,4,6,15
G_pingreensis,3,4,6,15
G_pingreensis,3,4,6,15
G_pingreensis,3,4,6,15
G_pingreensis,3,4,6,15
G_pingreensis,3,4,6,15
G_pingreensis,3,4,6,15
G_pingreensis,3,4,6,15
G_pingreensis,3,4,6,15
G_pingreensis,3,4,6,15
G_pingreensis,3,4,6,15
G_pingreensis,3,4,6,15
G_pingreensis,3,4,6,15
G_pingreensis,3,4,6,15
G_pingreensis,3,4,6,15
G_pingreensis,3,4,6,15
G_pingreensis,3,4,6,16
G_pingreensis,3,4,6,16
G_pingreensis,3,4,7,13
G_pingreensis,3,4,7,13
G_pingreensis,3,4,7,13
G_pingreensis,3,4,7,14
G_pingreensis,3,4,7,14
G_pingreensis,3,4,7,14
G_pingreensis,3,4,7,14
G_pingreensis,3,4,7,14
G_pingreensis,3,4,7,14
G_pingreensis,3,4,7,14
G_pingreensis,3,4,7,14
G_pingreensis,3,4,7,14
G_pingreensis,3,4,7,14
G_pingreensis,3,4,7,14
G_pingreensis,3,4,7,14
G_pingreensis,3,4,7,14
G_pingreensis,3,4,7,14
G_pingreensis,3,4,7,14
G_pingreensis,3,4,7,14
G_pingreensis,3,4,7,14
G_pingreensis,3,4,7,14
G_pingreensis,3,4,7,14
G_pingreensis,3,4,7,14
G_pingreensis,3,4,7,14
G_pingreensis,3,4,7,14
G_pingreensis,3,4,7,14
G_pingreensis,3,4,7,14
G_pingreensis,3,4,7,14
G_pingreensis,3,4,7,14
G_pingreensis,3,4,7,14
G_pingreensis,3,4,7,14
G_pingreensis,3,4,7,14
G_pingreensis,3,4,7,14
G_pingreensis,3,4,7,14
G_pingreensis,3,4,7,14
G_pingreensis,3,4,7,14
G_pingreensis,3,4,7,14
G_pingreensis,3,4,7,14
G_pingreensis,3,4,7,14
G_pingreensis,3,4,7,14
G_pingreensis,3,4,7,14
G_pingreensis,3,4,7,15
G_pingreensis,3,4,7,15
G_pingreensis,3,4,7,15
G_pingreensis,3,4,7,15
G_pingreensis,3,4,7,15
G_pingreensis,3,4,7,15
G_pingreensis,3,4,7,15
G_pingreensis,3,4,7,15
G_pingreensis,3,4,7,15
G_pingreensis,3,4,7,15
G_pingreensis,3,4,7,15
G_pingreensis,3,4,7,15
G_pingreensis,3,4,7,15
G_pingreensis,3,4,7,15
G_pingreensis,3,4,7,15
G_pingreensis,3,4,7,15
G_pingreensis,3,4,7,15
G_pingreensis,3,4,7,15
G_pingreensis,3,4,7,16
G_pingreensis,3,4,7,17
G_pingreensis,3,4,8,14
G_pingreensis,3,4,8,14
G_pingreensis,3,4,8,14
G_pingreensis,3,4,8,15
G_pingreensis,3,4,8,15
G_pingreensis,3,4,8,15
G_pingreensis,3,4,8,15
G_pingreensis,3,4,8,15
G_pingreensis,3,4,8,15
G_pingreensis,3,4,8,15
G_pingreensis,3,4,8,15
G_pingreensis,3,4,8,15
G_pingreensis,3,4,8,15
G_pingreensis,3,4,8,15
G_pingreensis,3,4,8,15
G_pingreensis,3,4,8,15
G_pingreensis,3,4,8,15
G_pingreensis,3,4,8,15
G_pingreensis,3,4,8,15
G_pingreensis,3,4,8,15
G_pingreensis,3,4,8,15
G_pingreensis,3,4,8,15
G_pingreensis,3,4,8,15
G_pingreensis,3,4,8,15
G_pingreensis,3,4,8,16
G_pingreensis,3,4,8,16
G_pingreensis,3,4,8,16
G_pingreensis,3,4,8,16
G_pingreensis,3,4,8,16
G_pingreensis,3,4,8,16
G_pingreensis,3,4,8,16
G_pingreensis,3,4,8,16
G_pingreensis,3,4,8,16
G_pingreensis,3,4,8,16
G_pingreensis,3,4,8,16
G_pingreensis,3,4,8,16
G_pingreensis,3,4,8,16
G_pingreensis,3,4,8,16
G_pingreensis,3,4,8,16
G_pingreensis,3,4,8,16
G_pingreensis,3,4,8,16
G_pingreensis,3,4,8,16
G_pingreensis,3,4,8,16
G_pingreensis,3,4,8,16
G_pingreensis,3,4,8,17
G_pingreensis,3,4,8,17
G_pingreensis,3,4,8,17
G_pingreensis,3,4,8,18
G_pingreensis,3,4,8,18
G_pingreensis,3,4,8,18
G_pingreensis,3,4,8,18
G_pingreensis,3,4,8,18
G_pingreensis,3,4,8,18
G_pingreensis,3,4,8,18
G_pingreensis,3,4,8,18
G_pingreensis,3,4,8,18
G_pingreensis,3,4,8,18
G_pingreensis,3,4,8,18
G_pingreensis,3,4,8,19
G_pingreensis,3,5,1,18
G_pingreensis,3,5,1,19
G_pingreensis,3,5,1,19
G_pingreensis,3,5,1,19
G_pingreensis,3,5,1,19
G_pingreensis,3,5,1,19
G_pingreensis,3,5,1,19
G_pingreensis,3,5,1,19
G_pingreensis,3,5,1,19
G_pingreensis,3,5,1,19
G_pingreensis,3,5,1,19
G_pingreensis,3,5,1,19
G_pingreensis,3,5,1,20
G_pingreensis,3,5,1,20
G_pingreensis,3,5,1,20
G_pingreensis,3,5,1,20
G_pingreensis,3,5,1,20
G_pingreensis,3,5,1,20
G_pingreensis,3,5,1,20
G_pingreensis,3,5,1,20
G_pingreensis,3,5,1,20
G_pingreensis,3,5,1,20
G_pingreensis,3,5,1,20
G_pingreensis,3,5,1,20
G_pingreensis,3,5,1,20
G_pingreensis,3,5,1,20
G_pingreensis,3,5,1,20
G_pingreensis,3,5,1,20
G_pingreensis,3,5,1,20
G_pingreensis,3,5,1,20
G_pingreensis,3,5,1,20
G_pingreensis,3,5,1,20
G_pingreensis,3,5,1,20
G_pingreensis,3,5,1,20
G_pingreensis,3,5,1,20
G_pingreensis,3,5,1,20
G_pingreensis,3,5,1,20
G_pingreensis,3,5,1,20
G_pingreensis,3,5,1,20
G_pingreensis,3,5,1,20
G_pingreensis,3,5,1,20
G_pingreensis,3,5,1,20
G_pingreensis,3,5,1,21
G_pingreensis,3,5,1,21
G_pingreensis,3,5,1,21
G_pingreensis,3,5,1,21
G_pingreensis,3,5,1,21
G_pingreensis,3,5,1,21
G_pingreensis,3,5,1,21
G_pingreensis,3,5,1,21
G_pingreensis,3,5,1,21
G_pingreensis,3,5,1,21
G_pingreensis,3,5,1,21
G_pingreensis,3,5,1,21
G_pingreensis,3,5,1,21
G_pingreensis,3,5,1,21
G_pingreensis,3,5,1,21
G_pingreensis,3,5,1,21
G_pingreensis,3,5,1,22
G_pingreensis,3,5,1,22
G_pingreensis,3,5,1,22
G_pingreensis,3,5,1,22
G_pingreensis,3,5,2,19
G_pingreensis,3,5,2,19
G_pingreensis,3,5,2,20
G_pingreensis,3,5,2,20
G_pingreensis,3,5,2,20
G_pingreensis,3,5,2,20
G_pingreensis,3,5,2,20
G_pingreensis,3,5,2,20
G_pingreensis,3,5,2,20
G_pingreensis,3,5,2,20
G_pingreensis,3,5,2,20
G_pingreensis,3,5,2,20
G_pingreensis,3,5,2,20
G_pingreensis,3,5,2,21
G_pingreensis,3,5,2,21
G_pingreensis,3,5,2,21
G_pingreensis,3,5,2,21
G_pingreensis,3,5,2,21
G_pingreensis,3,5,2,21
G_pingreensis,3,5,2,21
G_pingreensis,3,5,2,21
G_pingreensis,3,5,2,21
G_pingreensis,3,5,2,21
G_pingreensis,3,5,2,21
G_pingreensis,3,5,2,21
G_pingreensis,3,5,2,21
G_pingreensis,3,5,2,21
G_pingreensis,3,5,2,21
G_pingreensis,3,5,2,21
G_pingreensis,3,5,2,21
G_pingreensis,3,5,2,21
G_pingreensis,3,5,2,21
G_pingreensis,3,5,2,21
G_pingreensis,3,5,2,21
G_pingreensis,3,5,2,21
G_pingreensis,3,5,2,21
G_pingreensis,3,5,2,21
G_pingreensis,3,5,2,21
G_pingreensis,3,5,2,21
G_pingreensis,3,5,2,21
G_pingreensis,3,5,2,21
G_pingreensis,3,5,2,21
G_pingreensis,3,5,2,22
G_pingreensis,3,5,2,22
G_pingreensis,3,5,2,22
G_pingreensis,3,5,2,22
G_pingreensis,3,5,2,22
G_pingreensis,3,5,2,22
G_pingreensis,3,5,2,22
G_pingreensis,3,5,2,22
G_pingreensis,3,5,2,22
G_pingreensis,3,5,2,22
G_pingreensis,3,5,2,22
G_pingreensis,3,5,2,22
G_pingreensis,3,5,2,22
G_pingreensis,3,5,2,23
G_pingreensis,3,5,2,23
G_pingreensis,3,5,2,23
G_pingreensis,3,5,2,24
G_pingreensis,3,5,2,24
G_pingreensis,3,5,3,19
G_pingreensis,3,5,3,20
G_pingreensis,3,5,3,20
G_pingreensis,3,5,3,20
G_pingreensis,3,5,3,20
G_pingreensis,3,5,3,20
G_pingreensis,3,5,3,20
G_pingreensis,3,5,3,20
G_pingreensis,3,5,3,20
G_pingreensis,3,5,3,20
G_pingreensis,3,5,3,20
G_pingreensis,3,5,3,20
G_pingreensis,3,5,3,20
G_pingreensis,3,5,3,21
G_pingreensis,3,5,3,21
G_pingreensis,3,5,3,21
G_pingreensis,3,5,3,21
G_pingreensis,3,5,3,21
G_pingreensis,3,5,3,21
G_pingreensis,3,5,3,21
G_pingreensis,3,5,3,21
G_pingreensis,3,5,3,21
G_pingreensis,3,5,3,21
G_pingreensis,3,5,3,21
G_pingreensis,3,5,3,21
G_pingreensis,3,5,3,21
G_pingreensis,3,5,3,21
G_pingreensis,3,5,3,21
G_pingreensis,3,5,3,21
G_pingreensis,3,5,3,21
G_pingreensis,3,5,3,21
G_pingreensis,3,5,3,21
G_pingreensis,3,5,3,21
G_pingreensis,3,5,3,21
G_pingreensis,3,5,3,21
G_pingreensis,3,5,3,21
G_pingreensis,3,5,3,21
G_pingreensis,3,5,3,21
G_pingreensis,3,5,3,21
G_pingreensis,3,5,3,21
G_pingreensis,3,5,3,21
G_pingreensis,3,5,3,21
G_pingreensis,3,5,3,21
G_pingreensis,3,5,3,21
G_pingreensis,3,5,3,21
G_pingreensis,3,5,3,21
G_pingreensis,3,5,3,21
G_pingreensis,3,5,3,21
G_pingreensis,3,5,3,21
G_pingreensis,3,5,3,21
G_pingreensis,3,5,3,21
G_pingreensis,3,5,3,22
G_pingreensis,3,5,3,22
G_pingreensis,3,5,3,22
G_pingreensis,3,5,3,22
G_pingreensis,3,5,3,22
G_pingreensis,3,5,3,22
G_pingreensis,3,5,3,22
G_pingreensis,3,5,3,22
G_pingreensis,3,5,3,22
G_pingreensis,3,5,3,22
G_pingreensis,3,5,3,22
G_pingreensis,3,5,3,22
G_pingreensis,3,5,3,24
G_pingreensis,3,5,4,19
G_pingreensis,3,5,4,19
G_pingreensis,3,5,4,20
G_pingreensis,3,5,4,20
G_pingreensis,3,5,4,20
G_pingreensis,3,5,4,20
G_pingreensis,3,5,4,20
G_pingreensis,3,5,4,20
G_pingreensis,3,5,4,20
G_pingreensis,3,5,4,20
G_pingreensis,3,5,4,20
G_pingreensis,3,5,4,20
G_pingreensis,3,5,4,20
G_pingreensis,3,5,4,20
G_pingreensis,3,5,4,20
G_pingreensis,3,5,4,20
G_pingreensis,3,5,4,20
G_pingreensis,3,5,4,20
G_pingreensis,3,5,4,20
G_pingreensis,3,5,4,20
G_pingreensis,3,5,4,21
G_pingreensis,3,5,4,21
G_pingreensis,3,5,4,21
G_pingreensis,3,5,4,21
G_pingreensis,3,5,4,21
G_pingreensis,3,5,4,21
G_pingreensis,3,5,4,21
G_pingreensis,3,5,4,21
G_pingreensis,3,5,4,21
G_pingreensis,3,5,4,21
G_pingreensis,3,5,4,21
G_pingreensis,3,5,4,21
G_pingreensis,3,5,4,21
G_pingreensis,3,5,4,21
G_pingreensis,3,5,4,21
G_pingreensis,3,5,4,21
G_pingreensis,3,5,4,21
G_pingreensis,3,5,4,21
G_pingreensis,3,5,4,21
G_pingreensis,3,5,4,22
G_pingreensis,3,5,4,22
G_pingreensis,3,5,4,22
G_pingreensis,3,5,4,22
G_pingreensis,3,5,4,22
G_pingreensis,3,5,4,22
G_pingreensis,3,5,4,22
G_pingreensis,3,5,4,22
G_pingreensis,3,5,4,22
G_pingreensis,3,5,4,22
G_pingreensis,3,5,4,22
G_pingreensis,3,5,4,22
G_pingreensis,3,5,4,22
G_pingreensis,3,5,4,22
G_pingreensis,3,5,4,22
G_pingreensis,3,5,4,22
G_pingreensis,3,5,4,22
G_pingreensis,3,5,4,22
G_pingreensis,3,5,4,22
G_pingreensis,3,5,4,22
G_pingreensis,3,5,4,22
G_pingreensis,3,5,4,23
G_pingreensis,3,5,4,23
G_pingreensis,3,5,5,18
G_pingreensis,3,5,5,18
G_pingreensis,3,5,5,18
G_pingreensis,3,5,5,18
G_pingreensis,3,5,5,18
G_pingreensis,3,5,5,18
G_pingreensis,3,5,5,18
G_pingreensis,3,5,5,18
G_pingreensis,3,5,5,19
G_pingreensis,3,5,5,19
G_pingreensis,3,5,5,19
G_pingreensis,3,5,5,19
G_pingreensis,3,5,5,19
G_pingreensis,3,5,5,19
G_pingreensis,3,5,5,19
G_pingreensis,3,5,5,19
G_pingreensis,3,5,5,19
G_pingreensis,3,5,5,19
G_pingreensis,3,5,5,19
G_pingreensis,3,5,5,19
G_pingreensis,3,5,5,19
G_pingreensis,3,5,5,19
G_pingreensis,3,5,5,19
G_pingreensis,3,5,5,19
G_pingreensis,3,5,5,19
G_pingreensis,3,5,5,19
G_pingreensis,3,5,5,19
G_pingreensis,3,5,5,19
G_pingreensis,3,5,5,19
G_pingreensis,3,5,5,19
G_pingreensis,3,5,5,20
G_pingreensis,3,5,5,20
G_pingreensis,3,5,5,20
G_pingreensis,3,5,5,20
G_pingreensis,3,5,5,20
G_pingreensis,3,5,5,20
G_pingreensis,3,5,5,20
G_pingreensis,3,5,5,20
G_pingreensis,3,5,5,20
G_pingreensis,3,5,5,20
G_pingreensis,3,5,5,20
G_pingreensis,3,5,5,20
G_pingreensis,3,5,5,20
G_pingreensis,3,5,5,20
G_pingreensis,3,5,5,20
G_pingreensis,3,5,5,20
G_pingreensis,3,5,5,20
G_pingreensis,3,5,5,20
G_pingreensis,3,5,5,20
G_pingreensis,3,5,5,20
G_pingreensis,3,5,5,20
G_pingreensis,3,5,5,20
G_pingreensis,3,5,5,20
G_pingreensis,3,5,5,20
G_pingreensis,3,5,5,20
G_pingreensis,3,5,5,20
G_pingreensis,3,5,5,20
G_pingreensis,3,5,5,20
G_pingreensis,3,5,5,20
G_pingreensis,3,5,5,21
G_pingreensis,3,5,5,21
G_pingreensis,3,5,5,21
G_pingreensis,3,5,6,18
G_pingreensis,3,5,6,18
G_pingreensis,3,5,6,19
G_pingreensis,3,5,6,19
G_pingreensis,3,5,6,19
G_pingreensis,3,5,6,19
G_pingreensis,3,5,6,19
G_pingreensis,3,5,6,19
G_pingreensis,3,5,6,19
G_pingreensis,3,5,6,19
G_pingreensis,3,5,6,19
G_pingreensis,3,5,6,19
G_pingreensis,3,5,6,19
G_pingreensis,3,5,6,19
G_pingreensis,3,5,6,20
G_pingreensis,3,5,6,20
G_pingreensis,3,5,6,20
G_pingreensis,3,5,6,20
G_pingreensis,3,5,6,20
G_pingreensis,3,5,6,20
G_pingreensis,3,5,6,20
G_pingreensis,3,5,6,20
G_pingreensis,3,5,6,20
G_pingreensis,3,5,6,20
G_pingreensis,3,5,6,20
G_pingreensis,3,5,6,20
G_pingreensis,3,5,6,20
G_pingreensis,3,5,6,20
G_pingreensis,3,5,6,20
G_pingreensis,3,5,6,20
G_pingreensis,3,5,6,20
G_pingreensis,3,5,6,20
G_pingreensis,3,5,6,20
G_pingreensis,3,5,6,20
G_pingreensis,3,5,6,20
G_pingreensis,3,5,6,20
G_pingreensis,3,5,6,20
G_pingreensis,3,5,6,20
G_pingreensis,3,5,6,20
G_pingreensis,3,5,6,20
G_pingreensis,3,5,6,20
G_pingreensis,3,5,6,20
G_pingreensis,3,5,6,20
G_pingreensis,3,5,6,20
G_pingreensis,3,5,6,20
G_pingreensis,3,5,6,20
G_pingreensis,3,5,6,20
G_pingreensis,3,5,6,21
G_pingreensis,3,5,6,21
G_pingreensis,3,5,6,21
G_pingreensis,3,5,6,21
G_pingreensis,3,5,6,21
G_pingreensis,3,5,6,21
G_pingreensis,3,5,6,21
G_pingreensis,3,5,6,21
G_pingreensis,3,5,6,21
G_pingreensis,3,5,6,21
G_pingreensis,3,5,6,21
G_pingreensis,3,5,6,21
G_pingreensis,3,5,6,21
G_pingreensis,3,5,6,22
G_pingreensis,3,5,6,22
G_pingreensis,3,5,7,18
G_pingreensis,3,5,7,19
G_pingreensis,3,5,7,19
G_pingreensis,3,5,7,19
G_pingreensis,3,5,7,19
G_pingreensis,3,5,7,19
G_pingreensis,3,5,7,19
G_pingreensis,3,5,7,19
G_pingreensis,3,5,7,19
G_pingreensis,3,5,7,19
G_pingreensis,3,5,7,19
G_pingreensis,3,5,7,19
G_pingreensis,3,5,7,19
G_pingreensis,3,5,7,19
G_pingreensis,3,5,7,19
G_pingreensis,3,5,7,19
G_pingreensis,3,5,7,20
G_pingreensis,3,5,7,20
G_pingreensis,3,5,7,20
G_pingreensis,3,5,7,20
G_pingreensis,3,5,7,20
G_pingreensis,3,5,7,20
G_pingreensis,3,5,7,20
G_pingreensis,3,5,7,20
G_pingreensis,3,5,7,20
G_pingreensis,3,5,7,20
G_pingreensis,3,5,7,20
G_pingreensis,3,5,7,20
G_pingreensis,3,5,7,20
G_pingreensis,3,5,7,20
G_pingreensis,3,5,7,20
G_pingreensis,3,5,7,20
G_pingreensis,3,5,7,20
G_pingreensis,3,5,7,20
G_pingreensis,3,5,7,20
G_pingreensis,3,5,7,20
G_pingreensis,3,5,7,20
G_pingreensis,3,5,7,20
G_pingreensis,3,5,7,20
G_pingreensis,3,5,7,20
G_pingreensis,3,5,7,20
G_pingreensis,3,5,7,20
G_pingreensis,3,5,7,20
G_pingreensis,3,5,7,20
G_pingreensis,3,5,7,20
G_pingreensis,3,5,7,20
G_pingreensis,3,5,7,21
G_pingreensis,3,5,7,21
G_pingreensis,3,5,7,21
G_pingreensis,3,5,7,21
G_pingreensis,3,5,7,21
G_pingreensis,3,5,7,21
G_pingreensis,3,5,7,21
G_pingreensis,3,5,7,21
G_pingreensis,3,5,7,21
G_pingreensis,3,5,7,21
G_pingreensis,3,5,7,21
G_pingreensis,3,5,7,21
G_pingreensis,3,5,7,22
G_pingreensis,3,5,7,22
G_pingreensis,3,5,7,24
G_pingreensis,3,5,8,20
G_pingreensis,3,5,8,20
G_pingreensis,3,5,8,20
G_pingreensis,3,5,8,20
G_pingreensis,3,5,8,20
G_pingreensis,3,5,8,20
G_pingreensis,3,5,8,20
G_pingreensis,3,5,8,20
G_pingreensis,3,5,8,20
G_pingreensis,3,5,8,21
G_pingreensis,3,5,8,21
G_pingreensis,3,5,8,21
G_pingreensis,3,5,8,21
G_pingreensis,3,5,8,21
G_pingreensis,3,5,8,21
G_pingreensis,3,5,8,21
G_pingreensis,3,5,8,21
G_pingreensis,3,5,8,21
G_pingreensis,3,5,8,21
G_pingreensis,3,5,8,21
G_pingreensis,3,5,8,21
G_pingreensis,3,5,8,21
G_pingreensis,3,5,8,21
G_pingreensis,3,5,8,21
G_pingreensis,3,5,8,21
G_pingreensis,3,5,8,21
G_pingreensis,3,5,8,21
G_pingreensis,3,5,8,21
G_pingreensis,3,5,8,21
G_pingreensis,3,5,8,21
G_pingreensis,3,5,8,21
G_pingreensis,3,5,8,21
G_pingreensis,3,5,8,22
G_pingreensis,3,5,8,22
G_pingreensis,3,5,8,22
G_pingreensis,3,5,8,22
G_pingreensis,3,5,8,22
G_pingreensis,3,5,8,22
G_pingreensis,3,5,8,22
G_pingreensis,3,5,8,22
G_pingreensis,3,5,8,22
G_pingreensis,3,5,8,22
G_pingreensis,3,5,8,22
G_pingreensis,3,5,8,22
G_pingreensis,3,5,8,23
G_pingreensis,3,5,8,23
G_pingreensis,3,5,8,23
G_pingreensis,3,5,8,23
G_pingreensis,3,5,8,23
G_pingreensis,3,5,8,23
G_pingreensis,3,5,8,23
G_pingreensis,3,5,8,23
G_pingreensis,3,5,8,23
G_pingreensis,3,5,8,24
G_pingreensis,3,5,8,24
G_pingreensis,3,5,8,24
G_pingreensis,3,5,8,24
G_pingreensis,3,5,8,26
G_pingreensis,3,5,8,30
G_pingreensis,3,Adult,1,27
G_pingreensis,3,Adult,1,27
G_pingreensis,3,Adult,1,27
G_pingreensis,3,Adult,1,27
G_pingreensis,3,Adult,1,27
G_pingreensis,3,Adult,1,27
G_pingreensis,3,Adult,1,27
G_pingreensis,3,Adult,1,27
G_pingreensis,3,Adult,1,27
G_pingreensis,3,Adult,1,27
G_pingreensis,3,Adult,1,27
G_pingreensis,3,Adult,1,27
G_pingreensis,3,Adult,1,27
G_pingreensis,3,Adult,1,27
G_pingreensis,3,Adult,1,28
G_pingreensis,3,Adult,1,28
G_pingreensis,3,Adult,1,28
G_pingreensis,3,Adult,1,28
G_pingreensis,3,Adult,1,28
G_pingreensis,3,Adult,1,28
G_pingreensis,3,Adult,1,28
G_pingreensis,3,Adult,1,28
G_pingreensis,3,Adult,1,28
G_pingreensis,3,Adult,1,28
G_pingreensis,3,Adult,1,28
G_pingreensis,3,Adult,1,28
G_pingreensis,3,Adult,1,28
G_pingreensis,3,Adult,1,28
G_pingreensis,3,Adult,1,28
G_pingreensis,3,Adult,1,28
G_pingreensis,3,Adult,1,28
G_pingreensis,3,Adult,1,28
G_pingreensis,3,Adult,1,29
G_pingreensis,3,Adult,1,29
G_pingreensis,3,Adult,1,29
G_pingreensis,3,Adult,1,29
G_pingreensis,3,Adult,1,29
G_pingreensis,3,Adult,1,29
G_pingreensis,3,Adult,1,29
G_pingreensis,3,Adult,1,29
G_pingreensis,3,Adult,1,29
G_pingreensis,3,Adult,1,29
G_pingreensis,3,Adult,1,29
G_pingreensis,3,Adult,1,29
G_pingreensis,3,Adult,1,29
G_pingreensis,3,Adult,1,29
G_pingreensis,3,Adult,1,29
G_pingreensis,3,Adult,1,29
G_pingreensis,3,Adult,1,30
G_pingreensis,3,Adult,1,30
G_pingreensis,3,Adult,1,30
G_pingreensis,3,Adult,1,30
G_pingreensis,3,Adult,1,30
G_pingreensis,3,Adult,1,30
G_pingreensis,3,Adult,1,30
G_pingreensis,3,Adult,1,31
G_pingreensis,3,Adult,1,31
G_pingreensis,3,Adult,1,31
G_pingreensis,3,Adult,1,31
G_pingreensis,3,Adult,2,27
G_pingreensis,3,Adult,2,28
G_pingreensis,3,Adult,2,28
G_pingreensis,3,Adult,2,28
G_pingreensis,3,Adult,2,28
G_pingreensis,3,Adult,2,28
G_pingreensis,3,Adult,2,28
G_pingreensis,3,Adult,2,28
G_pingreensis,3,Adult,2,28
G_pingreensis,3,Adult,2,28
G_pingreensis,3,Adult,2,28
G_pingreensis,3,Adult,2,28
G_pingreensis,3,Adult,2,29
G_pingreensis,3,Adult,2,29
G_pingreensis,3,Adult,2,29
G_pingreensis,3,Adult,2,29
G_pingreensis,3,Adult,2,29
G_pingreensis,3,Adult,2,29
G_pingreensis,3,Adult,2,29
G_pingreensis,3,Adult,2,29
G_pingreensis,3,Adult,2,29
G_pingreensis,3,Adult,2,29
G_pingreensis,3,Adult,2,29
G_pingreensis,3,Adult,2,29
G_pingreensis,3,Adult,2,29
G_pingreensis,3,Adult,2,29
G_pingreensis,3,Adult,2,29
G_pingreensis,3,Adult,2,29
G_pingreensis,3,Adult,2,29
G_pingreensis,3,Adult,2,29
G_pingreensis,3,Adult,2,29
G_pingreensis,3,Adult,2,29
G_pingreensis,3,Adult,2,30
G_pingreensis,3,Adult,2,30
G_pingreensis,3,Adult,2,30
G_pingreensis,3,Adult,2,30
G_pingreensis,3,Adult,2,30
G_pingreensis,3,Adult,2,30
G_pingreensis,3,Adult,2,30
G_pingreensis,3,Adult,2,30
G_pingreensis,3,Adult,2,30
G_pingreensis,3,Adult,2,30
G_pingreensis,3,Adult,2,30
G_pingreensis,3,Adult,2,30
G_pingreensis,3,Adult,2,30
G_pingreensis,3,Adult,2,30
G_pingreensis,3,Adult,2,30
G_pingreensis,3,Adult,2,30
G_pingreensis,3,Adult,2,30
G_pingreensis,3,Adult,2,30
G_pingreensis,3,Adult,2,31
G_pingreensis,3,Adult,2,31
G_pingreensis,3,Adult,2,31
G_pingreensis,3,Adult,2,31
G_pingreensis,3,Adult,2,31
G_pingreensis,3,Adult,2,32
G_pingreensis,3,Adult,2,32
G_pingreensis,3,Adult,2,32
G_pingreensis,3,Adult,2,32
G_pingreensis,3,Adult,3,28
G_pingreensis,3,Adult,3,28
G_pingreensis,3,Adult,3,28
G_pingreensis,3,Adult,3,28
G_pingreensis,3,Adult,3,28
G_pingreensis,3,Adult,3,28
G_pingreensis,3,Adult,3,28
G_pingreensis,3,Adult,3,28
G_pingreensis,3,Adult,3,28
G_pingreensis,3,Adult,3,29
G_pingreensis,3,Adult,3,29
G_pingreensis,3,Adult,3,29
G_pingreensis,3,Adult,3,29
G_pingreensis,3,Adult,3,29
G_pingreensis,3,Adult,3,29
G_pingreensis,3,Adult,3,29
G_pingreensis,3,Adult,3,29
G_pingreensis,3,Adult,3,29
G_pingreensis,3,Adult,3,29
G_pingreensis,3,Adult,3,29
G_pingreensis,3,Adult,3,29
G_pingreensis,3,Adult,3,29
G_pingreensis,3,Adult,3,29
G_pingreensis,3,Adult,3,29
G_pingreensis,3,Adult,3,29
G_pingreensis,3,Adult,3,29
G_pingreensis,3,Adult,3,29
G_pingreensis,3,Adult,3,29
G_pingreensis,3,Adult,3,29
G_pingreensis,3,Adult,3,29
G_pingreensis,3,Adult,3,29
G_pingreensis,3,Adult,3,29
G_pingreensis,3,Adult,3,29
G_pingreensis,3,Adult,3,29
G_pingreensis,3,Adult,3,29
G_pingreensis,3,Adult,3,29
G_pingreensis,3,Adult,3,30
G_pingreensis,3,Adult,3,30
G_pingreensis,3,Adult,3,30
G_pingreensis,3,Adult,3,30
G_pingreensis,3,Adult,3,30
G_pingreensis,3,Adult,3,30
G_pingreensis,3,Adult,3,30
G_pingreensis,3,Adult,3,30
G_pingreensis,3,Adult,3,30
G_pingreensis,3,Adult,3,30
G_pingreensis,3,Adult,3,30
G_pingreensis,3,Adult,3,30
G_pingreensis,3,Adult,3,30
G_pingreensis,3,Adult,3,30
G_pingreensis,3,Adult,3,30
G_pingreensis,3,Adult,3,30
G_pingreensis,3,Adult,3,30
G_pingreensis,3,Adult,3,30
G_pingreensis,3,Adult,3,30
G_pingreensis,3,Adult,3,30
G_pingreensis,3,Adult,3,30
G_pingreensis,3,Adult,3,30
G_pingreensis,3,Adult,3,31
G_pingreensis,3,Adult,3,31
G_pingreensis,3,Adult,3,31
G_pingreensis,3,Adult,3,31
G_pingreensis,3,Adult,3,31
G_pingreensis,3,Adult,4,27
G_pingreensis,3,Adult,4,28
G_pingreensis,3,Adult,4,28
G_pingreensis,3,Adult,4,28
G_pingreensis,3,Adult,4,28
G_pingreensis,3,Adult,4,28
G_pingreensis,3,Adult,4,28
G_pingreensis,3,Adult,4,28
G_pingreensis,3,Adult,4,28
G_pingreensis,3,Adult,4,28
G_pingreensis,3,Adult,4,28
G_pingreensis,3,Adult,4,28
G_pingreensis,3,Adult,4,28
G_pingreensis,3,Adult,4,29
G_pingreensis,3,Adult,4,29
G_pingreensis,3,Adult,4,29
G_pingreensis,3,Adult,4,29
G_pingreensis,3,Adult,4,29
G_pingreensis,3,Adult,4,29
G_pingreensis,3,Adult,4,29
G_pingreensis,3,Adult,4,29
G_pingreensis,3,Adult,4,29
G_pingreensis,3,Adult,4,29
G_pingreensis,3,Adult,4,29
G_pingreensis,3,Adult,4,29
G_pingreensis,3,Adult,4,29
G_pingreensis,3,Adult,4,29
G_pingreensis,3,Adult,4,29
G_pingreensis,3,Adult,4,29
G_pingreensis,3,Adult,4,29
G_pingreensis,3,Adult,4,29
G_pingreensis,3,Adult,4,29
G_pingreensis,3,Adult,4,29
G_pingreensis,3,Adult,4,29
G_pingreensis,3,Adult,4,29
G_pingreensis,3,Adult,4,30
G_pingreensis,3,Adult,4,30
G_pingreensis,3,Adult,4,30
G_pingreensis,3,Adult,4,30
G_pingreensis,3,Adult,4,30
G_pingreensis,3,Adult,4,30
G_pingreensis,3,Adult,4,30
G_pingreensis,3,Adult,4,30
G_pingreensis,3,Adult,4,30
G_pingreensis,3,Adult,4,30
G_pingreensis,3,Adult,4,30
G_pingreensis,3,Adult,4,30
G_pingreensis,3,Adult,4,30
G_pingreensis,3,Adult,4,30
G_pingreensis,3,Adult,4,30
G_pingreensis,3,Adult,4,30
G_pingreensis,3,Adult,4,30
G_pingreensis,3,Adult,4,30
G_pingreensis,3,Adult,4,31
G_pingreensis,3,Adult,4,31
G_pingreensis,3,Adult,4,31
G_pingreensis,3,Adult,4,31
G_pingreensis,3,Adult,4,31
G_pingreensis,3,Adult,4,31
G_pingreensis,3,Adult,4,31
G_pingreensis,3,Adult,4,32
G_pingreensis,3,Adult,4,32
G_pingreensis,3,Adult,5,26
G_pingreensis,3,Adult,5,26
G_pingreensis,3,Adult,5,26
G_pingreensis,3,Adult,5,26
G_pingreensis,3,Adult,5,26
G_pingreensis,3,Adult,5,27
G_pingreensis,3,Adult,5,27
G_pingreensis,3,Adult,5,27
G_pingreensis,3,Adult,5,27
G_pingreensis,3,Adult,5,27
G_pingreensis,3,Adult,5,27
G_pingreensis,3,Adult,5,27
G_pingreensis,3,Adult,5,27
G_pingreensis,3,Adult,5,27
G_pingreensis,3,Adult,5,27
G_pingreensis,3,Adult,5,27
G_pingreensis,3,Adult,5,27
G_pingreensis,3,Adult,5,27
G_pingreensis,3,Adult,5,27
G_pingreensis,3,Adult,5,27
G_pingreensis,3,Adult,5,27
G_pingreensis,3,Adult,5,27
G_pingreensis,3,Adult,5,27
G_pingreensis,3,Adult,5,27
G_pingreensis,3,Adult,5,27
G_pingreensis,3,Adult,5,28
G_pingreensis,3,Adult,5,28
G_pingreensis,3,Adult,5,28
G_pingreensis,3,Adult,5,28
G_pingreensis,3,Adult,5,28
G_pingreensis,3,Adult,5,28
G_pingreensis,3,Adult,5,28
G_pingreensis,3,Adult,5,28
G_pingreensis,3,Adult,5,28
G_pingreensis,3,Adult,5,28
G_pingreensis,3,Adult,5,28
G_pingreensis,3,Adult,5,28
G_pingreensis,3,Adult,5,28
G_pingreensis,3,Adult,5,28
G_pingreensis,3,Adult,5,28
G_pingreensis,3,Adult,5,28
G_pingreensis,3,Adult,5,28
G_pingreensis,3,Adult,5,28
G_pingreensis,3,Adult,5,29
G_pingreensis,3,Adult,5,29
G_pingreensis,3,Adult,5,29
G_pingreensis,3,Adult,5,29
G_pingreensis,3,Adult,5,29
G_pingreensis,3,Adult,5,29
G_pingreensis,3,Adult,5,29
G_pingreensis,3,Adult,5,29
G_pingreensis,3,Adult,5,29
G_pingreensis,3,Adult,5,30
G_pingreensis,3,Adult,5,30
G_pingreensis,3,Adult,5,30
G_pingreensis,3,Adult,5,30
G_pingreensis,3,Adult,5,30
G_pingreensis,3,Adult,5,30
G_pingreensis,3,Adult,6,26
G_pingreensis,3,Adult,6,26
G_pingreensis,3,Adult,6,27
G_pingreensis,3,Adult,6,27
G_pingreensis,3,Adult,6,27
G_pingreensis,3,Adult,6,27
G_pingreensis,3,Adult,6,27
G_pingreensis,3,Adult,6,27
G_pingreensis,3,Adult,6,27
G_pingreensis,3,Adult,6,27
G_pingreensis,3,Adult,6,27
G_pingreensis,3,Adult,6,27
G_pingreensis,3,Adult,6,27
G_pingreensis,3,Adult,6,27
G_pingreensis,3,Adult,6,28
G_pingreensis,3,Adult,6,28
G_pingreensis,3,Adult,6,28
G_pingreensis,3,Adult,6,28
G_pingreensis,3,Adult,6,28
G_pingreensis,3,Adult,6,28
G_pingreensis,3,Adult,6,28
G_pingreensis,3,Adult,6,28
G_pingreensis,3,Adult,6,28
G_pingreensis,3,Adult,6,28
G_pingreensis,3,Adult,6,28
G_pingreensis,3,Adult,6,28
G_pingreensis,3,Adult,6,28
G_pingreensis,3,Adult,6,28
G_pingreensis,3,Adult,6,28
G_pingreensis,3,Adult,6,28
G_pingreensis,3,Adult,6,28
G_pingreensis,3,Adult,6,28
G_pingreensis,3,Adult,6,28
G_pingreensis,3,Adult,6,29
G_pingreensis,3,Adult,6,29
G_pingreensis,3,Adult,6,29
G_pingreensis,3,Adult,6,29
G_pingreensis,3,Adult,6,29
G_pingreensis,3,Adult,6,29
G_pingreensis,3,Adult,6,29
G_pingreensis,3,Adult,6,29
G_pingreensis,3,Adult,6,29
G_pingreensis,3,Adult,6,29
G_pingreensis,3,Adult,6,29
G_pingreensis,3,Adult,6,29
G_pingreensis,3,Adult,6,29
G_pingreensis,3,Adult,6,29
G_pingreensis,3,Adult,6,29
G_pingreensis,3,Adult,6,29
G_pingreensis,3,Adult,6,29
G_pingreensis,3,Adult,6,29
G_pingreensis,3,Adult,6,29
G_pingreensis,3,Adult,6,29
G_pingreensis,3,Adult,6,29
G_pingreensis,3,Adult,6,29
G_pingreensis,3,Adult,6,30
G_pingreensis,3,Adult,6,30
G_pingreensis,3,Adult,6,30
G_pingreensis,3,Adult,6,30
G_pingreensis,3,Adult,6,30
G_pingreensis,3,Adult,6,31
G_pingreensis,3,Adult,7,26
G_pingreensis,3,Adult,7,27
G_pingreensis,3,Adult,7,27
G_pingreensis,3,Adult,7,27
G_pingreensis,3,Adult,7,27
G_pingreensis,3,Adult,7,27
G_pingreensis,3,Adult,7,27
G_pingreensis,3,Adult,7,27
G_pingreensis,3,Adult,7,27
G_pingreensis,3,Adult,7,28
G_pingreensis,3,Adult,7,28
G_pingreensis,3,Adult,7,28
G_pingreensis,3,Adult,7,28
G_pingreensis,3,Adult,7,28
G_pingreensis,3,Adult,7,28
G_pingreensis,3,Adult,7,28
G_pingreensis,3,Adult,7,28
G_pingreensis,3,Adult,7,28
G_pingreensis,3,Adult,7,28
G_pingreensis,3,Adult,7,28
G_pingreensis,3,Adult,7,28
G_pingreensis,3,Adult,7,28
G_pingreensis,3,Adult,7,28
G_pingreensis,3,Adult,7,28
G_pingreensis,3,Adult,7,28
G_pingreensis,3,Adult,7,28
G_pingreensis,3,Adult,7,28
G_pingreensis,3,Adult,7,28
G_pingreensis,3,Adult,7,28
G_pingreensis,3,Adult,7,28
G_pingreensis,3,Adult,7,29
G_pingreensis,3,Adult,7,29
G_pingreensis,3,Adult,7,29
G_pingreensis,3,Adult,7,29
G_pingreensis,3,Adult,7,29
G_pingreensis,3,Adult,7,29
G_pingreensis,3,Adult,7,29
G_pingreensis,3,Adult,7,29
G_pingreensis,3,Adult,7,29
G_pingreensis,3,Adult,7,29
G_pingreensis,3,Adult,7,29
G_pingreensis,3,Adult,7,29
G_pingreensis,3,Adult,7,29
G_pingreensis,3,Adult,7,29
G_pingreensis,3,Adult,7,29
G_pingreensis,3,Adult,7,30
G_pingreensis,3,Adult,7,30
G_pingreensis,3,Adult,7,30
G_pingreensis,3,Adult,7,30
G_pingreensis,3,Adult,7,30
G_pingreensis,3,Adult,7,30
G_pingreensis,3,Adult,7,30
G_pingreensis,3,Adult,7,30
G_pingreensis,3,Adult,7,30
G_pingreensis,3,Adult,7,30
G_pingreensis,3,Adult,7,31
G_pingreensis,3,Adult,7,31
G_pingreensis,3,Adult,7,32
G_pingreensis,3,Adult,7,32
G_pingreensis,3,Adult,8,28
G_pingreensis,3,Adult,8,28
G_pingreensis,3,Adult,8,28
G_pingreensis,3,Adult,8,28
G_pingreensis,3,Adult,8,29
G_pingreensis,3,Adult,8,29
G_pingreensis,3,Adult,8,29
G_pingreensis,3,Adult,8,29
G_pingreensis,3,Adult,8,29
G_pingreensis,3,Adult,8,29
G_pingreensis,3,Adult,8,29
G_pingreensis,3,Adult,8,29
G_pingreensis,3,Adult,8,29
G_pingreensis,3,Adult,8,29
G_pingreensis,3,Adult,8,29
G_pingreensis,3,Adult,8,29
G_pingreensis,3,Adult,8,29
G_pingreensis,3,Adult,8,29
G_pingreensis,3,Adult,8,29
G_pingreensis,3,Adult,8,29
G_pingreensis,3,Adult,8,29
G_pingreensis,3,Adult,8,29
G_pingreensis,3,Adult,8,29
G_pingreensis,3,Adult,8,29
G_pingreensis,3,Adult,8,29
G_pingreensis,3,Adult,8,29
G_pingreensis,3,Adult,8,30
G_pingreensis,3,Adult,8,30
G_pingreensis,3,Adult,8,30
G_pingreensis,3,Adult,8,30
G_pingreensis,3,Adult,8,30
G_pingreensis,3,Adult,8,30
G_pingreensis,3,Adult,8,30
G_pingreensis,3,Adult,8,30
G_pingreensis,3,Adult,8,30
G_pingreensis,3,Adult,8,30
G_pingreensis,3,Adult,8,30
G_pingreensis,3,Adult,8,30
G_pingreensis,3,Adult,8,30
G_pingreensis,3,Adult,8,31
G_pingreensis,3,Adult,8,31
G_pingreensis,3,Adult,8,31
G_pingreensis,3,Adult,8,31
G_pingreensis,3,Adult,8,31
G_pingreensis,3,Adult,8,31
G_pingreensis,3,Adult,8,31
G_pingreensis,3,Adult,8,31
G_pingreensis,3,Adult,8,32
G_pingreensis,3,Adult,8,32
G_pingreensis,3,Adult,8,32
G_pingreensis,3,Adult,8,32
G_pingreensis,3,Adult,8,32
G_pingreensis,3,Adult,8,32
G_pingreensis,3,Adult,8,32
G_pingreensis,3,Adult,8,33
G_pingreensis,3,Adult,8,40
G_pingreensis,4,2,1,5
G_pingreensis,4,2,1,5
G_pingreensis,4,2,1,5
G_pingreensis,4,2,1,5
G_pingreensis,4,2,1,5
G_pingreensis,4,2,1,5
G_pingreensis,4,2,1,5
G_pingreensis,4,2,1,5
G_pingreensis,4,2,1,5
G_pingreensis,4,2,1,5
G_pingreensis,4,2,1,5
G_pingreensis,4,2,1,5
G_pingreensis,4,2,1,5
G_pingreensis,4,2,1,5
G_pingreensis,4,2,1,5
G_pingreensis,4,2,1,5
G_pingreensis,4,2,1,5
G_pingreensis,4,2,1,5
G_pingreensis,4,2,1,5
G_pingreensis,4,2,1,5
G_pingreensis,4,2,1,5
G_pingreensis,4,2,1,5
G_pingreensis,4,2,1,5
G_pingreensis,4,2,1,5
G_pingreensis,4,2,1,5
G_pingreensis,4,2,1,5
G_pingreensis,4,2,1,5
G_pingreensis,4,2,1,5
G_pingreensis,4,2,1,5
G_pingreensis,4,2,1,5
G_pingreensis,4,2,1,5
G_pingreensis,4,2,1,5
G_pingreensis,4,2,1,5
G_pingreensis,4,2,1,5
G_pingreensis,4,2,1,5
G_pingreensis,4,2,1,5
G_pingreensis,4,2,1,5
G_pingreensis,4,2,1,5
G_pingreensis,4,2,1,5
G_pingreensis,4,2,1,5
G_pingreensis,4,2,1,5
G_pingreensis,4,2,1,5
G_pingreensis,4,2,1,5
G_pingreensis,4,2,1,5
G_pingreensis,4,2,1,5
G_pingreensis,4,2,1,5
G_pingreensis,4,2,1,5
G_pingreensis,4,2,1,5
G_pingreensis,4,2,1,6
G_pingreensis,4,2,1,6
G_pingreensis,4,2,1,6
G_pingreensis,4,2,1,6
G_pingreensis,4,2,1,6
G_pingreensis,4,2,1,6
G_pingreensis,4,2,1,6
G_pingreensis,4,2,1,6
G_pingreensis,4,2,1,6
G_pingreensis,4,2,1,6
G_pingreensis,4,2,1,6
G_pingreensis,4,2,1,6
G_pingreensis,4,2,1,6
G_pingreensis,4,2,1,6
G_pingreensis,4,2,1,6
G_pingreensis,4,2,1,6
G_pingreensis,4,2,2,5
G_pingreensis,4,2,2,5
G_pingreensis,4,2,2,5
G_pingreensis,4,2,2,5
G_pingreensis,4,2,2,5
G_pingreensis,4,2,2,5
G_pingreensis,4,2,2,5
G_pingreensis,4,2,2,5
G_pingreensis,4,2,2,5
G_pingreensis,4,2,2,5
G_pingreensis,4,2,2,5
G_pingreensis,4,2,2,5
G_pingreensis,4,2,2,5
G_pingreensis,4,2,2,6
G_pingreensis,4,2,2,6
G_pingreensis,4,2,2,6
G_pingreensis,4,2,2,6
G_pingreensis,4,2,2,6
G_pingreensis,4,2,2,6
G_pingreensis,4,2,2,6
G_pingreensis,4,2,2,6
G_pingreensis,4,2,2,6
G_pingreensis,4,2,2,6
G_pingreensis,4,2,2,6
G_pingreensis,4,2,2,6
G_pingreensis,4,2,2,6
G_pingreensis,4,2,2,6
G_pingreensis,4,2,2,6
G_pingreensis,4,2,2,6
G_pingreensis,4,2,2,6
G_pingreensis,4,2,2,6
G_pingreensis,4,2,2,6
G_pingreensis,4,2,2,6
G_pingreensis,4,2,2,6
G_pingreensis,4,2,2,6
G_pingreensis,4,2,2,6
G_pingreensis,4,2,2,6
G_pingreensis,4,2,2,6
G_pingreensis,4,2,2,6
G_pingreensis,4,2,2,6
G_pingreensis,4,2,2,6
G_pingreensis,4,2,2,6
G_pingreensis,4,2,2,6
G_pingreensis,4,2,2,6
G_pingreensis,4,2,2,6
G_pingreensis,4,2,2,6
G_pingreensis,4,2,2,6
G_pingreensis,4,2,2,6
G_pingreensis,4,2,2,6
G_pingreensis,4,2,2,6
G_pingreensis,4,2,2,6
G_pingreensis,4,2,2,6
G_pingreensis,4,2,2,6
G_pingreensis,4,2,2,7
G_pingreensis,4,2,2,7
G_pingreensis,4,2,2,7
G_pingreensis,4,2,2,7
G_pingreensis,4,2,2,7
G_pingreensis,4,2,2,7
G_pingreensis,4,2,2,7
G_pingreensis,4,2,3,5
G_pingreensis,4,2,3,5
G_pingreensis,4,2,3,5
G_pingreensis,4,2,3,5
G_pingreensis,4,2,3,5
G_pingreensis,4,2,3,5
G_pingreensis,4,2,3,5
G_pingreensis,4,2,3,5
G_pingreensis,4,2,3,5
G_pingreensis,4,2,3,5
G_pingreensis,4,2,3,5
G_pingreensis,4,2,3,5
G_pingreensis,4,2,3,5
G_pingreensis,4,2,3,5
G_pingreensis,4,2,3,5
G_pingreensis,4,2,3,5
G_pingreensis,4,2,3,5
G_pingreensis,4,2,3,5
G_pingreensis,4,2,3,5
G_pingreensis,4,2,3,5
G_pingreensis,4,2,3,5
G_pingreensis,4,2,3,5
G_pingreensis,4,2,3,5
G_pingreensis,4,2,3,5
G_pingreensis,4,2,3,5
G_pingreensis,4,2,3,5
G_pingreensis,4,2,3,5
G_pingreensis,4,2,3,5
G_pingreensis,4,2,3,5
G_pingreensis,4,2,3,5
G_pingreensis,4,2,3,5
G_pingreensis,4,2,3,5
G_pingreensis,4,2,3,5
G_pingreensis,4,2,3,5
G_pingreensis,4,2,3,5
G_pingreensis,4,2,3,5
G_pingreensis,4,2,3,5
G_pingreensis,4,2,3,5
G_pingreensis,4,2,3,5
G_pingreensis,4,2,3,5
G_pingreensis,4,2,3,5
G_pingreensis,4,2,3,5
G_pingreensis,4,2,3,6
G_pingreensis,4,2,3,6
G_pingreensis,4,2,3,6
G_pingreensis,4,2,3,6
G_pingreensis,4,2,3,6
G_pingreensis,4,2,3,6
G_pingreensis,4,2,3,6
G_pingreensis,4,2,3,6
G_pingreensis,4,2,3,6
G_pingreensis,4,2,3,6
G_pingreensis,4,2,3,6
G_pingreensis,4,2,3,6
G_pingreensis,4,2,3,6
G_pingreensis,4,2,3,6
G_pingreensis,4,2,3,6
G_pingreensis,4,2,3,6
G_pingreensis,4,2,3,6
G_pingreensis,4,2,4,4
G_pingreensis,4,2,4,5
G_pingreensis,4,2,4,5
G_pingreensis,4,2,4,5
G_pingreensis,4,2,4,5
G_pingreensis,4,2,4,5
G_pingreensis,4,2,4,5
G_pingreensis,4,2,4,5
G_pingreensis,4,2,4,5
G_pingreensis,4,2,4,5
G_pingreensis,4,2,4,5
G_pingreensis,4,2,4,5
G_pingreensis,4,2,4,5
G_pingreensis,4,2,4,5
G_pingreensis,4,2,4,5
G_pingreensis,4,2,4,5
G_pingreensis,4,2,4,5
G_pingreensis,4,2,4,5
G_pingreensis,4,2,4,5
G_pingreensis,4,2,4,5
G_pingreensis,4,2,4,5
G_pingreensis,4,2,4,5
G_pingreensis,4,2,4,5
G_pingreensis,4,2,4,5
G_pingreensis,4,2,4,5
G_pingreensis,4,2,4,5
G_pingreensis,4,2,4,5
G_pingreensis,4,2,4,5
G_pingreensis,4,2,4,5
G_pingreensis,4,2,4,5
G_pingreensis,4,2,4,5
G_pingreensis,4,2,4,5
G_pingreensis,4,2,4,5
G_pingreensis,4,2,4,5
G_pingreensis,4,2,4,5
G_pingreensis,4,2,4,5
G_pingreensis,4,2,4,5
G_pingreensis,4,2,4,5
G_pingreensis,4,2,4,5
G_pingreensis,4,2,4,5
G_pingreensis,4,2,4,5
G_pingreensis,4,2,4,5
G_pingreensis,4,2,4,5
G_pingreensis,4,2,4,5
G_pingreensis,4,2,4,5
G_pingreensis,4,2,4,5
G_pingreensis,4,2,4,5
G_pingreensis,4,2,4,5
G_pingreensis,4,2,4,5
G_pingreensis,4,2,4,5
G_pingreensis,4,2,4,5
G_pingreensis,4,2,4,5
G_pingreensis,4,2,4,5
G_pingreensis,4,2,4,5
G_pingreensis,4,2,4,5
G_pingreensis,4,2,4,5
G_pingreensis,4,2,4,5
G_pingreensis,4,2,4,5
G_pingreensis,4,2,4,5
G_pingreensis,4,2,4,6
G_pingreensis,4,2,4,6
G_pingreensis,4,2,4,6
G_pingreensis,4,2,4,6
G_pingreensis,4,2,4,6
G_pingreensis,4,2,4,7
G_pingreensis,4,2,5,5
G_pingreensis,4,2,5,5
G_pingreensis,4,2,5,5
G_pingreensis,4,2,5,5
G_pingreensis,4,2,5,5
G_pingreensis,4,2,5,5
G_pingreensis,4,2,5,5
G_pingreensis,4,2,5,5
G_pingreensis,4,2,5,5
G_pingreensis,4,2,5,5
G_pingreensis,4,2,5,5
G_pingreensis,4,2,5,5
G_pingreensis,4,2,5,5
G_pingreensis,4,2,5,5
G_pingreensis,4,2,5,5
G_pingreensis,4,2,5,5
G_pingreensis,4,2,5,5
G_pingreensis,4,2,5,5
G_pingreensis,4,2,5,5
G_pingreensis,4,2,5,5
G_pingreensis,4,2,5,6
G_pingreensis,4,2,5,6
G_pingreensis,4,2,5,6
G_pingreensis,4,2,5,6
G_pingreensis,4,2,5,6
G_pingreensis,4,2,5,6
G_pingreensis,4,2,5,6
G_pingreensis,4,2,5,6
G_pingreensis,4,2,5,6
G_pingreensis,4,2,5,6
G_pingreensis,4,2,5,6
G_pingreensis,4,2,5,6
G_pingreensis,4,2,5,6
G_pingreensis,4,2,5,6
G_pingreensis,4,2,5,6
G_pingreensis,4,2,5,6
G_pingreensis,4,2,5,6
G_pingreensis,4,2,5,6
G_pingreensis,4,2,5,6
G_pingreensis,4,2,5,6
G_pingreensis,4,2,5,6
G_pingreensis,4,2,5,6
G_pingreensis,4,2,5,6
G_pingreensis,4,2,5,6
G_pingreensis,4,2,5,6
G_pingreensis,4,2,5,6
G_pingreensis,4,2,5,6
G_pingreensis,4,2,5,6
G_pingreensis,4,2,5,6
G_pingreensis,4,2,5,6
G_pingreensis,4,2,5,6
G_pingreensis,4,2,5,6
G_pingreensis,4,2,5,6
G_pingreensis,4,2,5,6
G_pingreensis,4,2,5,6
G_pingreensis,4,2,5,6
G_pingreensis,4,2,5,6
G_pingreensis,4,2,5,6
G_pingreensis,4,2,5,6
G_pingreensis,4,2,5,6
G_pingreensis,4,2,5,6
G_pingreensis,4,2,5,6
G_pingreensis,4,2,5,7
G_pingreensis,4,2,6,5
G_pingreensis,4,2,6,5
G_pingreensis,4,2,6,5
G_pingreensis,4,2,6,5
G_pingreensis,4,2,6,5
G_pingreensis,4,2,6,5
G_pingreensis,4,2,6,5
G_pingreensis,4,2,6,5
G_pingreensis,4,2,6,5
G_pingreensis,4,2,6,5
G_pingreensis,4,2,6,5
G_pingreensis,4,2,6,5
G_pingreensis,4,2,6,5
G_pingreensis,4,2,6,5
G_pingreensis,4,2,6,5
G_pingreensis,4,2,6,5
G_pingreensis,4,2,6,5
G_pingreensis,4,2,6,5
G_pingreensis,4,2,6,5
G_pingreensis,4,2,6,5
G_pingreensis,4,2,6,5
G_pingreensis,4,2,6,5
G_pingreensis,4,2,6,5
G_pingreensis,4,2,6,5
G_pingreensis,4,2,6,5
G_pingreensis,4,2,6,5
G_pingreensis,4,2,6,5
G_pingreensis,4,2,6,6
G_pingreensis,4,2,6,6
G_pingreensis,4,2,6,6
G_pingreensis,4,2,6,6
G_pingreensis,4,2,6,6
G_pingreensis,4,2,6,6
G_pingreensis,4,2,6,6
G_pingreensis,4,2,6,6
G_pingreensis,4,2,6,6
G_pingreensis,4,2,6,6
G_pingreensis,4,2,6,6
G_pingreensis,4,2,6,6
G_pingreensis,4,2,6,6
G_pingreensis,4,2,6,6
G_pingreensis,4,2,6,6
G_pingreensis,4,2,6,6
G_pingreensis,4,2,6,6
G_pingreensis,4,2,6,6
G_pingreensis,4,2,6,6
G_pingreensis,4,2,6,6
G_pingreensis,4,2,6,6
G_pingreensis,4,2,6,6
G_pingreensis,4,2,6,6
G_pingreensis,4,2,6,6
G_pingreensis,4,2,6,6
G_pingreensis,4,2,6,6
G_pingreensis,4,2,6,6
G_pingreensis,4,2,6,6
G_pingreensis,4,2,6,6
G_pingreensis,4,2,6,6
G_pingreensis,4,2,6,6
G_pingreensis,4,2,6,6
G_pingreensis,4,2,6,6
G_pingreensis,4,2,6,6
G_pingreensis,4,2,6,6
G_pingreensis,4,2,6,6
G_pingreensis,4,2,7,5
G_pingreensis,4,2,7,5
G_pingreensis,4,2,7,5
G_pingreensis,4,2,7,5
G_pingreensis,4,2,7,5
G_pingreensis,4,2,7,5
G_pingreensis,4,2,7,5
G_pingreensis,4,2,7,5
G_pingreensis,4,2,7,5
G_pingreensis,4,2,7,5
G_pingreensis,4,2,7,5
G_pingreensis,4,2,7,5
G_pingreensis,4,2,7,5
G_pingreensis,4,2,7,5
G_pingreensis,4,2,7,5
G_pingreensis,4,2,7,5
G_pingreensis,4,2,7,5
G_pingreensis,4,2,7,5
G_pingreensis,4,2,7,5
G_pingreensis,4,2,7,5
G_pingreensis,4,2,7,5
G_pingreensis,4,2,7,5
G_pingreensis,4,2,7,5
G_pingreensis,4,2,7,5
G_pingreensis,4,2,7,5
G_pingreensis,4,2,7,5
G_pingreensis,4,2,7,5
G_pingreensis,4,2,7,5
G_pingreensis,4,2,7,5
G_pingreensis,4,2,7,5
G_pingreensis,4,2,7,5
G_pingreensis,4,2,7,5
G_pingreensis,4,2,7,5
G_pingreensis,4,2,7,5
G_pingreensis,4,2,7,5
G_pingreensis,4,2,7,6
G_pingreensis,4,2,7,6
G_pingreensis,4,2,7,6
G_pingreensis,4,2,7,6
G_pingreensis,4,2,7,6
G_pingreensis,4,2,7,6
G_pingreensis,4,2,7,6
G_pingreensis,4,2,7,6
G_pingreensis,4,2,7,6
G_pingreensis,4,2,7,6
G_pingreensis,4,2,7,6
G_pingreensis,4,2,7,6
G_pingreensis,4,2,7,6
G_pingreensis,4,2,7,6
G_pingreensis,4,2,7,6
G_pingreensis,4,2,7,6
G_pingreensis,4,2,7,6
G_pingreensis,4,2,7,6
G_pingreensis,4,2,7,6
G_pingreensis,4,2,7,6
G_pingreensis,4,2,7,6
G_pingreensis,4,2,7,6
G_pingreensis,4,2,7,6
G_pingreensis,4,2,7,6
G_pingreensis,4,2,7,6
G_pingreensis,4,2,7,6
G_pingreensis,4,2,7,6
G_pingreensis,4,2,7,6
G_pingreensis,4,2,7,6
G_pingreensis,4,2,8,6
G_pingreensis,4,2,8,6
G_pingreensis,4,2,8,6
G_pingreensis,4,2,8,6
G_pingreensis,4,2,8,6
G_pingreensis,4,2,8,6
G_pingreensis,4,2,8,6
G_pingreensis,4,2,8,6
G_pingreensis,4,2,8,6
G_pingreensis,4,2,8,6
G_pingreensis,4,2,8,6
G_pingreensis,4,2,8,6
G_pingreensis,4,2,8,6
G_pingreensis,4,2,8,6
G_pingreensis,4,2,8,6
G_pingreensis,4,2,8,6
G_pingreensis,4,2,8,6
G_pingreensis,4,2,8,6
G_pingreensis,4,2,8,6
G_pingreensis,4,2,8,6
G_pingreensis,4,2,8,6
G_pingreensis,4,2,8,6
G_pingreensis,4,2,8,6
G_pingreensis,4,2,8,6
G_pingreensis,4,2,8,6
G_pingreensis,4,2,8,6
G_pingreensis,4,2,8,6
G_pingreensis,4,2,8,6
G_pingreensis,4,2,8,6
G_pingreensis,4,2,8,6
G_pingreensis,4,2,8,6
G_pingreensis,4,2,8,6
G_pingreensis,4,2,8,6
G_pingreensis,4,2,8,6
G_pingreensis,4,2,8,6
G_pingreensis,4,2,8,6
G_pingreensis,4,2,8,6
G_pingreensis,4,2,8,6
G_pingreensis,4,2,8,6
G_pingreensis,4,2,8,6
G_pingreensis,4,2,8,6
G_pingreensis,4,2,8,6
G_pingreensis,4,2,8,6
G_pingreensis,4,2,8,6
G_pingreensis,4,2,8,6
G_pingreensis,4,2,8,6
G_pingreensis,4,2,8,6
G_pingreensis,4,2,8,6
G_pingreensis,4,2,8,6
G_pingreensis,4,2,8,6
G_pingreensis,4,2,8,6
G_pingreensis,4,2,8,6
G_pingreensis,4,2,8,6
G_pingreensis,4,2,8,6
G_pingreensis,4,2,8,6
G_pingreensis,4,2,8,6
G_pingreensis,4,2,8,7
G_pingreensis,4,2,8,7
G_pingreensis,4,2,8,7
G_pingreensis,4,2,8,7
G_pingreensis,4,2,8,7
G_pingreensis,4,2,8,7
G_pingreensis,4,2,8,7
G_pingreensis,4,2,8,7
G_pingreensis,4,2,8,11
G_pingreensis,4,3,1,9
G_pingreensis,4,3,1,9
G_pingreensis,4,3,1,9
G_pingreensis,4,3,1,9
G_pingreensis,4,3,1,9
G_pingreensis,4,3,1,9
G_pingreensis,4,3,1,9
G_pingreensis,4,3,1,9
G_pingreensis,4,3,1,9
G_pingreensis,4,3,1,9
G_pingreensis,4,3,1,9
G_pingreensis,4,3,1,9
G_pingreensis,4,3,1,9
G_pingreensis,4,3,1,9
G_pingreensis,4,3,1,9
G_pingreensis,4,3,1,9
G_pingreensis,4,3,1,9
G_pingreensis,4,3,1,9
G_pingreensis,4,3,1,9
G_pingreensis,4,3,1,9
G_pingreensis,4,3,1,9
G_pingreensis,4,3,1,9
G_pingreensis,4,3,1,9
G_pingreensis,4,3,1,9
G_pingreensis,4,3,1,9
G_pingreensis,4,3,1,9
G_pingreensis,4,3,1,9
G_pingreensis,4,3,1,9
G_pingreensis,4,3,1,10
G_pingreensis,4,3,1,10
G_pingreensis,4,3,1,10
G_pingreensis,4,3,1,10
G_pingreensis,4,3,1,10
G_pingreensis,4,3,1,10
G_pingreensis,4,3,1,10
G_pingreensis,4,3,1,10
G_pingreensis,4,3,1,10
G_pingreensis,4,3,1,10
G_pingreensis,4,3,1,10
G_pingreensis,4,3,1,10
G_pingreensis,4,3,1,10
G_pingreensis,4,3,1,10
G_pingreensis,4,3,1,10
G_pingreensis,4,3,1,10
G_pingreensis,4,3,1,10
G_pingreensis,4,3,1,10
G_pingreensis,4,3,1,10
G_pingreensis,4,3,1,10
G_pingreensis,4,3,1,10
G_pingreensis,4,3,1,10
G_pingreensis,4,3,1,10
G_pingreensis,4,3,1,10
G_pingreensis,4,3,1,10
G_pingreensis,4,3,1,10
G_pingreensis,4,3,1,10
G_pingreensis,4,3,1,10
G_pingreensis,4,3,1,10
G_pingreensis,4,3,1,10
G_pingreensis,4,3,1,10
G_pingreensis,4,3,1,10
G_pingreensis,4,3,1,10
G_pingreensis,4,3,1,10
G_pingreensis,4,3,1,11
G_pingreensis,4,3,1,11
G_pingreensis,4,3,2,9
G_pingreensis,4,3,2,10
G_pingreensis,4,3,2,10
G_pingreensis,4,3,2,10
G_pingreensis,4,3,2,10
G_pingreensis,4,3,2,10
G_pingreensis,4,3,2,10
G_pingreensis,4,3,2,10
G_pingreensis,4,3,2,10
G_pingreensis,4,3,2,10
G_pingreensis,4,3,2,10
G_pingreensis,4,3,2,10
G_pingreensis,4,3,2,10
G_pingreensis,4,3,2,10
G_pingreensis,4,3,2,10
G_pingreensis,4,3,2,10
G_pingreensis,4,3,2,10
G_pingreensis,4,3,2,10
G_pingreensis,4,3,2,10
G_pingreensis,4,3,2,10
G_pingreensis,4,3,2,10
G_pingreensis,4,3,2,10
G_pingreensis,4,3,2,10
G_pingreensis,4,3,2,10
G_pingreensis,4,3,2,10
G_pingreensis,4,3,2,10
G_pingreensis,4,3,2,10
G_pingreensis,4,3,2,10
G_pingreensis,4,3,2,10
G_pingreensis,4,3,2,10
G_pingreensis,4,3,2,10
G_pingreensis,4,3,2,10
G_pingreensis,4,3,2,11
G_pingreensis,4,3,2,11
G_pingreensis,4,3,2,11
G_pingreensis,4,3,2,11
G_pingreensis,4,3,2,11
G_pingreensis,4,3,2,11
G_pingreensis,4,3,2,11
G_pingreensis,4,3,2,11
G_pingreensis,4,3,2,11
G_pingreensis,4,3,2,11
G_pingreensis,4,3,2,11
G_pingreensis,4,3,2,11
G_pingreensis,4,3,2,11
G_pingreensis,4,3,2,11
G_pingreensis,4,3,2,11
G_pingreensis,4,3,2,11
G_pingreensis,4,3,2,11
G_pingreensis,4,3,2,11
G_pingreensis,4,3,2,11
G_pingreensis,4,3,2,12
G_pingreensis,4,3,2,12
G_pingreensis,4,3,2,12
G_pingreensis,4,3,2,12
G_pingreensis,4,3,2,12
G_pingreensis,4,3,2,12
G_pingreensis,4,3,2,12
G_pingreensis,4,3,2,12
G_pingreensis,4,3,3,9
G_pingreensis,4,3,3,9
G_pingreensis,4,3,3,9
G_pingreensis,4,3,3,9
G_pingreensis,4,3,3,9
G_pingreensis,4,3,3,9
G_pingreensis,4,3,3,10
G_pingreensis,4,3,3,10
G_pingreensis,4,3,3,10
G_pingreensis,4,3,3,10
G_pingreensis,4,3,3,10
G_pingreensis,4,3,3,10
G_pingreensis,4,3,3,10
G_pingreensis,4,3,3,10
G_pingreensis,4,3,3,10
G_pingreensis,4,3,3,10
G_pingreensis,4,3,3,10
G_pingreensis,4,3,3,10
G_pingreensis,4,3,3,10
G_pingreensis,4,3,3,10
G_pingreensis,4,3,3,10
G_pingreensis,4,3,3,10
G_pingreensis,4,3,3,10
G_pingreensis,4,3,3,10
G_pingreensis,4,3,3,10
G_pingreensis,4,3,3,10
G_pingreensis,4,3,3,10
G_pingreensis,4,3,3,10
G_pingreensis,4,3,3,10
G_pingreensis,4,3,3,10
G_pingreensis,4,3,3,10
G_pingreensis,4,3,3,10
G_pingreensis,4,3,3,10
G_pingreensis,4,3,3,10
G_pingreensis,4,3,3,10
G_pingreensis,4,3,3,10
G_pingreensis,4,3,3,10
G_pingreensis,4,3,3,10
G_pingreensis,4,3,3,10
G_pingreensis,4,3,3,10
G_pingreensis,4,3,3,10
G_pingreensis,4,3,3,10
G_pingreensis,4,3,3,10
G_pingreensis,4,3,3,10
G_pingreensis,4,3,3,10
G_pingreensis,4,3,3,10
G_pingreensis,4,3,3,10
G_pingreensis,4,3,3,10
G_pingreensis,4,3,3,10
G_pingreensis,4,3,3,11
G_pingreensis,4,3,3,11
G_pingreensis,4,3,3,11
G_pingreensis,4,3,3,11
G_pingreensis,4,3,3,11
G_pingreensis,4,3,3,11
G_pingreensis,4,3,3,11
G_pingreensis,4,3,3,11
G_pingreensis,4,3,3,11
G_pingreensis,4,3,3,12
G_pingreensis,4,3,4,8
G_pingreensis,4,3,4,9
G_pingreensis,4,3,4,9
G_pingreensis,4,3,4,9
G_pingreensis,4,3,4,9
G_pingreensis,4,3,4,9
G_pingreensis,4,3,4,9
G_pingreensis,4,3,4,9
G_pingreensis,4,3,4,9
G_pingreensis,4,3,4,9
G_pingreensis,4,3,4,9
G_pingreensis,4,3,4,9
G_pingreensis,4,3,4,9
G_pingreensis,4,3,4,9
G_pingreensis,4,3,4,9
G_pingreensis,4,3,4,9
G_pingreensis,4,3,4,9
G_pingreensis,4,3,4,9
G_pingreensis,4,3,4,9
G_pingreensis,4,3,4,9
G_pingreensis,4,3,4,9
G_pingreensis,4,3,4,9
G_pingreensis,4,3,4,9
G_pingreensis,4,3,4,9
G_pingreensis,4,3,4,9
G_pingreensis,4,3,4,9
G_pingreensis,4,3,4,9
G_pingreensis,4,3,4,9
G_pingreensis,4,3,4,9
G_pingreensis,4,3,4,9
G_pingreensis,4,3,4,9
G_pingreensis,4,3,4,9
G_pingreensis,4,3,4,9
G_pingreensis,4,3,4,9
G_pingreensis,4,3,4,9
G_pingreensis,4,3,4,9
G_pingreensis,4,3,4,9
G_pingreensis,4,3,4,9
G_pingreensis,4,3,4,9
G_pingreensis,4,3,4,9
G_pingreensis,4,3,4,9
G_pingreensis,4,3,4,9
G_pingreensis,4,3,4,9
G_pingreensis,4,3,4,9
G_pingreensis,4,3,4,9
G_pingreensis,4,3,4,9
G_pingreensis,4,3,4,9
G_pingreensis,4,3,4,9
G_pingreensis,4,3,4,9
G_pingreensis,4,3,4,9
G_pingreensis,4,3,4,10
G_pingreensis,4,3,4,10
G_pingreensis,4,3,4,10
G_pingreensis,4,3,4,10
G_pingreensis,4,3,4,10
G_pingreensis,4,3,4,10
G_pingreensis,4,3,4,10
G_pingreensis,4,3,4,10
G_pingreensis,4,3,4,10
G_pingreensis,4,3,4,10
G_pingreensis,4,3,4,10
G_pingreensis,4,3,4,10
G_pingreensis,4,3,4,10
G_pingreensis,4,3,4,10
G_pingreensis,4,3,4,10
G_pingreensis,4,3,5,9
G_pingreensis,4,3,5,9
G_pingreensis,4,3,5,10
G_pingreensis,4,3,5,10
G_pingreensis,4,3,5,10
G_pingreensis,4,3,5,10
G_pingreensis,4,3,5,10
G_pingreensis,4,3,5,10
G_pingreensis,4,3,5,10
G_pingreensis,4,3,5,10
G_pingreensis,4,3,5,10
G_pingreensis,4,3,5,10
G_pingreensis,4,3,5,10
G_pingreensis,4,3,5,10
G_pingreensis,4,3,5,10
G_pingreensis,4,3,5,10
G_pingreensis,4,3,5,10
G_pingreensis,4,3,5,10
G_pingreensis,4,3,5,10
G_pingreensis,4,3,5,10
G_pingreensis,4,3,5,10
G_pingreensis,4,3,5,10
G_pingreensis,4,3,5,10
G_pingreensis,4,3,5,10
G_pingreensis,4,3,5,10
G_pingreensis,4,3,5,10
G_pingreensis,4,3,5,10
G_pingreensis,4,3,5,10
G_pingreensis,4,3,5,10
G_pingreensis,4,3,5,10
G_pingreensis,4,3,5,10
G_pingreensis,4,3,5,10
G_pingreensis,4,3,5,10
G_pingreensis,4,3,5,10
G_pingreensis,4,3,5,10
G_pingreensis,4,3,5,10
G_pingreensis,4,3,5,10
G_pingreensis,4,3,5,10
G_pingreensis,4,3,5,10
G_pingreensis,4,3,5,10
G_pingreensis,4,3,5,10
G_pingreensis,4,3,5,10
G_pingreensis,4,3,5,10
G_pingreensis,4,3,5,10
G_pingreensis,4,3,5,10
G_pingreensis,4,3,5,10
G_pingreensis,4,3,5,10
G_pingreensis,4,3,5,10
G_pingreensis,4,3,5,10
G_pingreensis,4,3,5,10
G_pingreensis,4,3,5,10
G_pingreensis,4,3,5,10
G_pingreensis,4,3,5,10
G_pingreensis,4,3,5,10
G_pingreensis,4,3,5,10
G_pingreensis,4,3,5,10
G_pingreensis,4,3,5,11
G_pingreensis,4,3,5,11
G_pingreensis,4,3,5,11
G_pingreensis,4,3,5,11
G_pingreensis,4,3,5,11
G_pingreensis,4,3,5,11
G_pingreensis,4,3,5,11
G_pingreensis,4,3,6,9
G_pingreensis,4,3,6,9
G_pingreensis,4,3,6,9
G_pingreensis,4,3,6,9
G_pingreensis,4,3,6,10
G_pingreensis,4,3,6,10
G_pingreensis,4,3,6,10
G_pingreensis,4,3,6,10
G_pingreensis,4,3,6,10
G_pingreensis,4,3,6,10
G_pingreensis,4,3,6,10
G_pingreensis,4,3,6,10
G_pingreensis,4,3,6,10
G_pingreensis,4,3,6,10
G_pingreensis,4,3,6,10
G_pingreensis,4,3,6,10
G_pingreensis,4,3,6,10
G_pingreensis,4,3,6,10
G_pingreensis,4,3,6,10
G_pingreensis,4,3,6,10
G_pingreensis,4,3,6,10
G_pingreensis,4,3,6,10
G_pingreensis,4,3,6,10
G_pingreensis,4,3,6,10
G_pingreensis,4,3,6,10
G_pingreensis,4,3,6,10
G_pingreensis,4,3,6,10
G_pingreensis,4,3,6,10
G_pingreensis,4,3,6,10
G_pingreensis,4,3,6,10
G_pingreensis,4,3,6,10
G_pingreensis,4,3,6,10
G_pingreensis,4,3,6,10
G_pingreensis,4,3,6,10
G_pingreensis,4,3,6,10
G_pingreensis,4,3,6,10
G_pingreensis,4,3,6,10
G_pingreensis,4,3,6,10
G_pingreensis,4,3,6,10
G_pingreensis,4,3,6,10
G_pingreensis,4,3,6,10
G_pingreensis,4,3,6,10
G_pingreensis,4,3,6,10
G_pingreensis,4,3,6,10
G_pingreensis,4,3,6,10
G_pingreensis,4,3,6,10
G_pingreensis,4,3,6,10
G_pingreensis,4,3,6,10
G_pingreensis,4,3,6,10
G_pingreensis,4,3,6,10
G_pingreensis,4,3,6,11
G_pingreensis,4,3,6,11
G_pingreensis,4,3,6,11
G_pingreensis,4,3,6,11
G_pingreensis,4,3,6,11
G_pingreensis,4,3,6,11
G_pingreensis,4,3,6,11
G_pingreensis,4,3,6,11
G_pingreensis,4,3,6,11
G_pingreensis,4,3,6,11
G_pingreensis,4,3,6,11
G_pingreensis,4,3,6,11
G_pingreensis,4,3,6,11
G_pingreensis,4,3,7,9
G_pingreensis,4,3,7,9
G_pingreensis,4,3,7,9
G_pingreensis,4,3,7,9
G_pingreensis,4,3,7,9
G_pingreensis,4,3,7,9
G_pingreensis,4,3,7,9
G_pingreensis,4,3,7,9
G_pingreensis,4,3,7,9
G_pingreensis,4,3,7,9
G_pingreensis,4,3,7,9
G_pingreensis,4,3,7,10
G_pingreensis,4,3,7,10
G_pingreensis,4,3,7,10
G_pingreensis,4,3,7,10
G_pingreensis,4,3,7,10
G_pingreensis,4,3,7,10
G_pingreensis,4,3,7,10
G_pingreensis,4,3,7,10
G_pingreensis,4,3,7,10
G_pingreensis,4,3,7,10
G_pingreensis,4,3,7,10
G_pingreensis,4,3,7,10
G_pingreensis,4,3,7,10
G_pingreensis,4,3,7,10
G_pingreensis,4,3,7,10
G_pingreensis,4,3,7,10
G_pingreensis,4,3,7,10
G_pingreensis,4,3,7,10
G_pingreensis,4,3,7,10
G_pingreensis,4,3,7,10
G_pingreensis,4,3,7,10
G_pingreensis,4,3,7,10
G_pingreensis,4,3,7,10
G_pingreensis,4,3,7,10
G_pingreensis,4,3,7,10
G_pingreensis,4,3,7,10
G_pingreensis,4,3,7,10
G_pingreensis,4,3,7,10
G_pingreensis,4,3,7,10
G_pingreensis,4,3,7,10
G_pingreensis,4,3,7,10
G_pingreensis,4,3,7,10
G_pingreensis,4,3,7,10
G_pingreensis,4,3,7,10
G_pingreensis,4,3,7,10
G_pingreensis,4,3,7,10
G_pingreensis,4,3,7,10
G_pingreensis,4,3,7,10
G_pingreensis,4,3,7,10
G_pingreensis,4,3,7,10
G_pingreensis,4,3,7,10
G_pingreensis,4,3,7,10
G_pingreensis,4,3,7,10
G_pingreensis,4,3,7,10
G_pingreensis,4,3,7,11
G_pingreensis,4,3,7,11
G_pingreensis,4,3,7,11
G_pingreensis,4,3,7,11
G_pingreensis,4,3,7,11
G_pingreensis,4,3,7,11
G_pingreensis,4,3,7,11
G_pingreensis,4,3,7,11
G_pingreensis,4,3,8,10
G_pingreensis,4,3,8,10
G_pingreensis,4,3,8,10
G_pingreensis,4,3,8,10
G_pingreensis,4,3,8,10
G_pingreensis,4,3,8,11
G_pingreensis,4,3,8,11
G_pingreensis,4,3,8,11
G_pingreensis,4,3,8,11
G_pingreensis,4,3,8,11
G_pingreensis,4,3,8,11
G_pingreensis,4,3,8,11
G_pingreensis,4,3,8,11
G_pingreensis,4,3,8,11
G_pingreensis,4,3,8,11
G_pingreensis,4,3,8,11
G_pingreensis,4,3,8,11
G_pingreensis,4,3,8,11
G_pingreensis,4,3,8,11
G_pingreensis,4,3,8,11
G_pingreensis,4,3,8,11
G_pingreensis,4,3,8,11
G_pingreensis,4,3,8,11
G_pingreensis,4,3,8,11
G_pingreensis,4,3,8,11
G_pingreensis,4,3,8,11
G_pingreensis,4,3,8,11
G_pingreensis,4,3,8,11
G_pingreensis,4,3,8,11
G_pingreensis,4,3,8,11
G_pingreensis,4,3,8,11
G_pingreensis,4,3,8,11
G_pingreensis,4,3,8,11
G_pingreensis,4,3,8,11
G_pingreensis,4,3,8,11
G_pingreensis,4,3,8,11
G_pingreensis,4,3,8,11
G_pingreensis,4,3,8,11
G_pingreensis,4,3,8,11
G_pingreensis,4,3,8,11
G_pingreensis,4,3,8,11
G_pingreensis,4,3,8,11
G_pingreensis,4,3,8,11
G_pingreensis,4,3,8,11
G_pingreensis,4,3,8,12
G_pingreensis,4,3,8,12
G_pingreensis,4,3,8,12
G_pingreensis,4,3,8,12
G_pingreensis,4,3,8,12
G_pingreensis,4,3,8,12
G_pingreensis,4,3,8,12
G_pingreensis,4,3,8,12
G_pingreensis,4,3,8,12
G_pingreensis,4,3,8,12
G_pingreensis,4,3,8,12
G_pingreensis,4,3,8,12
G_pingreensis,4,3,8,12
G_pingreensis,4,3,8,12
G_pingreensis,4,3,8,12
G_pingreensis,4,3,8,12
G_pingreensis,4,3,8,12
G_pingreensis,4,3,8,12
G_pingreensis,4,3,8,12
G_pingreensis,4,3,8,12
G_pingreensis,4,3,8,13
G_pingreensis,4,4,1,14
G_pingreensis,4,4,1,14
G_pingreensis,4,4,1,14
G_pingreensis,4,4,1,14
G_pingreensis,4,4,1,14
G_pingreensis,4,4,1,14
G_pingreensis,4,4,1,14
G_pingreensis,4,4,1,14
G_pingreensis,4,4,1,14
G_pingreensis,4,4,1,14
G_pingreensis,4,4,1,14
G_pingreensis,4,4,1,14
G_pingreensis,4,4,1,15
G_pingreensis,4,4,1,15
G_pingreensis,4,4,1,15
G_pingreensis,4,4,1,15
G_pingreensis,4,4,1,15
G_pingreensis,4,4,1,15
G_pingreensis,4,4,1,15
G_pingreensis,4,4,1,15
G_pingreensis,4,4,1,15
G_pingreensis,4,4,1,15
G_pingreensis,4,4,1,15
G_pingreensis,4,4,1,15
G_pingreensis,4,4,1,15
G_pingreensis,4,4,1,15
G_pingreensis,4,4,1,15
G_pingreensis,4,4,1,15
G_pingreensis,4,4,1,15
G_pingreensis,4,4,1,15
G_pingreensis,4,4,1,15
G_pingreensis,4,4,1,15
G_pingreensis,4,4,1,15
G_pingreensis,4,4,1,15
G_pingreensis,4,4,1,15
G_pingreensis,4,4,1,15
G_pingreensis,4,4,1,15
G_pingreensis,4,4,1,15
G_pingreensis,4,4,1,15
G_pingreensis,4,4,1,15
G_pingreensis,4,4,1,15
G_pingreensis,4,4,1,15
G_pingreensis,4,4,1,15
G_pingreensis,4,4,1,15
G_pingreensis,4,4,1,15
G_pingreensis,4,4,1,15
G_pingreensis,4,4,1,15
G_pingreensis,4,4,1,15
G_pingreensis,4,4,1,15
G_pingreensis,4,4,1,15
G_pingreensis,4,4,1,15
G_pingreensis,4,4,1,15
G_pingreensis,4,4,1,15
G_pingreensis,4,4,1,16
G_pingreensis,4,4,1,16
G_pingreensis,4,4,1,16
G_pingreensis,4,4,1,16
G_pingreensis,4,4,1,16
G_pingreensis,4,4,1,16
G_pingreensis,4,4,1,16
G_pingreensis,4,4,1,16
G_pingreensis,4,4,1,16
G_pingreensis,4,4,1,16
G_pingreensis,4,4,1,16
G_pingreensis,4,4,2,14
G_pingreensis,4,4,2,15
G_pingreensis,4,4,2,15
G_pingreensis,4,4,2,15
G_pingreensis,4,4,2,15
G_pingreensis,4,4,2,15
G_pingreensis,4,4,2,15
G_pingreensis,4,4,2,15
G_pingreensis,4,4,2,15
G_pingreensis,4,4,2,15
G_pingreensis,4,4,2,15
G_pingreensis,4,4,2,15
G_pingreensis,4,4,2,15
G_pingreensis,4,4,2,16
G_pingreensis,4,4,2,16
G_pingreensis,4,4,2,16
G_pingreensis,4,4,2,16
G_pingreensis,4,4,2,16
G_pingreensis,4,4,2,16
G_pingreensis,4,4,2,16
G_pingreensis,4,4,2,16
G_pingreensis,4,4,2,16
G_pingreensis,4,4,2,16
G_pingreensis,4,4,2,16
G_pingreensis,4,4,2,16
G_pingreensis,4,4,2,16
G_pingreensis,4,4,2,16
G_pingreensis,4,4,2,16
G_pingreensis,4,4,2,16
G_pingreensis,4,4,2,16
G_pingreensis,4,4,2,16
G_pingreensis,4,4,2,16
G_pingreensis,4,4,2,16
G_pingreensis,4,4,2,16
G_pingreensis,4,4,2,16
G_pingreensis,4,4,2,16
G_pingreensis,4,4,2,16
G_pingreensis,4,4,2,16
G_pingreensis,4,4,2,16
G_pingreensis,4,4,2,16
G_pingreensis,4,4,2,16
G_pingreensis,4,4,2,16
G_pingreensis,4,4,2,16
G_pingreensis,4,4,2,16
G_pingreensis,4,4,2,16
G_pingreensis,4,4,2,16
G_pingreensis,4,4,2,16
G_pingreensis,4,4,2,16
G_pingreensis,4,4,2,16
G_pingreensis,4,4,2,16
G_pingreensis,4,4,2,16
G_pingreensis,4,4,2,17
G_pingreensis,4,4,2,17
G_pingreensis,4,4,2,17
G_pingreensis,4,4,2,17
G_pingreensis,4,4,2,17
G_pingreensis,4,4,2,17
G_pingreensis,4,4,2,17
G_pingreensis,4,4,2,17
G_pingreensis,4,4,2,17
G_pingreensis,4,4,2,18
G_pingreensis,4,4,3,15
G_pingreensis,4,4,3,15
G_pingreensis,4,4,3,15
G_pingreensis,4,4,3,15
G_pingreensis,4,4,3,15
G_pingreensis,4,4,3,15
G_pingreensis,4,4,3,15
G_pingreensis,4,4,3,15
G_pingreensis,4,4,3,15
G_pingreensis,4,4,3,15
G_pingreensis,4,4,3,15
G_pingreensis,4,4,3,15
G_pingreensis,4,4,3,15
G_pingreensis,4,4,3,15
G_pingreensis,4,4,3,15
G_pingreensis,4,4,3,15
G_pingreensis,4,4,3,15
G_pingreensis,4,4,3,15
G_pingreensis,4,4,3,15
G_pingreensis,4,4,3,15
G_pingreensis,4,4,3,15
G_pingreensis,4,4,3,15
G_pingreensis,4,4,3,15
G_pingreensis,4,4,3,16
G_pingreensis,4,4,3,16
G_pingreensis,4,4,3,16
G_pingreensis,4,4,3,16
G_pingreensis,4,4,3,16
G_pingreensis,4,4,3,16
G_pingreensis,4,4,3,16
G_pingreensis,4,4,3,16
G_pingreensis,4,4,3,16
G_pingreensis,4,4,3,16
G_pingreensis,4,4,3,16
G_pingreensis,4,4,3,16
G_pingreensis,4,4,3,16
G_pingreensis,4,4,3,16
G_pingreensis,4,4,3,16
G_pingreensis,4,4,3,16
G_pingreensis,4,4,3,16
G_pingreensis,4,4,3,16
G_pingreensis,4,4,3,16
G_pingreensis,4,4,3,16
G_pingreensis,4,4,3,16
G_pingreensis,4,4,3,16
G_pingreensis,4,4,3,16
G_pingreensis,4,4,3,16
G_pingreensis,4,4,3,16
G_pingreensis,4,4,3,16
G_pingreensis,4,4,3,16
G_pingreensis,4,4,3,16
G_pingreensis,4,4,3,16
G_pingreensis,4,4,3,16
G_pingreensis,4,4,3,16
G_pingreensis,4,4,3,16
G_pingreensis,4,4,3,17
G_pingreensis,4,4,3,17
G_pingreensis,4,4,3,17
G_pingreensis,4,4,3,18
G_pingreensis,4,4,4,13
G_pingreensis,4,4,4,13
G_pingreensis,4,4,4,13
G_pingreensis,4,4,4,13
G_pingreensis,4,4,4,14
G_pingreensis,4,4,4,14
G_pingreensis,4,4,4,14
G_pingreensis,4,4,4,14
G_pingreensis,4,4,4,14
G_pingreensis,4,4,4,14
G_pingreensis,4,4,4,14
G_pingreensis,4,4,4,14
G_pingreensis,4,4,4,14
G_pingreensis,4,4,4,14
G_pingreensis,4,4,4,14
G_pingreensis,4,4,4,14
G_pingreensis,4,4,4,14
G_pingreensis,4,4,4,14
G_pingreensis,4,4,4,14
G_pingreensis,4,4,4,14
G_pingreensis,4,4,4,14
G_pingreensis,4,4,4,14
G_pingreensis,4,4,4,15
G_pingreensis,4,4,4,15
G_pingreensis,4,4,4,15
G_pingreensis,4,4,4,15
G_pingreensis,4,4,4,15
G_pingreensis,4,4,4,15
G_pingreensis,4,4,4,15
G_pingreensis,4,4,4,15
G_pingreensis,4,4,4,15
G_pingreensis,4,4,4,15
G_pingreensis,4,4,4,15
G_pingreensis,4,4,4,15
G_pingreensis,4,4,4,15
G_pingreensis,4,4,4,15
G_pingreensis,4,4,4,15
G_pingreensis,4,4,4,15
G_pingreensis,4,4,4,15
G_pingreensis,4,4,4,15
G_pingreensis,4,4,4,15
G_pingreensis,4,4,4,15
G_pingreensis,4,4,4,15
G_pingreensis,4,4,4,15
G_pingreensis,4,4,4,15
G_pingreensis,4,4,4,15
G_pingreensis,4,4,4,15
G_pingreensis,4,4,4,15
G_pingreensis,4,4,4,15
G_pingreensis,4,4,4,15
G_pingreensis,4,4,4,15
G_pingreensis,4,4,4,16
G_pingreensis,4,4,4,16
G_pingreensis,4,4,4,16
G_pingreensis,4,4,4,16
G_pingreensis,4,4,4,16
G_pingreensis,4,4,4,16
G_pingreensis,4,4,4,16
G_pingreensis,4,4,4,16
G_pingreensis,4,4,4,16
G_pingreensis,4,4,4,16
G_pingreensis,4,4,4,17
G_pingreensis,4,4,5,14
G_pingreensis,4,4,5,15
G_pingreensis,4,4,5,15
G_pingreensis,4,4,5,15
G_pingreensis,4,4,5,15
G_pingreensis,4,4,5,15
G_pingreensis,4,4,5,15
G_pingreensis,4,4,5,15
G_pingreensis,4,4,5,15
G_pingreensis,4,4,5,15
G_pingreensis,4,4,5,15
G_pingreensis,4,4,5,15
G_pingreensis,4,4,5,15
G_pingreensis,4,4,5,15
G_pingreensis,4,4,5,15
G_pingreensis,4,4,5,15
G_pingreensis,4,4,5,15
G_pingreensis,4,4,5,15
G_pingreensis,4,4,5,15
G_pingreensis,4,4,5,15
G_pingreensis,4,4,5,15
G_pingreensis,4,4,5,15
G_pingreensis,4,4,5,15
G_pingreensis,4,4,5,15
G_pingreensis,4,4,5,15
G_pingreensis,4,4,5,15
G_pingreensis,4,4,5,15
G_pingreensis,4,4,5,15
G_pingreensis,4,4,5,15
G_pingreensis,4,4,5,15
G_pingreensis,4,4,5,15
G_pingreensis,4,4,5,15
G_pingreensis,4,4,5,15
G_pingreensis,4,4,5,16
G_pingreensis,4,4,5,16
G_pingreensis,4,4,5,16
G_pingreensis,4,4,5,16
G_pingreensis,4,4,5,16
G_pingreensis,4,4,5,16
G_pingreensis,4,4,5,16
G_pingreensis,4,4,5,16
G_pingreensis,4,4,5,16
G_pingreensis,4,4,5,16
G_pingreensis,4,4,5,16
G_pingreensis,4,4,5,16
G_pingreensis,4,4,5,16
G_pingreensis,4,4,5,16
G_pingreensis,4,4,5,16
G_pingreensis,4,4,5,16
G_pingreensis,4,4,5,16
G_pingreensis,4,4,5,16
G_pingreensis,4,4,5,16
G_pingreensis,4,4,5,16
G_pingreensis,4,4,5,16
G_pingreensis,4,4,5,16
G_pingreensis,4,4,5,16
G_pingreensis,4,4,5,16
G_pingreensis,4,4,5,16
G_pingreensis,4,4,5,16
G_pingreensis,4,4,5,17
G_pingreensis,4,4,5,17
G_pingreensis,4,4,5,18
G_pingreensis,4,4,6,14
G_pingreensis,4,4,6,14
G_pingreensis,4,4,6,14
G_pingreensis,4,4,6,14
G_pingreensis,4,4,6,15
G_pingreensis,4,4,6,15
G_pingreensis,4,4,6,15
G_pingreensis,4,4,6,15
G_pingreensis,4,4,6,15
G_pingreensis,4,4,6,15
G_pingreensis,4,4,6,15
G_pingreensis,4,4,6,15
G_pingreensis,4,4,6,15
G_pingreensis,4,4,6,15
G_pingreensis,4,4,6,15
G_pingreensis,4,4,6,15
G_pingreensis,4,4,6,15
G_pingreensis,4,4,6,15
G_pingreensis,4,4,6,15
G_pingreensis,4,4,6,16
G_pingreensis,4,4,6,16
G_pingreensis,4,4,6,16
G_pingreensis,4,4,6,16
G_pingreensis,4,4,6,16
G_pingreensis,4,4,6,16
G_pingreensis,4,4,6,16
G_pingreensis,4,4,6,16
G_pingreensis,4,4,6,16
G_pingreensis,4,4,6,16
G_pingreensis,4,4,6,16
G_pingreensis,4,4,6,16
G_pingreensis,4,4,6,16
G_pingreensis,4,4,6,16
G_pingreensis,4,4,6,16
G_pingreensis,4,4,6,16
G_pingreensis,4,4,6,16
G_pingreensis,4,4,6,16
G_pingreensis,4,4,6,16
G_pingreensis,4,4,6,16
G_pingreensis,4,4,6,16
G_pingreensis,4,4,6,16
G_pingreensis,4,4,6,16
G_pingreensis,4,4,6,16
G_pingreensis,4,4,6,16
G_pingreensis,4,4,6,16
G_pingreensis,4,4,6,16
G_pingreensis,4,4,6,16
G_pingreensis,4,4,6,16
G_pingreensis,4,4,6,16
G_pingreensis,4,4,6,16
G_pingreensis,4,4,6,16
G_pingreensis,4,4,6,16
G_pingreensis,4,4,6,16
G_pingreensis,4,4,6,16
G_pingreensis,4,4,6,16
G_pingreensis,4,4,6,16
G_pingreensis,4,4,6,16
G_pingreensis,4,4,6,17
G_pingreensis,4,4,6,17
G_pingreensis,4,4,6,17
G_pingreensis,4,4,6,17
G_pingreensis,4,4,6,17
G_pingreensis,4,4,6,17
G_pingreensis,4,4,7,14
G_pingreensis,4,4,7,14
G_pingreensis,4,4,7,14
G_pingreensis,4,4,7,14
G_pingreensis,4,4,7,15
G_pingreensis,4,4,7,15
G_pingreensis,4,4,7,15
G_pingreensis,4,4,7,15
G_pingreensis,4,4,7,15
G_pingreensis,4,4,7,15
G_pingreensis,4,4,7,15
G_pingreensis,4,4,7,15
G_pingreensis,4,4,7,15
G_pingreensis,4,4,7,15
G_pingreensis,4,4,7,15
G_pingreensis,4,4,7,15
G_pingreensis,4,4,7,15
G_pingreensis,4,4,7,15
G_pingreensis,4,4,7,15
G_pingreensis,4,4,7,15
G_pingreensis,4,4,7,15
G_pingreensis,4,4,7,15
G_pingreensis,4,4,7,15
G_pingreensis,4,4,7,15
G_pingreensis,4,4,7,15
G_pingreensis,4,4,7,15
G_pingreensis,4,4,7,15
G_pingreensis,4,4,7,15
G_pingreensis,4,4,7,15
G_pingreensis,4,4,7,15
G_pingreensis,4,4,7,16
G_pingreensis,4,4,7,16
G_pingreensis,4,4,7,16
G_pingreensis,4,4,7,16
G_pingreensis,4,4,7,16
G_pingreensis,4,4,7,16
G_pingreensis,4,4,7,16
G_pingreensis,4,4,7,16
G_pingreensis,4,4,7,16
G_pingreensis,4,4,7,16
G_pingreensis,4,4,7,16
G_pingreensis,4,4,7,16
G_pingreensis,4,4,7,16
G_pingreensis,4,4,7,16
G_pingreensis,4,4,7,16
G_pingreensis,4,4,7,16
G_pingreensis,4,4,7,16
G_pingreensis,4,4,7,16
G_pingreensis,4,4,7,16
G_pingreensis,4,4,7,16
G_pingreensis,4,4,7,16
G_pingreensis,4,4,7,16
G_pingreensis,4,4,7,16
G_pingreensis,4,4,7,16
G_pingreensis,4,4,7,16
G_pingreensis,4,4,7,16
G_pingreensis,4,4,7,16
G_pingreensis,4,4,7,17
G_pingreensis,4,4,7,17
G_pingreensis,4,4,7,17
G_pingreensis,4,4,7,17
G_pingreensis,4,4,7,17
G_pingreensis,4,4,8,14
G_pingreensis,4,4,8,15
G_pingreensis,4,4,8,15
G_pingreensis,4,4,8,15
G_pingreensis,4,4,8,15
G_pingreensis,4,4,8,15
G_pingreensis,4,4,8,16
G_pingreensis,4,4,8,16
G_pingreensis,4,4,8,16
G_pingreensis,4,4,8,16
G_pingreensis,4,4,8,16
G_pingreensis,4,4,8,16
G_pingreensis,4,4,8,16
G_pingreensis,4,4,8,16
G_pingreensis,4,4,8,16
G_pingreensis,4,4,8,16
G_pingreensis,4,4,8,16
G_pingreensis,4,4,8,16
G_pingreensis,4,4,8,16
G_pingreensis,4,4,8,16
G_pingreensis,4,4,8,16
G_pingreensis,4,4,8,16
G_pingreensis,4,4,8,16
G_pingreensis,4,4,8,16
G_pingreensis,4,4,8,16
G_pingreensis,4,4,8,16
G_pingreensis,4,4,8,16
G_pingreensis,4,4,8,16
G_pingreensis,4,4,8,16
G_pingreensis,4,4,8,16
G_pingreensis,4,4,8,16
G_pingreensis,4,4,8,16
G_pingreensis,4,4,8,16
G_pingreensis,4,4,8,16
G_pingreensis,4,4,8,16
G_pingreensis,4,4,8,16
G_pingreensis,4,4,8,17
G_pingreensis,4,4,8,17
G_pingreensis,4,4,8,17
G_pingreensis,4,4,8,17
G_pingreensis,4,4,8,17
G_pingreensis,4,4,8,17
G_pingreensis,4,4,8,17
G_pingreensis,4,4,8,17
G_pingreensis,4,4,8,17
G_pingreensis,4,4,8,17
G_pingreensis,4,4,8,17
G_pingreensis,4,4,8,17
G_pingreensis,4,4,8,17
G_pingreensis,4,4,8,17
G_pingreensis,4,4,8,17
G_pingreensis,4,4,8,17
G_pingreensis,4,4,8,17
G_pingreensis,4,4,8,17
G_pingreensis,4,4,8,17
G_pingreensis,4,4,8,18
G_pingreensis,4,4,8,18
G_pingreensis,4,4,8,18
G_pingreensis,4,4,8,18
G_pingreensis,4,4,8,18
G_pingreensis,4,4,8,18
G_pingreensis,4,4,8,18
G_pingreensis,4,4,8,18
G_pingreensis,4,4,8,18
G_pingreensis,4,4,8,18
G_pingreensis,4,5,1,20
G_pingreensis,4,5,1,20
G_pingreensis,4,5,1,20
G_pingreensis,4,5,1,20
G_pingreensis,4,5,1,20
G_pingreensis,4,5,1,20
G_pingreensis,4,5,1,20
G_pingreensis,4,5,1,20
G_pingreensis,4,5,1,20
G_pingreensis,4,5,1,20
G_pingreensis,4,5,1,20
G_pingreensis,4,5,1,20
G_pingreensis,4,5,1,20
G_pingreensis,4,5,1,20
G_pingreensis,4,5,1,20
G_pingreensis,4,5,1,20
G_pingreensis,4,5,1,20
G_pingreensis,4,5,1,20
G_pingreensis,4,5,1,20
G_pingreensis,4,5,1,20
G_pingreensis,4,5,1,20
G_pingreensis,4,5,1,20
G_pingreensis,4,5,1,20
G_pingreensis,4,5,1,20
G_pingreensis,4,5,1,20
G_pingreensis,4,5,1,21
G_pingreensis,4,5,1,21
G_pingreensis,4,5,1,21
G_pingreensis,4,5,1,21
G_pingreensis,4,5,1,21
G_pingreensis,4,5,1,21
G_pingreensis,4,5,1,21
G_pingreensis,4,5,1,21
G_pingreensis,4,5,1,21
G_pingreensis,4,5,1,21
G_pingreensis,4,5,1,21
G_pingreensis,4,5,1,21
G_pingreensis,4,5,1,21
G_pingreensis,4,5,1,21
G_pingreensis,4,5,1,21
G_pingreensis,4,5,1,21
G_pingreensis,4,5,1,21
G_pingreensis,4,5,1,21
G_pingreensis,4,5,1,21
G_pingreensis,4,5,1,21
G_pingreensis,4,5,1,21
G_pingreensis,4,5,1,21
G_pingreensis,4,5,1,21
G_pingreensis,4,5,1,21
G_pingreensis,4,5,1,21
G_pingreensis,4,5,1,22
G_pingreensis,4,5,1,22
G_pingreensis,4,5,1,22
G_pingreensis,4,5,1,22
G_pingreensis,4,5,1,22
G_pingreensis,4,5,1,22
G_pingreensis,4,5,1,22
G_pingreensis,4,5,1,22
G_pingreensis,4,5,1,22
G_pingreensis,4,5,1,22
G_pingreensis,4,5,1,22
G_pingreensis,4,5,1,22
G_pingreensis,4,5,1,22
G_pingreensis,4,5,1,22
G_pingreensis,4,5,2,20
G_pingreensis,4,5,2,20
G_pingreensis,4,5,2,20
G_pingreensis,4,5,2,20
G_pingreensis,4,5,2,20
G_pingreensis,4,5,2,20
G_pingreensis,4,5,2,21
G_pingreensis,4,5,2,21
G_pingreensis,4,5,2,21
G_pingreensis,4,5,2,21
G_pingreensis,4,5,2,21
G_pingreensis,4,5,2,21
G_pingreensis,4,5,2,21
G_pingreensis,4,5,2,21
G_pingreensis,4,5,2,21
G_pingreensis,4,5,2,21
G_pingreensis,4,5,2,21
G_pingreensis,4,5,2,21
G_pingreensis,4,5,2,21
G_pingreensis,4,5,2,21
G_pingreensis,4,5,2,21
G_pingreensis,4,5,2,21
G_pingreensis,4,5,2,21
G_pingreensis,4,5,2,21
G_pingreensis,4,5,2,21
G_pingreensis,4,5,2,21
G_pingreensis,4,5,2,21
G_pingreensis,4,5,2,21
G_pingreensis,4,5,2,21
G_pingreensis,4,5,2,21
G_pingreensis,4,5,2,21
G_pingreensis,4,5,2,21
G_pingreensis,4,5,2,21
G_pingreensis,4,5,2,21
G_pingreensis,4,5,2,21
G_pingreensis,4,5,2,21
G_pingreensis,4,5,2,21
G_pingreensis,4,5,2,22
G_pingreensis,4,5,2,22
G_pingreensis,4,5,2,22
G_pingreensis,4,5,2,22
G_pingreensis,4,5,2,22
G_pingreensis,4,5,2,22
G_pingreensis,4,5,2,22
G_pingreensis,4,5,2,22
G_pingreensis,4,5,2,22
G_pingreensis,4,5,2,22
G_pingreensis,4,5,2,22
G_pingreensis,4,5,2,22
G_pingreensis,4,5,2,22
G_pingreensis,4,5,2,22
G_pingreensis,4,5,2,22
G_pingreensis,4,5,2,22
G_pingreensis,4,5,2,22
G_pingreensis,4,5,2,23
G_pingreensis,4,5,2,23
G_pingreensis,4,5,2,23
G_pingreensis,4,5,2,23
G_pingreensis,4,5,2,23
G_pingreensis,4,5,2,24
G_pingreensis,4,5,2,24
G_pingreensis,4,5,3,20
G_pingreensis,4,5,3,20
G_pingreensis,4,5,3,20
G_pingreensis,4,5,3,20
G_pingreensis,4,5,3,20
G_pingreensis,4,5,3,21
G_pingreensis,4,5,3,21
G_pingreensis,4,5,3,21
G_pingreensis,4,5,3,21
G_pingreensis,4,5,3,21
G_pingreensis,4,5,3,21
G_pingreensis,4,5,3,21
G_pingreensis,4,5,3,21
G_pingreensis,4,5,3,21
G_pingreensis,4,5,3,21
G_pingreensis,4,5,3,21
G_pingreensis,4,5,3,21
G_pingreensis,4,5,3,21
G_pingreensis,4,5,3,21
G_pingreensis,4,5,3,21
G_pingreensis,4,5,3,21
G_pingreensis,4,5,3,21
G_pingreensis,4,5,3,21
G_pingreensis,4,5,3,21
G_pingreensis,4,5,3,21
G_pingreensis,4,5,3,21
G_pingreensis,4,5,3,21
G_pingreensis,4,5,3,22
G_pingreensis,4,5,3,22
G_pingreensis,4,5,3,22
G_pingreensis,4,5,3,22
G_pingreensis,4,5,3,22
G_pingreensis,4,5,3,22
G_pingreensis,4,5,3,22
G_pingreensis,4,5,3,22
G_pingreensis,4,5,3,22
G_pingreensis,4,5,3,22
G_pingreensis,4,5,3,22
G_pingreensis,4,5,3,22
G_pingreensis,4,5,3,22
G_pingreensis,4,5,3,22
G_pingreensis,4,5,3,22
G_pingreensis,4,5,3,22
G_pingreensis,4,5,3,22
G_pingreensis,4,5,3,22
G_pingreensis,4,5,3,22
G_pingreensis,4,5,3,22
G_pingreensis,4,5,3,22
G_pingreensis,4,5,3,22
G_pingreensis,4,5,3,22
G_pingreensis,4,5,3,22
G_pingreensis,4,5,3,22
G_pingreensis,4,5,3,22
G_pingreensis,4,5,3,22
G_pingreensis,4,5,3,23
G_pingreensis,4,5,3,23
G_pingreensis,4,5,3,23
G_pingreensis,4,5,3,23
G_pingreensis,4,5,3,24
G_pingreensis,4,5,4,18
G_pingreensis,4,5,4,19
G_pingreensis,4,5,4,19
G_pingreensis,4,5,4,19
G_pingreensis,4,5,4,19
G_pingreensis,4,5,4,19
G_pingreensis,4,5,4,19
G_pingreensis,4,5,4,20
G_pingreensis,4,5,4,20
G_pingreensis,4,5,4,20
G_pingreensis,4,5,4,20
G_pingreensis,4,5,4,20
G_pingreensis,4,5,4,20
G_pingreensis,4,5,4,20
G_pingreensis,4,5,4,20
G_pingreensis,4,5,4,20
G_pingreensis,4,5,4,20
G_pingreensis,4,5,4,20
G_pingreensis,4,5,4,20
G_pingreensis,4,5,4,20
G_pingreensis,4,5,4,20
G_pingreensis,4,5,4,20
G_pingreensis,4,5,4,20
G_pingreensis,4,5,4,20
G_pingreensis,4,5,4,20
G_pingreensis,4,5,4,20
G_pingreensis,4,5,4,20
G_pingreensis,4,5,4,20
G_pingreensis,4,5,4,20
G_pingreensis,4,5,4,20
G_pingreensis,4,5,4,20
G_pingreensis,4,5,4,20
G_pingreensis,4,5,4,20
G_pingreensis,4,5,4,20
G_pingreensis,4,5,4,21
G_pingreensis,4,5,4,21
G_pingreensis,4,5,4,21
G_pingreensis,4,5,4,21
G_pingreensis,4,5,4,21
G_pingreensis,4,5,4,21
G_pingreensis,4,5,4,21
G_pingreensis,4,5,4,21
G_pingreensis,4,5,4,21
G_pingreensis,4,5,4,21
G_pingreensis,4,5,4,21
G_pingreensis,4,5,4,21
G_pingreensis,4,5,4,21
G_pingreensis,4,5,4,21
G_pingreensis,4,5,4,21
G_pingreensis,4,5,4,21
G_pingreensis,4,5,4,21
G_pingreensis,4,5,4,21
G_pingreensis,4,5,4,22
G_pingreensis,4,5,4,22
G_pingreensis,4,5,4,22
G_pingreensis,4,5,4,22
G_pingreensis,4,5,4,22
G_pingreensis,4,5,4,22
G_pingreensis,4,5,4,22
G_pingreensis,4,5,4,22
G_pingreensis,4,5,4,22
G_pingreensis,4,5,5,19
G_pingreensis,4,5,5,20
G_pingreensis,4,5,5,20
G_pingreensis,4,5,5,20
G_pingreensis,4,5,5,20
G_pingreensis,4,5,5,20
G_pingreensis,4,5,5,21
G_pingreensis,4,5,5,21
G_pingreensis,4,5,5,21
G_pingreensis,4,5,5,21
G_pingreensis,4,5,5,21
G_pingreensis,4,5,5,21
G_pingreensis,4,5,5,21
G_pingreensis,4,5,5,21
G_pingreensis,4,5,5,21
G_pingreensis,4,5,5,21
G_pingreensis,4,5,5,21
G_pingreensis,4,5,5,21
G_pingreensis,4,5,5,21
G_pingreensis,4,5,5,21
G_pingreensis,4,5,5,21
G_pingreensis,4,5,5,21
G_pingreensis,4,5,5,21
G_pingreensis,4,5,5,21
G_pingreensis,4,5,5,21
G_pingreensis,4,5,5,21
G_pingreensis,4,5,5,21
G_pingreensis,4,5,5,21
G_pingreensis,4,5,5,21
G_pingreensis,4,5,5,21
G_pingreensis,4,5,5,21
G_pingreensis,4,5,5,21
G_pingreensis,4,5,5,21
G_pingreensis,4,5,5,21
G_pingreensis,4,5,5,21
G_pingreensis,4,5,5,21
G_pingreensis,4,5,5,22
G_pingreensis,4,5,5,22
G_pingreensis,4,5,5,22
G_pingreensis,4,5,5,22
G_pingreensis,4,5,5,22
G_pingreensis,4,5,5,22
G_pingreensis,4,5,5,22
G_pingreensis,4,5,5,22
G_pingreensis,4,5,5,22
G_pingreensis,4,5,5,22
G_pingreensis,4,5,5,22
G_pingreensis,4,5,5,22
G_pingreensis,4,5,5,22
G_pingreensis,4,5,5,22
G_pingreensis,4,5,5,22
G_pingreensis,4,5,5,22
G_pingreensis,4,5,5,22
G_pingreensis,4,5,5,22
G_pingreensis,4,5,5,22
G_pingreensis,4,5,5,22
G_pingreensis,4,5,5,22
G_pingreensis,4,5,5,23
G_pingreensis,4,5,5,23
G_pingreensis,4,5,5,24
G_pingreensis,4,5,5,27
G_pingreensis,4,5,6,19
G_pingreensis,4,5,6,20
G_pingreensis,4,5,6,20
G_pingreensis,4,5,6,20
G_pingreensis,4,5,6,20
G_pingreensis,4,5,6,20
G_pingreensis,4,5,6,20
G_pingreensis,4,5,6,20
G_pingreensis,4,5,6,20
G_pingreensis,4,5,6,20
G_pingreensis,4,5,6,20
G_pingreensis,4,5,6,21
G_pingreensis,4,5,6,21
G_pingreensis,4,5,6,21
G_pingreensis,4,5,6,21
G_pingreensis,4,5,6,21
G_pingreensis,4,5,6,21
G_pingreensis,4,5,6,21
G_pingreensis,4,5,6,21
G_pingreensis,4,5,6,21
G_pingreensis,4,5,6,21
G_pingreensis,4,5,6,21
G_pingreensis,4,5,6,21
G_pingreensis,4,5,6,21
G_pingreensis,4,5,6,21
G_pingreensis,4,5,6,21
G_pingreensis,4,5,6,21
G_pingreensis,4,5,6,21
G_pingreensis,4,5,6,21
G_pingreensis,4,5,6,21
G_pingreensis,4,5,6,21
G_pingreensis,4,5,6,21
G_pingreensis,4,5,6,21
G_pingreensis,4,5,6,21
G_pingreensis,4,5,6,21
G_pingreensis,4,5,6,21
G_pingreensis,4,5,6,21
G_pingreensis,4,5,6,22
G_pingreensis,4,5,6,22
G_pingreensis,4,5,6,22
G_pingreensis,4,5,6,22
G_pingreensis,4,5,6,22
G_pingreensis,4,5,6,22
G_pingreensis,4,5,6,22
G_pingreensis,4,5,6,22
G_pingreensis,4,5,6,22
G_pingreensis,4,5,6,22
G_pingreensis,4,5,6,22
G_pingreensis,4,5,6,22
G_pingreensis,4,5,6,22
G_pingreensis,4,5,6,22
G_pingreensis,4,5,6,22
G_pingreensis,4,5,6,22
G_pingreensis,4,5,6,22
G_pingreensis,4,5,6,22
G_pingreensis,4,5,6,22
G_pingreensis,4,5,6,22
G_pingreensis,4,5,6,22
G_pingreensis,4,5,6,22
G_pingreensis,4,5,6,22
G_pingreensis,4,5,6,23
G_pingreensis,4,5,6,23
G_pingreensis,4,5,6,23
G_pingreensis,4,5,7,19
G_pingreensis,4,5,7,20
G_pingreensis,4,5,7,20
G_pingreensis,4,5,7,20
G_pingreensis,4,5,7,20
G_pingreensis,4,5,7,20
G_pingreensis,4,5,7,20
G_pingreensis,4,5,7,20
G_pingreensis,4,5,7,20
G_pingreensis,4,5,7,20
G_pingreensis,4,5,7,20
G_pingreensis,4,5,7,20
G_pingreensis,4,5,7,20
G_pingreensis,4,5,7,20
G_pingreensis,4,5,7,20
G_pingreensis,4,5,7,20
G_pingreensis,4,5,7,20
G_pingreensis,4,5,7,21
G_pingreensis,4,5,7,21
G_pingreensis,4,5,7,21
G_pingreensis,4,5,7,21
G_pingreensis,4,5,7,21
G_pingreensis,4,5,7,21
G_pingreensis,4,5,7,21
G_pingreensis,4,5,7,21
G_pingreensis,4,5,7,21
G_pingreensis,4,5,7,21
G_pingreensis,4,5,7,21
G_pingreensis,4,5,7,21
G_pingreensis,4,5,7,21
G_pingreensis,4,5,7,21
G_pingreensis,4,5,7,21
G_pingreensis,4,5,7,21
G_pingreensis,4,5,7,21
G_pingreensis,4,5,7,21
G_pingreensis,4,5,7,21
G_pingreensis,4,5,7,21
G_pingreensis,4,5,7,21
G_pingreensis,4,5,7,21
G_pingreensis,4,5,7,21
G_pingreensis,4,5,7,21
G_pingreensis,4,5,7,21
G_pingreensis,4,5,7,21
G_pingreensis,4,5,7,21
G_pingreensis,4,5,7,22
G_pingreensis,4,5,7,22
G_pingreensis,4,5,7,22
G_pingreensis,4,5,7,22
G_pingreensis,4,5,7,22
G_pingreensis,4,5,7,22
G_pingreensis,4,5,7,22
G_pingreensis,4,5,7,22
G_pingreensis,4,5,7,22
G_pingreensis,4,5,7,22
G_pingreensis,4,5,7,22
G_pingreensis,4,5,7,23
G_pingreensis,4,5,7,23
G_pingreensis,4,5,7,23
G_pingreensis,4,5,7,23
G_pingreensis,4,5,8,20
G_pingreensis,4,5,8,21
G_pingreensis,4,5,8,21
G_pingreensis,4,5,8,21
G_pingreensis,4,5,8,21
G_pingreensis,4,5,8,21
G_pingreensis,4,5,8,22
G_pingreensis,4,5,8,22
G_pingreensis,4,5,8,22
G_pingreensis,4,5,8,22
G_pingreensis,4,5,8,22
G_pingreensis,4,5,8,22
G_pingreensis,4,5,8,22
G_pingreensis,4,5,8,22
G_pingreensis,4,5,8,22
G_pingreensis,4,5,8,22
G_pingreensis,4,5,8,22
G_pingreensis,4,5,8,22
G_pingreensis,4,5,8,22
G_pingreensis,4,5,8,22
G_pingreensis,4,5,8,22
G_pingreensis,4,5,8,22
G_pingreensis,4,5,8,22
G_pingreensis,4,5,8,22
G_pingreensis,4,5,8,22
G_pingreensis,4,5,8,22
G_pingreensis,4,5,8,22
G_pingreensis,4,5,8,22
G_pingreensis,4,5,8,22
G_pingreensis,4,5,8,22
G_pingreensis,4,5,8,22
G_pingreensis,4,5,8,23
G_pingreensis,4,5,8,23
G_pingreensis,4,5,8,23
G_pingreensis,4,5,8,23
G_pingreensis,4,5,8,23
G_pingreensis,4,5,8,23
G_pingreensis,4,5,8,23
G_pingreensis,4,5,8,23
G_pingreensis,4,5,8,23
G_pingreensis,4,5,8,23
G_pingreensis,4,5,8,23
G_pingreensis,4,5,8,23
G_pingreensis,4,5,8,23
G_pingreensis,4,5,8,23
G_pingreensis,4,5,8,23
G_pingreensis,4,5,8,23
G_pingreensis,4,5,8,23
G_pingreensis,4,5,8,23
G_pingreensis,4,5,8,24
G_pingreensis,4,5,8,24
G_pingreensis,4,5,8,24
G_pingreensis,4,5,8,24
G_pingreensis,4,5,8,24
G_pingreensis,4,5,8,24
G_pingreensis,4,5,8,24
G_pingreensis,4,5,8,24
G_pingreensis,4,5,8,24
G_pingreensis,4,5,8,24
G_pingreensis,4,5,8,24
G_pingreensis,4,5,8,24
G_pingreensis,4,5,8,25
G_pingreensis,4,Adult,1,28
G_pingreensis,4,Adult,1,29
G_pingreensis,4,Adult,1,29
G_pingreensis,4,Adult,1,29
G_pingreensis,4,Adult,1,29
G_pingreensis,4,Adult,1,29
G_pingreensis,4,Adult,1,29
G_pingreensis,4,Adult,1,29
G_pingreensis,4,Adult,1,29
G_pingreensis,4,Adult,1,29
G_pingreensis,4,Adult,1,29
G_pingreensis,4,Adult,1,29
G_pingreensis,4,Adult,1,29
G_pingreensis,4,Adult,1,29
G_pingreensis,4,Adult,1,29
G_pingreensis,4,Adult,1,29
G_pingreensis,4,Adult,1,29
G_pingreensis,4,Adult,1,29
G_pingreensis,4,Adult,1,30
G_pingreensis,4,Adult,1,30
G_pingreensis,4,Adult,1,30
G_pingreensis,4,Adult,1,30
G_pingreensis,4,Adult,1,30
G_pingreensis,4,Adult,1,30
G_pingreensis,4,Adult,1,30
G_pingreensis,4,Adult,1,30
G_pingreensis,4,Adult,1,30
G_pingreensis,4,Adult,1,30
G_pingreensis,4,Adult,1,30
G_pingreensis,4,Adult,1,30
G_pingreensis,4,Adult,1,30
G_pingreensis,4,Adult,1,30
G_pingreensis,4,Adult,1,30
G_pingreensis,4,Adult,1,30
G_pingreensis,4,Adult,1,30
G_pingreensis,4,Adult,1,30
G_pingreensis,4,Adult,1,30
G_pingreensis,4,Adult,1,30
G_pingreensis,4,Adult,1,30
G_pingreensis,4,Adult,1,30
G_pingreensis,4,Adult,1,30
G_pingreensis,4,Adult,1,30
G_pingreensis,4,Adult,1,30
G_pingreensis,4,Adult,1,30
G_pingreensis,4,Adult,1,30
G_pingreensis,4,Adult,1,30
G_pingreensis,4,Adult,1,30
G_pingreensis,4,Adult,1,30
G_pingreensis,4,Adult,1,31
G_pingreensis,4,Adult,1,31
G_pingreensis,4,Adult,1,31
G_pingreensis,4,Adult,1,31
G_pingreensis,4,Adult,1,31
G_pingreensis,4,Adult,1,31
G_pingreensis,4,Adult,1,31
G_pingreensis,4,Adult,1,31
G_pingreensis,4,Adult,1,31
G_pingreensis,4,Adult,1,31
G_pingreensis,4,Adult,1,31
G_pingreensis,4,Adult,1,32
G_pingreensis,4,Adult,1,32
G_pingreensis,4,Adult,1,32
G_pingreensis,4,Adult,1,32
G_pingreensis,4,Adult,2,28
G_pingreensis,4,Adult,2,29
G_pingreensis,4,Adult,2,29
G_pingreensis,4,Adult,2,29
G_pingreensis,4,Adult,2,29
G_pingreensis,4,Adult,2,29
G_pingreensis,4,Adult,2,29
G_pingreensis,4,Adult,2,30
G_pingreensis,4,Adult,2,30
G_pingreensis,4,Adult,2,30
G_pingreensis,4,Adult,2,30
G_pingreensis,4,Adult,2,30
G_pingreensis,4,Adult,2,30
G_pingreensis,4,Adult,2,30
G_pingreensis,4,Adult,2,30
G_pingreensis,4,Adult,2,30
G_pingreensis,4,Adult,2,30
G_pingreensis,4,Adult,2,30
G_pingreensis,4,Adult,2,30
G_pingreensis,4,Adult,2,30
G_pingreensis,4,Adult,2,30
G_pingreensis,4,Adult,2,30
G_pingreensis,4,Adult,2,30
G_pingreensis,4,Adult,2,30
G_pingreensis,4,Adult,2,30
G_pingreensis,4,Adult,2,30
G_pingreensis,4,Adult,2,30
G_pingreensis,4,Adult,2,30
G_pingreensis,4,Adult,2,30
G_pingreensis,4,Adult,2,30
G_pingreensis,4,Adult,2,30
G_pingreensis,4,Adult,2,30
G_pingreensis,4,Adult,2,30
G_pingreensis,4,Adult,2,30
G_pingreensis,4,Adult,2,30
G_pingreensis,4,Adult,2,30
G_pingreensis,4,Adult,2,30
G_pingreensis,4,Adult,2,30
G_pingreensis,4,Adult,2,30
G_pingreensis,4,Adult,2,30
G_pingreensis,4,Adult,2,31
G_pingreensis,4,Adult,2,31
G_pingreensis,4,Adult,2,31
G_pingreensis,4,Adult,2,31
G_pingreensis,4,Adult,2,31
G_pingreensis,4,Adult,2,31
G_pingreensis,4,Adult,2,31
G_pingreensis,4,Adult,2,31
G_pingreensis,4,Adult,2,31
G_pingreensis,4,Adult,2,31
G_pingreensis,4,Adult,2,31
G_pingreensis,4,Adult,2,32
G_pingreensis,4,Adult,2,32
G_pingreensis,4,Adult,2,32
G_pingreensis,4,Adult,2,32
G_pingreensis,4,Adult,2,33
G_pingreensis,4,Adult,2,33
G_pingreensis,4,Adult,2,34
G_pingreensis,4,Adult,3,29
G_pingreensis,4,Adult,3,29
G_pingreensis,4,Adult,3,29
G_pingreensis,4,Adult,3,29
G_pingreensis,4,Adult,3,29
G_pingreensis,4,Adult,3,29
G_pingreensis,4,Adult,3,29
G_pingreensis,4,Adult,3,30
G_pingreensis,4,Adult,3,30
G_pingreensis,4,Adult,3,30
G_pingreensis,4,Adult,3,30
G_pingreensis,4,Adult,3,30
G_pingreensis,4,Adult,3,30
G_pingreensis,4,Adult,3,30
G_pingreensis,4,Adult,3,30
G_pingreensis,4,Adult,3,30
G_pingreensis,4,Adult,3,30
G_pingreensis,4,Adult,3,30
G_pingreensis,4,Adult,3,30
G_pingreensis,4,Adult,3,30
G_pingreensis,4,Adult,3,30
G_pingreensis,4,Adult,3,30
G_pingreensis,4,Adult,3,30
G_pingreensis,4,Adult,3,30
G_pingreensis,4,Adult,3,30
G_pingreensis,4,Adult,3,30
G_pingreensis,4,Adult,3,30
G_pingreensis,4,Adult,3,30
G_pingreensis,4,Adult,3,30
G_pingreensis,4,Adult,3,30
G_pingreensis,4,Adult,3,30
G_pingreensis,4,Adult,3,30
G_pingreensis,4,Adult,3,30
G_pingreensis,4,Adult,3,31
G_pingreensis,4,Adult,3,31
G_pingreensis,4,Adult,3,31
G_pingreensis,4,Adult,3,31
G_pingreensis,4,Adult,3,31
G_pingreensis,4,Adult,3,31
G_pingreensis,4,Adult,3,31
G_pingreensis,4,Adult,3,31
G_pingreensis,4,Adult,3,31
G_pingreensis,4,Adult,3,31
G_pingreensis,4,Adult,3,31
G_pingreensis,4,Adult,3,31
G_pingreensis,4,Adult,3,31
G_pingreensis,4,Adult,3,31
G_pingreensis,4,Adult,3,31
G_pingreensis,4,Adult,3,31
G_pingreensis,4,Adult,3,31
G_pingreensis,4,Adult,3,31
G_pingreensis,4,Adult,3,31
G_pingreensis,4,Adult,3,31
G_pingreensis,4,Adult,3,32
G_pingreensis,4,Adult,3,32
G_pingreensis,4,Adult,3,32
G_pingreensis,4,Adult,3,32
G_pingreensis,4,Adult,3,33
G_pingreensis,4,Adult,4,27
G_pingreensis,4,Adult,4,27
G_pingreensis,4,Adult,4,27
G_pingreensis,4,Adult,4,28
G_pingreensis,4,Adult,4,28
G_pingreensis,4,Adult,4,28
G_pingreensis,4,Adult,4,28
G_pingreensis,4,Adult,4,28
G_pingreensis,4,Adult,4,28
G_pingreensis,4,Adult,4,28
G_pingreensis,4,Adult,4,28
G_pingreensis,4,Adult,4,28
G_pingreensis,4,Adult,4,28
G_pingreensis,4,Adult,4,28
G_pingreensis,4,Adult,4,29
G_pingreensis,4,Adult,4,29
G_pingreensis,4,Adult,4,29
G_pingreensis,4,Adult,4,29
G_pingreensis,4,Adult,4,29
G_pingreensis,4,Adult,4,29
G_pingreensis,4,Adult,4,29
G_pingreensis,4,Adult,4,29
G_pingreensis,4,Adult,4,29
G_pingreensis,4,Adult,4,29
G_pingreensis,4,Adult,4,29
G_pingreensis,4,Adult,4,29
G_pingreensis,4,Adult,4,29
G_pingreensis,4,Adult,4,29
G_pingreensis,4,Adult,4,29
G_pingreensis,4,Adult,4,29
G_pingreensis,4,Adult,4,29
G_pingreensis,4,Adult,4,29
G_pingreensis,4,Adult,4,29
G_pingreensis,4,Adult,4,29
G_pingreensis,4,Adult,4,29
G_pingreensis,4,Adult,4,29
G_pingreensis,4,Adult,4,29
G_pingreensis,4,Adult,4,29
G_pingreensis,4,Adult,4,29
G_pingreensis,4,Adult,4,29
G_pingreensis,4,Adult,4,29
G_pingreensis,4,Adult,4,29
G_pingreensis,4,Adult,4,29
G_pingreensis,4,Adult,4,29
G_pingreensis,4,Adult,4,29
G_pingreensis,4,Adult,4,29
G_pingreensis,4,Adult,4,29
G_pingreensis,4,Adult,4,30
G_pingreensis,4,Adult,4,30
G_pingreensis,4,Adult,4,30
G_pingreensis,4,Adult,4,30
G_pingreensis,4,Adult,4,30
G_pingreensis,4,Adult,4,30
G_pingreensis,4,Adult,4,30
G_pingreensis,4,Adult,4,30
G_pingreensis,4,Adult,4,31
G_pingreensis,4,Adult,4,31
G_pingreensis,4,Adult,4,31
G_pingreensis,4,Adult,4,31
G_pingreensis,4,Adult,4,31
G_pingreensis,4,Adult,4,32
G_pingreensis,4,Adult,5,27
G_pingreensis,4,Adult,5,28
G_pingreensis,4,Adult,5,28
G_pingreensis,4,Adult,5,28
G_pingreensis,4,Adult,5,29
G_pingreensis,4,Adult,5,29
G_pingreensis,4,Adult,5,29
G_pingreensis,4,Adult,5,29
G_pingreensis,4,Adult,5,29
G_pingreensis,4,Adult,5,29
G_pingreensis,4,Adult,5,29
G_pingreensis,4,Adult,5,29
G_pingreensis,4,Adult,5,29
G_pingreensis,4,Adult,5,29
G_pingreensis,4,Adult,5,29
G_pingreensis,4,Adult,5,29
G_pingreensis,4,Adult,5,29
G_pingreensis,4,Adult,5,29
G_pingreensis,4,Adult,5,29
G_pingreensis,4,Adult,5,29
G_pingreensis,4,Adult,5,30
G_pingreensis,4,Adult,5,30
G_pingreensis,4,Adult,5,30
G_pingreensis,4,Adult,5,30
G_pingreensis,4,Adult,5,30
G_pingreensis,4,Adult,5,30
G_pingreensis,4,Adult,5,30
G_pingreensis,4,Adult,5,30
G_pingreensis,4,Adult,5,30
G_pingreensis,4,Adult,5,30
G_pingreensis,4,Adult,5,30
G_pingreensis,4,Adult,5,30
G_pingreensis,4,Adult,5,30
G_pingreensis,4,Adult,5,30
G_pingreensis,4,Adult,5,30
G_pingreensis,4,Adult,5,30
G_pingreensis,4,Adult,5,30
G_pingreensis,4,Adult,5,30
G_pingreensis,4,Adult,5,30
G_pingreensis,4,Adult,5,30
G_pingreensis,4,Adult,5,31
G_pingreensis,4,Adult,5,31
G_pingreensis,4,Adult,5,31
G_pingreensis,4,Adult,5,31
G_pingreensis,4,Adult,5,31
G_pingreensis,4,Adult,5,31
G_pingreensis,4,Adult,5,31
G_pingreensis,4,Adult,5,31
G_pingreensis,4,Adult,5,31
G_pingreensis,4,Adult,5,31
G_pingreensis,4,Adult,5,31
G_pingreensis,4,Adult,5,31
G_pingreensis,4,Adult,5,31
G_pingreensis,4,Adult,5,31
G_pingreensis,4,Adult,5,32
G_pingreensis,4,Adult,5,32
G_pingreensis,4,Adult,5,33
G_pingreensis,4,Adult,5,33
G_pingreensis,4,Adult,6,28
G_pingreensis,4,Adult,6,28
G_pingreensis,4,Adult,6,28
G_pingreensis,4,Adult,6,28
G_pingreensis,4,Adult,6,28
G_pingreensis,4,Adult,6,29
G_pingreensis,4,Adult,6,29
G_pingreensis,4,Adult,6,29
G_pingreensis,4,Adult,6,29
G_pingreensis,4,Adult,6,29
G_pingreensis,4,Adult,6,29
G_pingreensis,4,Adult,6,29
G_pingreensis,4,Adult,6,29
G_pingreensis,4,Adult,6,29
G_pingreensis,4,Adult,6,29
G_pingreensis,4,Adult,6,29
G_pingreensis,4,Adult,6,29
G_pingreensis,4,Adult,6,29
G_pingreensis,4,Adult,6,29
G_pingreensis,4,Adult,6,29
G_pingreensis,4,Adult,6,29
G_pingreensis,4,Adult,6,29
G_pingreensis,4,Adult,6,29
G_pingreensis,4,Adult,6,30
G_pingreensis,4,Adult,6,30
G_pingreensis,4,Adult,6,30
G_pingreensis,4,Adult,6,30
G_pingreensis,4,Adult,6,30
G_pingreensis,4,Adult,6,30
G_pingreensis,4,Adult,6,30
G_pingreensis,4,Adult,6,30
G_pingreensis,4,Adult,6,30
G_pingreensis,4,Adult,6,30
G_pingreensis,4,Adult,6,30
G_pingreensis,4,Adult,6,30
G_pingreensis,4,Adult,6,30
G_pingreensis,4,Adult,6,30
G_pingreensis,4,Adult,6,30
G_pingreensis,4,Adult,6,31
G_pingreensis,4,Adult,6,31
G_pingreensis,4,Adult,6,31
G_pingreensis,4,Adult,6,31
G_pingreensis,4,Adult,6,31
G_pingreensis,4,Adult,6,31
G_pingreensis,4,Adult,6,31
G_pingreensis,4,Adult,6,31
G_pingreensis,4,Adult,6,31
G_pingreensis,4,Adult,6,31
G_pingreensis,4,Adult,6,31
G_pingreensis,4,Adult,6,31
G_pingreensis,4,Adult,6,31
G_pingreensis,4,Adult,6,31
G_pingreensis,4,Adult,6,31
G_pingreensis,4,Adult,6,31
G_pingreensis,4,Adult,6,31
G_pingreensis,4,Adult,6,31
G_pingreensis,4,Adult,6,31
G_pingreensis,4,Adult,6,32
G_pingreensis,4,Adult,6,32
G_pingreensis,4,Adult,6,32
G_pingreensis,4,Adult,6,33
G_pingreensis,4,Adult,7,27
G_pingreensis,4,Adult,7,28
G_pingreensis,4,Adult,7,28
G_pingreensis,4,Adult,7,28
G_pingreensis,4,Adult,7,28
G_pingreensis,4,Adult,7,28
G_pingreensis,4,Adult,7,28
G_pingreensis,4,Adult,7,28
G_pingreensis,4,Adult,7,28
G_pingreensis,4,Adult,7,28
G_pingreensis,4,Adult,7,28
G_pingreensis,4,Adult,7,28
G_pingreensis,4,Adult,7,29
G_pingreensis,4,Adult,7,29
G_pingreensis,4,Adult,7,29
G_pingreensis,4,Adult,7,29
G_pingreensis,4,Adult,7,29
G_pingreensis,4,Adult,7,29
G_pingreensis,4,Adult,7,29
G_pingreensis,4,Adult,7,29
G_pingreensis,4,Adult,7,29
G_pingreensis,4,Adult,7,29
G_pingreensis,4,Adult,7,29
G_pingreensis,4,Adult,7,29
G_pingreensis,4,Adult,7,29
G_pingreensis,4,Adult,7,29
G_pingreensis,4,Adult,7,29
G_pingreensis,4,Adult,7,30
G_pingreensis,4,Adult,7,30
G_pingreensis,4,Adult,7,30
G_pingreensis,4,Adult,7,30
G_pingreensis,4,Adult,7,30
G_pingreensis,4,Adult,7,30
G_pingreensis,4,Adult,7,30
G_pingreensis,4,Adult,7,30
G_pingreensis,4,Adult,7,30
G_pingreensis,4,Adult,7,30
G_pingreensis,4,Adult,7,30
G_pingreensis,4,Adult,7,30
G_pingreensis,4,Adult,7,30
G_pingreensis,4,Adult,7,30
G_pingreensis,4,Adult,7,30
G_pingreensis,4,Adult,7,30
G_pingreensis,4,Adult,7,30
G_pingreensis,4,Adult,7,30
G_pingreensis,4,Adult,7,31
G_pingreensis,4,Adult,7,31
G_pingreensis,4,Adult,7,31
G_pingreensis,4,Adult,7,31
G_pingreensis,4,Adult,7,31
G_pingreensis,4,Adult,7,31
G_pingreensis,4,Adult,7,31
G_pingreensis,4,Adult,7,31
G_pingreensis,4,Adult,7,31
G_pingreensis,4,Adult,7,32
G_pingreensis,4,Adult,7,32
G_pingreensis,4,Adult,8,29
G_pingreensis,4,Adult,8,29
G_pingreensis,4,Adult,8,29
G_pingreensis,4,Adult,8,30
G_pingreensis,4,Adult,8,30
G_pingreensis,4,Adult,8,30
G_pingreensis,4,Adult,8,30
G_pingreensis,4,Adult,8,30
G_pingreensis,4,Adult,8,30
G_pingreensis,4,Adult,8,30
G_pingreensis,4,Adult,8,30
G_pingreensis,4,Adult,8,30
G_pingreensis,4,Adult,8,30
G_pingreensis,4,Adult,8,31
G_pingreensis,4,Adult,8,31
G_pingreensis,4,Adult,8,31
G_pingreensis,4,Adult,8,31
G_pingreensis,4,Adult,8,31
G_pingreensis,4,Adult,8,31
G_pingreensis,4,Adult,8,31
G_pingreensis,4,Adult,8,31
G_pingreensis,4,Adult,8,31
G_pingreensis,4,Adult,8,31
G_pingreensis,4,Adult,8,31
G_pingreensis,4,Adult,8,31
G_pingreensis,4,Adult,8,31
G_pingreensis,4,Adult,8,31
G_pingreensis,4,Adult,8,31
G_pingreensis,4,Adult,8,31
G_pingreensis,4,Adult,8,31
G_pingreensis,4,Adult,8,31
G_pingreensis,4,Adult,8,32
G_pingreensis,4,Adult,8,32
G_pingreensis,4,Adult,8,32
G_pingreensis,4,Adult,8,32
G_pingreensis,4,Adult,8,32
G_pingreensis,4,Adult,8,32
G_pingreensis,4,Adult,8,32
G_pingreensis,4,Adult,8,32
G_pingreensis,4,Adult,8,32
G_pingreensis,4,Adult,8,32
G_pingreensis,4,Adult,8,32
G_pingreensis,4,Adult,8,32
G_pingreensis,4,Adult,8,32
G_pingreensis,4,Adult,8,32
G_pingreensis,4,Adult,8,32
G_pingreensis,4,Adult,8,32
G_pingreensis,4,Adult,8,32
G_pingreensis,4,Adult,8,32
G_pingreensis,4,Adult,8,33
G_pingreensis,4,Adult,8,33
G_pingreensis,4,Adult,8,33
G_pingreensis,4,Adult,8,33
G_pingreensis,4,Adult,8,33
G_pingreensis,4,Adult,8,33
G_pingreensis,4,Adult,8,33
G_pingreensis,4,Adult,8,33
G_pingreensis,4,Adult,8,33
G_pingreensis,4,Adult,8,33
G_pingreensis,4,Adult,8,34
G_pingreensis,5,2,1,5
G_pingreensis,5,2,1,5
G_pingreensis,5,2,1,5
G_pingreensis,5,2,1,5
G_pingreensis,5,2,1,5
G_pingreensis,5,2,1,5
G_pingreensis,5,2,1,5
G_pingreensis,5,2,1,5
G_pingreensis,5,2,1,5
G_pingreensis,5,2,1,5
G_pingreensis,5,2,1,5
G_pingreensis,5,2,1,5
G_pingreensis,5,2,1,5
G_pingreensis,5,2,1,5
G_pingreensis,5,2,1,5
G_pingreensis,5,2,1,5
G_pingreensis,5,2,1,5
G_pingreensis,5,2,1,5
G_pingreensis,5,2,1,5
G_pingreensis,5,2,1,5
G_pingreensis,5,2,1,5
G_pingreensis,5,2,1,5
G_pingreensis,5,2,1,5
G_pingreensis,5,2,1,5
G_pingreensis,5,2,1,5
G_pingreensis,5,2,1,5
G_pingreensis,5,2,1,5
G_pingreensis,5,2,1,5
G_pingreensis,5,2,1,5
G_pingreensis,5,2,1,5
G_pingreensis,5,2,1,5
G_pingreensis,5,2,1,5
G_pingreensis,5,2,1,5
G_pingreensis,5,2,1,5
G_pingreensis,5,2,1,5
G_pingreensis,5,2,1,5
G_pingreensis,5,2,1,5
G_pingreensis,5,2,1,5
G_pingreensis,5,2,1,5
G_pingreensis,5,2,1,5
G_pingreensis,5,2,1,5
G_pingreensis,5,2,1,5
G_pingreensis,5,2,1,5
G_pingreensis,5,2,1,5
G_pingreensis,5,2,1,5
G_pingreensis,5,2,1,5
G_pingreensis,5,2,1,5
G_pingreensis,5,2,1,5
G_pingreensis,5,2,1,5
G_pingreensis,5,2,1,5
G_pingreensis,5,2,1,5
G_pingreensis,5,2,1,5
G_pingreensis,5,2,1,5
G_pingreensis,5,2,1,5
G_pingreensis,5,2,1,5
G_pingreensis,5,2,1,5
G_pingreensis,5,2,1,6
G_pingreensis,5,2,1,6
G_pingreensis,5,2,1,6
G_pingreensis,5,2,1,6
G_pingreensis,5,2,1,6
G_pingreensis,5,2,1,6
G_pingreensis,5,2,1,6
G_pingreensis,5,2,1,6
G_pingreensis,5,2,1,6
G_pingreensis,5,2,2,5
G_pingreensis,5,2,2,5
G_pingreensis,5,2,2,5
G_pingreensis,5,2,2,5
G_pingreensis,5,2,2,5
G_pingreensis,5,2,2,5
G_pingreensis,5,2,2,5
G_pingreensis,5,2,2,5
G_pingreensis,5,2,2,5
G_pingreensis,5,2,2,6
G_pingreensis,5,2,2,6
G_pingreensis,5,2,2,6
G_pingreensis,5,2,2,6
G_pingreensis,5,2,2,6
G_pingreensis,5,2,2,6
G_pingreensis,5,2,2,6
G_pingreensis,5,2,2,6
G_pingreensis,5,2,2,6
G_pingreensis,5,2,2,6
G_pingreensis,5,2,2,6
G_pingreensis,5,2,2,6
G_pingreensis,5,2,2,6
G_pingreensis,5,2,2,6
G_pingreensis,5,2,2,6
G_pingreensis,5,2,2,6
G_pingreensis,5,2,2,6
G_pingreensis,5,2,2,6
G_pingreensis,5,2,2,6
G_pingreensis,5,2,2,6
G_pingreensis,5,2,2,6
G_pingreensis,5,2,2,6
G_pingreensis,5,2,2,6
G_pingreensis,5,2,2,6
G_pingreensis,5,2,2,6
G_pingreensis,5,2,2,6
G_pingreensis,5,2,2,6
G_pingreensis,5,2,2,6
G_pingreensis,5,2,2,6
G_pingreensis,5,2,2,6
G_pingreensis,5,2,2,7
G_pingreensis,5,2,2,7
G_pingreensis,5,2,2,7
G_pingreensis,5,2,2,7
G_pingreensis,5,2,2,7
G_pingreensis,5,2,2,7
G_pingreensis,5,2,2,7
G_pingreensis,5,2,2,7
G_pingreensis,5,2,2,7
G_pingreensis,5,2,2,7
G_pingreensis,5,2,2,7
G_pingreensis,5,2,2,7
G_pingreensis,5,2,2,7
G_pingreensis,5,2,2,7
G_pingreensis,5,2,2,7
G_pingreensis,5,2,2,7
G_pingreensis,5,2,2,7
G_pingreensis,5,2,2,7
G_pingreensis,5,2,2,7
G_pingreensis,5,2,2,7
G_pingreensis,5,2,2,7
G_pingreensis,5,2,2,7
G_pingreensis,5,2,2,7
G_pingreensis,5,2,2,8
G_pingreensis,5,2,3,5
G_pingreensis,5,2,3,5
G_pingreensis,5,2,3,5
G_pingreensis,5,2,3,5
G_pingreensis,5,2,3,5
G_pingreensis,5,2,3,5
G_pingreensis,5,2,3,5
G_pingreensis,5,2,3,5
G_pingreensis,5,2,3,5
G_pingreensis,5,2,3,5
G_pingreensis,5,2,3,5
G_pingreensis,5,2,3,5
G_pingreensis,5,2,3,5
G_pingreensis,5,2,3,5
G_pingreensis,5,2,3,5
G_pingreensis,5,2,3,5
G_pingreensis,5,2,3,5
G_pingreensis,5,2,3,5
G_pingreensis,5,2,3,5
G_pingreensis,5,2,3,5
G_pingreensis,5,2,3,5
G_pingreensis,5,2,3,5
G_pingreensis,5,2,3,5
G_pingreensis,5,2,3,5
G_pingreensis,5,2,3,5
G_pingreensis,5,2,3,5
G_pingreensis,5,2,3,5
G_pingreensis,5,2,3,5
G_pingreensis,5,2,3,6
G_pingreensis,5,2,3,6
G_pingreensis,5,2,3,6
G_pingreensis,5,2,3,6
G_pingreensis,5,2,3,6
G_pingreensis,5,2,3,6
G_pingreensis,5,2,3,6
G_pingreensis,5,2,3,6
G_pingreensis,5,2,3,6
G_pingreensis,5,2,3,6
G_pingreensis,5,2,3,6
G_pingreensis,5,2,3,6
G_pingreensis,5,2,3,6
G_pingreensis,5,2,3,6
G_pingreensis,5,2,3,6
G_pingreensis,5,2,3,6
G_pingreensis,5,2,3,6
G_pingreensis,5,2,3,6
G_pingreensis,5,2,3,6
G_pingreensis,5,2,3,6
G_pingreensis,5,2,3,6
G_pingreensis,5,2,3,6
G_pingreensis,5,2,3,6
G_pingreensis,5,2,3,6
G_pingreensis,5,2,3,6
G_pingreensis,5,2,3,6
G_pingreensis,5,2,3,6
G_pingreensis,5,2,3,6
G_pingreensis,5,2,3,6
G_pingreensis,5,2,3,6
G_pingreensis,5,2,3,6
G_pingreensis,5,2,3,6
G_pingreensis,5,2,3,6
G_pingreensis,5,2,3,6
G_pingreensis,5,2,3,6
G_pingreensis,5,2,3,6
G_pingreensis,5,2,4,5
G_pingreensis,5,2,4,5
G_pingreensis,5,2,4,5
G_pingreensis,5,2,4,5
G_pingreensis,5,2,4,5
G_pingreensis,5,2,4,5
G_pingreensis,5,2,4,5
G_pingreensis,5,2,4,5
G_pingreensis,5,2,4,5
G_pingreensis,5,2,4,5
G_pingreensis,5,2,4,5
G_pingreensis,5,2,4,5
G_pingreensis,5,2,4,5
G_pingreensis,5,2,4,5
G_pingreensis,5,2,4,5
G_pingreensis,5,2,4,5
G_pingreensis,5,2,4,5
G_pingreensis,5,2,4,5
G_pingreensis,5,2,4,5
G_pingreensis,5,2,4,5
G_pingreensis,5,2,4,5
G_pingreensis,5,2,4,5
G_pingreensis,5,2,4,6
G_pingreensis,5,2,4,6
G_pingreensis,5,2,4,6
G_pingreensis,5,2,4,6
G_pingreensis,5,2,4,6
G_pingreensis,5,2,4,6
G_pingreensis,5,2,4,6
G_pingreensis,5,2,4,6
G_pingreensis,5,2,4,6
G_pingreensis,5,2,4,6
G_pingreensis,5,2,4,6
G_pingreensis,5,2,4,6
G_pingreensis,5,2,4,6
G_pingreensis,5,2,4,6
G_pingreensis,5,2,4,6
G_pingreensis,5,2,4,6
G_pingreensis,5,2,4,6
G_pingreensis,5,2,4,6
G_pingreensis,5,2,4,6
G_pingreensis,5,2,4,6
G_pingreensis,5,2,4,6
G_pingreensis,5,2,4,6
G_pingreensis,5,2,4,6
G_pingreensis,5,2,4,6
G_pingreensis,5,2,4,6
G_pingreensis,5,2,4,6
G_pingreensis,5,2,4,6
G_pingreensis,5,2,4,6
G_pingreensis,5,2,4,6
G_pingreensis,5,2,4,6
G_pingreensis,5,2,4,6
G_pingreensis,5,2,4,6
G_pingreensis,5,2,4,6
G_pingreensis,5,2,4,6
G_pingreensis,5,2,4,6
G_pingreensis,5,2,4,6
G_pingreensis,5,2,4,6
G_pingreensis,5,2,4,6
G_pingreensis,5,2,4,6
G_pingreensis,5,2,4,7
G_pingreensis,5,2,5,4
G_pingreensis,5,2,5,4
G_pingreensis,5,2,5,4
G_pingreensis,5,2,5,4
G_pingreensis,5,2,5,4
G_pingreensis,5,2,5,4
G_pingreensis,5,2,5,4
G_pingreensis,5,2,5,4
G_pingreensis,5,2,5,4
G_pingreensis,5,2,5,4
G_pingreensis,5,2,5,4
G_pingreensis,5,2,5,4
G_pingreensis,5,2,5,4
G_pingreensis,5,2,5,4
G_pingreensis,5,2,5,4
G_pingreensis,5,2,5,4
G_pingreensis,5,2,5,4
G_pingreensis,5,2,5,4
G_pingreensis,5,2,5,4
G_pingreensis,5,2,5,4
G_pingreensis,5,2,5,4
G_pingreensis,5,2,5,4
G_pingreensis,5,2,5,4
G_pingreensis,5,2,5,4
G_pingreensis,5,2,5,4
G_pingreensis,5,2,5,4
G_pingreensis,5,2,5,4
G_pingreensis,5,2,5,4
G_pingreensis,5,2,5,4
G_pingreensis,5,2,5,4
G_pingreensis,5,2,5,4
G_pingreensis,5,2,5,4
G_pingreensis,5,2,5,4
G_pingreensis,5,2,5,4
G_pingreensis,5,2,5,4
G_pingreensis,5,2,5,4
G_pingreensis,5,2,5,4
G_pingreensis,5,2,5,4
G_pingreensis,5,2,5,4
G_pingreensis,5,2,5,4
G_pingreensis,5,2,5,4
G_pingreensis,5,2,5,4
G_pingreensis,5,2,5,4
G_pingreensis,5,2,5,4
G_pingreensis,5,2,5,4
G_pingreensis,5,2,5,4
G_pingreensis,5,2,5,4
G_pingreensis,5,2,5,4
G_pingreensis,5,2,5,4
G_pingreensis,5,2,5,4
G_pingreensis,5,2,5,4
G_pingreensis,5,2,5,5
G_pingreensis,5,2,5,5
G_pingreensis,5,2,5,5
G_pingreensis,5,2,5,5
G_pingreensis,5,2,5,5
G_pingreensis,5,2,5,5
G_pingreensis,5,2,5,5
G_pingreensis,5,2,5,5
G_pingreensis,5,2,5,5
G_pingreensis,5,2,5,5
G_pingreensis,5,2,5,5
G_pingreensis,5,2,5,5
G_pingreensis,5,2,6,4
G_pingreensis,5,2,6,4
G_pingreensis,5,2,6,4
G_pingreensis,5,2,6,4
G_pingreensis,5,2,6,4
G_pingreensis,5,2,6,4
G_pingreensis,5,2,6,4
G_pingreensis,5,2,6,4
G_pingreensis,5,2,6,4
G_pingreensis,5,2,6,4
G_pingreensis,5,2,6,4
G_pingreensis,5,2,6,4
G_pingreensis,5,2,6,4
G_pingreensis,5,2,6,4
G_pingreensis,5,2,6,4
G_pingreensis,5,2,6,4
G_pingreensis,5,2,6,4
G_pingreensis,5,2,6,4
G_pingreensis,5,2,6,4
G_pingreensis,5,2,6,4
G_pingreensis,5,2,6,4
G_pingreensis,5,2,6,4
G_pingreensis,5,2,6,4
G_pingreensis,5,2,6,4
G_pingreensis,5,2,6,4
G_pingreensis,5,2,6,4
G_pingreensis,5,2,6,4
G_pingreensis,5,2,6,4
G_pingreensis,5,2,6,4
G_pingreensis,5,2,6,4
G_pingreensis,5,2,6,4
G_pingreensis,5,2,6,4
G_pingreensis,5,2,6,4
G_pingreensis,5,2,6,4
G_pingreensis,5,2,6,4
G_pingreensis,5,2,6,4
G_pingreensis,5,2,6,4
G_pingreensis,5,2,6,4
G_pingreensis,5,2,6,4
G_pingreensis,5,2,6,4
G_pingreensis,5,2,6,4
G_pingreensis,5,2,6,5
G_pingreensis,5,2,6,5
G_pingreensis,5,2,6,5
G_pingreensis,5,2,6,5
G_pingreensis,5,2,6,5
G_pingreensis,5,2,6,5
G_pingreensis,5,2,6,5
G_pingreensis,5,2,6,5
G_pingreensis,5,2,6,5
G_pingreensis,5,2,6,5
G_pingreensis,5,2,6,5
G_pingreensis,5,2,6,5
G_pingreensis,5,2,6,5
G_pingreensis,5,2,6,5
G_pingreensis,5,2,6,5
G_pingreensis,5,2,6,5
G_pingreensis,5,2,6,5
G_pingreensis,5,2,6,5
G_pingreensis,5,2,6,5
G_pingreensis,5,2,6,5
G_pingreensis,5,2,6,5
G_pingreensis,5,2,6,6
G_pingreensis,5,2,6,8
G_pingreensis,5,2,7,4
G_pingreensis,5,2,7,4
G_pingreensis,5,2,7,4
G_pingreensis,5,2,7,4
G_pingreensis,5,2,7,4
G_pingreensis,5,2,7,4
G_pingreensis,5,2,7,4
G_pingreensis,5,2,7,4
G_pingreensis,5,2,7,4
G_pingreensis,5,2,7,4
G_pingreensis,5,2,7,4
G_pingreensis,5,2,7,4
G_pingreensis,5,2,7,4
G_pingreensis,5,2,7,4
G_pingreensis,5,2,7,4
G_pingreensis,5,2,7,4
G_pingreensis,5,2,7,4
G_pingreensis,5,2,7,4
G_pingreensis,5,2,7,4
G_pingreensis,5,2,7,4
G_pingreensis,5,2,7,4
G_pingreensis,5,2,7,4
G_pingreensis,5,2,7,4
G_pingreensis,5,2,7,4
G_pingreensis,5,2,7,4
G_pingreensis,5,2,7,4
G_pingreensis,5,2,7,4
G_pingreensis,5,2,7,4
G_pingreensis,5,2,7,4
G_pingreensis,5,2,7,4
G_pingreensis,5,2,7,4
G_pingreensis,5,2,7,4
G_pingreensis,5,2,7,4
G_pingreensis,5,2,7,4
G_pingreensis,5,2,7,4
G_pingreensis,5,2,7,4
G_pingreensis,5,2,7,4
G_pingreensis,5,2,7,4
G_pingreensis,5,2,7,4
G_pingreensis,5,2,7,4
G_pingreensis,5,2,7,4
G_pingreensis,5,2,7,4
G_pingreensis,5,2,7,4
G_pingreensis,5,2,7,4
G_pingreensis,5,2,7,4
G_pingreensis,5,2,7,4
G_pingreensis,5,2,7,4
G_pingreensis,5,2,7,4
G_pingreensis,5,2,7,4
G_pingreensis,5,2,7,5
G_pingreensis,5,2,7,5
G_pingreensis,5,2,7,5
G_pingreensis,5,2,7,5
G_pingreensis,5,2,7,5
G_pingreensis,5,2,7,5
G_pingreensis,5,2,7,5
G_pingreensis,5,2,7,5
G_pingreensis,5,2,7,5
G_pingreensis,5,2,7,5
G_pingreensis,5,2,7,5
G_pingreensis,5,2,7,5
G_pingreensis,5,2,7,5
G_pingreensis,5,2,7,6
G_pingreensis,5,2,7,7
G_pingreensis,5,2,8,4
G_pingreensis,5,2,8,4
G_pingreensis,5,2,8,4
G_pingreensis,5,2,8,4
G_pingreensis,5,2,8,4
G_pingreensis,5,2,8,4
G_pingreensis,5,2,8,4
G_pingreensis,5,2,8,4
G_pingreensis,5,2,8,4
G_pingreensis,5,2,8,4
G_pingreensis,5,2,8,4
G_pingreensis,5,2,8,4
G_pingreensis,5,2,8,4
G_pingreensis,5,2,8,4
G_pingreensis,5,2,8,4
G_pingreensis,5,2,8,4
G_pingreensis,5,2,8,4
G_pingreensis,5,2,8,5
G_pingreensis,5,2,8,5
G_pingreensis,5,2,8,5
G_pingreensis,5,2,8,5
G_pingreensis,5,2,8,5
G_pingreensis,5,2,8,5
G_pingreensis,5,2,8,5
G_pingreensis,5,2,8,5
G_pingreensis,5,2,8,5
G_pingreensis,5,2,8,5
G_pingreensis,5,2,8,5
G_pingreensis,5,2,8,5
G_pingreensis,5,2,8,5
G_pingreensis,5,2,8,5
G_pingreensis,5,2,8,5
G_pingreensis,5,2,8,5
G_pingreensis,5,2,8,5
G_pingreensis,5,2,8,5
G_pingreensis,5,2,8,5
G_pingreensis,5,2,8,5
G_pingreensis,5,2,8,5
G_pingreensis,5,2,8,5
G_pingreensis,5,2,8,5
G_pingreensis,5,2,8,6
G_pingreensis,5,2,8,6
G_pingreensis,5,2,8,6
G_pingreensis,5,2,8,6
G_pingreensis,5,2,8,6
G_pingreensis,5,2,8,6
G_pingreensis,5,2,8,6
G_pingreensis,5,2,8,6
G_pingreensis,5,2,8,6
G_pingreensis,5,2,8,6
G_pingreensis,5,2,8,6
G_pingreensis,5,2,8,6
G_pingreensis,5,2,8,6
G_pingreensis,5,2,8,7
G_pingreensis,5,2,8,7
G_pingreensis,5,2,8,7
G_pingreensis,5,2,8,7
G_pingreensis,5,2,8,7
G_pingreensis,5,2,8,7
G_pingreensis,5,2,8,8
G_pingreensis,5,2,8,8
G_pingreensis,5,3,1,9
G_pingreensis,5,3,1,9
G_pingreensis,5,3,1,9
G_pingreensis,5,3,1,9
G_pingreensis,5,3,1,10
G_pingreensis,5,3,1,10
G_pingreensis,5,3,1,10
G_pingreensis,5,3,1,10
G_pingreensis,5,3,1,10
G_pingreensis,5,3,1,10
G_pingreensis,5,3,1,10
G_pingreensis,5,3,1,10
G_pingreensis,5,3,1,10
G_pingreensis,5,3,1,10
G_pingreensis,5,3,1,10
G_pingreensis,5,3,1,10
G_pingreensis,5,3,1,10
G_pingreensis,5,3,1,10
G_pingreensis,5,3,1,10
G_pingreensis,5,3,1,10
G_pingreensis,5,3,1,10
G_pingreensis,5,3,1,10
G_pingreensis,5,3,1,10
G_pingreensis,5,3,1,10
G_pingreensis,5,3,1,10
G_pingreensis,5,3,1,10
G_pingreensis,5,3,1,10
G_pingreensis,5,3,1,10
G_pingreensis,5,3,1,10
G_pingreensis,5,3,1,10
G_pingreensis,5,3,1,10
G_pingreensis,5,3,1,10
G_pingreensis,5,3,1,10
G_pingreensis,5,3,1,10
G_pingreensis,5,3,1,10
G_pingreensis,5,3,1,10
G_pingreensis,5,3,1,10
G_pingreensis,5,3,1,10
G_pingreensis,5,3,1,10
G_pingreensis,5,3,1,10
G_pingreensis,5,3,1,10
G_pingreensis,5,3,1,10
G_pingreensis,5,3,1,10
G_pingreensis,5,3,1,10
G_pingreensis,5,3,1,10
G_pingreensis,5,3,1,10
G_pingreensis,5,3,1,10
G_pingreensis,5,3,1,10
G_pingreensis,5,3,1,10
G_pingreensis,5,3,1,10
G_pingreensis,5,3,1,10
G_pingreensis,5,3,1,10
G_pingreensis,5,3,1,10
G_pingreensis,5,3,1,10
G_pingreensis,5,3,1,10
G_pingreensis,5,3,1,11
G_pingreensis,5,3,1,11
G_pingreensis,5,3,1,11
G_pingreensis,5,3,1,11
G_pingreensis,5,3,1,11
G_pingreensis,5,3,1,11
G_pingreensis,5,3,1,11
G_pingreensis,5,3,1,11
G_pingreensis,5,3,1,11
G_pingreensis,5,3,1,11
G_pingreensis,5,3,2,10
G_pingreensis,5,3,2,11
G_pingreensis,5,3,2,11
G_pingreensis,5,3,2,11
G_pingreensis,5,3,2,11
G_pingreensis,5,3,2,11
G_pingreensis,5,3,2,11
G_pingreensis,5,3,2,11
G_pingreensis,5,3,2,11
G_pingreensis,5,3,2,11
G_pingreensis,5,3,2,11
G_pingreensis,5,3,2,11
G_pingreensis,5,3,2,11
G_pingreensis,5,3,2,11
G_pingreensis,5,3,2,11
G_pingreensis,5,3,2,11
G_pingreensis,5,3,2,11
G_pingreensis,5,3,2,11
G_pingreensis,5,3,2,11
G_pingreensis,5,3,2,11
G_pingreensis,5,3,2,11
G_pingreensis,5,3,2,11
G_pingreensis,5,3,2,12
G_pingreensis,5,3,2,12
G_pingreensis,5,3,2,12
G_pingreensis,5,3,2,12
G_pingreensis,5,3,2,12
G_pingreensis,5,3,2,12
G_pingreensis,5,3,2,12
G_pingreensis,5,3,2,12
G_pingreensis,5,3,2,12
G_pingreensis,5,3,2,12
G_pingreensis,5,3,2,12
G_pingreensis,5,3,2,12
G_pingreensis,5,3,2,12
G_pingreensis,5,3,2,12
G_pingreensis,5,3,2,12
G_pingreensis,5,3,2,12
G_pingreensis,5,3,2,12
G_pingreensis,5,3,2,12
G_pingreensis,5,3,2,12
G_pingreensis,5,3,2,12
G_pingreensis,5,3,2,12
G_pingreensis,5,3,2,12
G_pingreensis,5,3,2,12
G_pingreensis,5,3,2,12
G_pingreensis,5,3,2,12
G_pingreensis,5,3,2,12
G_pingreensis,5,3,2,12
G_pingreensis,5,3,2,12
G_pingreensis,5,3,2,12
G_pingreensis,5,3,2,12
G_pingreensis,5,3,2,12
G_pingreensis,5,3,2,12
G_pingreensis,5,3,2,12
G_pingreensis,5,3,2,13
G_pingreensis,5,3,2,13
G_pingreensis,5,3,2,13
G_pingreensis,5,3,2,13
G_pingreensis,5,3,2,13
G_pingreensis,5,3,2,13
G_pingreensis,5,3,2,13
G_pingreensis,5,3,3,10
G_pingreensis,5,3,3,10
G_pingreensis,5,3,3,10
G_pingreensis,5,3,3,10
G_pingreensis,5,3,3,10
G_pingreensis,5,3,3,10
G_pingreensis,5,3,3,10
G_pingreensis,5,3,3,10
G_pingreensis,5,3,3,10
G_pingreensis,5,3,3,10
G_pingreensis,5,3,3,10
G_pingreensis,5,3,3,10
G_pingreensis,5,3,3,10
G_pingreensis,5,3,3,10
G_pingreensis,5,3,3,10
G_pingreensis,5,3,3,10
G_pingreensis,5,3,3,11
G_pingreensis,5,3,3,11
G_pingreensis,5,3,3,11
G_pingreensis,5,3,3,11
G_pingreensis,5,3,3,11
G_pingreensis,5,3,3,11
G_pingreensis,5,3,3,11
G_pingreensis,5,3,3,11
G_pingreensis,5,3,3,11
G_pingreensis,5,3,3,11
G_pingreensis,5,3,3,11
G_pingreensis,5,3,3,11
G_pingreensis,5,3,3,11
G_pingreensis,5,3,3,11
G_pingreensis,5,3,3,11
G_pingreensis,5,3,3,11
G_pingreensis,5,3,3,11
G_pingreensis,5,3,3,11
G_pingreensis,5,3,3,11
G_pingreensis,5,3,3,11
G_pingreensis,5,3,3,11
G_pingreensis,5,3,3,11
G_pingreensis,5,3,3,11
G_pingreensis,5,3,3,11
G_pingreensis,5,3,3,11
G_pingreensis,5,3,3,11
G_pingreensis,5,3,3,11
G_pingreensis,5,3,3,11
G_pingreensis,5,3,3,11
G_pingreensis,5,3,3,11
G_pingreensis,5,3,3,11
G_pingreensis,5,3,3,11
G_pingreensis,5,3,3,11
G_pingreensis,5,3,3,11
G_pingreensis,5,3,3,11
G_pingreensis,5,3,3,11
G_pingreensis,5,3,3,12
G_pingreensis,5,3,3,12
G_pingreensis,5,3,3,12
G_pingreensis,5,3,3,12
G_pingreensis,5,3,3,12
G_pingreensis,5,3,3,12
G_pingreensis,5,3,3,12
G_pingreensis,5,3,3,12
G_pingreensis,5,3,3,12
G_pingreensis,5,3,3,13
G_pingreensis,5,3,4,10
G_pingreensis,5,3,4,10
G_pingreensis,5,3,4,10
G_pingreensis,5,3,4,10
G_pingreensis,5,3,4,10
G_pingreensis,5,3,4,10
G_pingreensis,5,3,4,10
G_pingreensis,5,3,4,10
G_pingreensis,5,3,4,10
G_pingreensis,5,3,4,10
G_pingreensis,5,3,4,10
G_pingreensis,5,3,4,10
G_pingreensis,5,3,4,10
G_pingreensis,5,3,4,10
G_pingreensis,5,3,4,11
G_pingreensis,5,3,4,11
G_pingreensis,5,3,4,11
G_pingreensis,5,3,4,11
G_pingreensis,5,3,4,11
G_pingreensis,5,3,4,11
G_pingreensis,5,3,4,11
G_pingreensis,5,3,4,11
G_pingreensis,5,3,4,11
G_pingreensis,5,3,4,11
G_pingreensis,5,3,4,11
G_pingreensis,5,3,4,11
G_pingreensis,5,3,4,11
G_pingreensis,5,3,4,11
G_pingreensis,5,3,4,11
G_pingreensis,5,3,4,11
G_pingreensis,5,3,4,11
G_pingreensis,5,3,4,11
G_pingreensis,5,3,4,11
G_pingreensis,5,3,4,11
G_pingreensis,5,3,4,11
G_pingreensis,5,3,4,11
G_pingreensis,5,3,4,11
G_pingreensis,5,3,4,11
G_pingreensis,5,3,4,11
G_pingreensis,5,3,4,11
G_pingreensis,5,3,4,11
G_pingreensis,5,3,4,11
G_pingreensis,5,3,4,11
G_pingreensis,5,3,4,11
G_pingreensis,5,3,4,11
G_pingreensis,5,3,4,11
G_pingreensis,5,3,4,11
G_pingreensis,5,3,4,11
G_pingreensis,5,3,4,11
G_pingreensis,5,3,4,11
G_pingreensis,5,3,4,11
G_pingreensis,5,3,4,11
G_pingreensis,5,3,4,11
G_pingreensis,5,3,4,11
G_pingreensis,5,3,4,12
G_pingreensis,5,3,4,12
G_pingreensis,5,3,4,12
G_pingreensis,5,3,4,12
G_pingreensis,5,3,4,12
G_pingreensis,5,3,4,12
G_pingreensis,5,3,4,12
G_pingreensis,5,3,5,8
G_pingreensis,5,3,5,9
G_pingreensis,5,3,5,9
G_pingreensis,5,3,5,9
G_pingreensis,5,3,5,9
G_pingreensis,5,3,5,9
G_pingreensis,5,3,5,9
G_pingreensis,5,3,5,9
G_pingreensis,5,3,5,9
G_pingreensis,5,3,5,9
G_pingreensis,5,3,5,9
G_pingreensis,5,3,5,9
G_pingreensis,5,3,5,9
G_pingreensis,5,3,5,9
G_pingreensis,5,3,5,9
G_pingreensis,5,3,5,9
G_pingreensis,5,3,5,9
G_pingreensis,5,3,5,9
G_pingreensis,5,3,5,9
G_pingreensis,5,3,5,9
G_pingreensis,5,3,5,9
G_pingreensis,5,3,5,9
G_pingreensis,5,3,5,9
G_pingreensis,5,3,5,9
G_pingreensis,5,3,5,9
G_pingreensis,5,3,5,9
G_pingreensis,5,3,5,9
G_pingreensis,5,3,5,9
G_pingreensis,5,3,5,9
G_pingreensis,5,3,5,9
G_pingreensis,5,3,5,9
G_pingreensis,5,3,5,9
G_pingreensis,5,3,5,9
G_pingreensis,5,3,5,9
G_pingreensis,5,3,5,9
G_pingreensis,5,3,5,9
G_pingreensis,5,3,5,9
G_pingreensis,5,3,5,9
G_pingreensis,5,3,5,9
G_pingreensis,5,3,5,9
G_pingreensis,5,3,5,9
G_pingreensis,5,3,5,9
G_pingreensis,5,3,5,9
G_pingreensis,5,3,5,9
G_pingreensis,5,3,5,9
G_pingreensis,5,3,5,10
G_pingreensis,5,3,5,10
G_pingreensis,5,3,5,10
G_pingreensis,5,3,5,10
G_pingreensis,5,3,5,10
G_pingreensis,5,3,5,10
G_pingreensis,5,3,5,10
G_pingreensis,5,3,5,10
G_pingreensis,5,3,5,10
G_pingreensis,5,3,5,10
G_pingreensis,5,3,5,10
G_pingreensis,5,3,5,10
G_pingreensis,5,3,5,10
G_pingreensis,5,3,5,10
G_pingreensis,5,3,5,10
G_pingreensis,5,3,5,10
G_pingreensis,5,3,5,11
G_pingreensis,5,3,6,9
G_pingreensis,5,3,6,9
G_pingreensis,5,3,6,9
G_pingreensis,5,3,6,9
G_pingreensis,5,3,6,9
G_pingreensis,5,3,6,9
G_pingreensis,5,3,6,9
G_pingreensis,5,3,6,9
G_pingreensis,5,3,6,9
G_pingreensis,5,3,6,9
G_pingreensis,5,3,6,9
G_pingreensis,5,3,6,9
G_pingreensis,5,3,6,9
G_pingreensis,5,3,6,9
G_pingreensis,5,3,6,9
G_pingreensis,5,3,6,9
G_pingreensis,5,3,6,9
G_pingreensis,5,3,6,9
G_pingreensis,5,3,6,9
G_pingreensis,5,3,6,9
G_pingreensis,5,3,6,9
G_pingreensis,5,3,6,10
G_pingreensis,5,3,6,10
G_pingreensis,5,3,6,10
G_pingreensis,5,3,6,10
G_pingreensis,5,3,6,10
G_pingreensis,5,3,6,10
G_pingreensis,5,3,6,10
G_pingreensis,5,3,6,10
G_pingreensis,5,3,6,10
G_pingreensis,5,3,6,10
G_pingreensis,5,3,6,10
G_pingreensis,5,3,6,10
G_pingreensis,5,3,6,10
G_pingreensis,5,3,6,10
G_pingreensis,5,3,6,10
G_pingreensis,5,3,6,10
G_pingreensis,5,3,6,10
G_pingreensis,5,3,6,10
G_pingreensis,5,3,6,10
G_pingreensis,5,3,6,10
G_pingreensis,5,3,6,10
G_pingreensis,5,3,6,10
G_pingreensis,5,3,6,10
G_pingreensis,5,3,6,10
G_pingreensis,5,3,6,10
G_pingreensis,5,3,6,10
G_pingreensis,5,3,6,10
G_pingreensis,5,3,6,10
G_pingreensis,5,3,6,10
G_pingreensis,5,3,6,10
G_pingreensis,5,3,6,10
G_pingreensis,5,3,6,10
G_pingreensis,5,3,6,10
G_pingreensis,5,3,6,10
G_pingreensis,5,3,6,10
G_pingreensis,5,3,6,10
G_pingreensis,5,3,6,10
G_pingreensis,5,3,6,10
G_pingreensis,5,3,6,10
G_pingreensis,5,3,6,10
G_pingreensis,5,3,6,10
G_pingreensis,5,3,6,10
G_pingreensis,5,3,6,10
G_pingreensis,5,3,6,11
G_pingreensis,5,3,7,8
G_pingreensis,5,3,7,9
G_pingreensis,5,3,7,9
G_pingreensis,5,3,7,9
G_pingreensis,5,3,7,9
G_pingreensis,5,3,7,9
G_pingreensis,5,3,7,9
G_pingreensis,5,3,7,9
G_pingreensis,5,3,7,9
G_pingreensis,5,3,7,9
G_pingreensis,5,3,7,9
G_pingreensis,5,3,7,9
G_pingreensis,5,3,7,9
G_pingreensis,5,3,7,9
G_pingreensis,5,3,7,9
G_pingreensis,5,3,7,9
G_pingreensis,5,3,7,9
G_pingreensis,5,3,7,9
G_pingreensis,5,3,7,9
G_pingreensis,5,3,7,9
G_pingreensis,5,3,7,9
G_pingreensis,5,3,7,9
G_pingreensis,5,3,7,10
G_pingreensis,5,3,7,10
G_pingreensis,5,3,7,10
G_pingreensis,5,3,7,10
G_pingreensis,5,3,7,10
G_pingreensis,5,3,7,10
G_pingreensis,5,3,7,10
G_pingreensis,5,3,7,10
G_pingreensis,5,3,7,10
G_pingreensis,5,3,7,10
G_pingreensis,5,3,7,10
G_pingreensis,5,3,7,10
G_pingreensis,5,3,7,10
G_pingreensis,5,3,7,10
G_pingreensis,5,3,7,10
G_pingreensis,5,3,7,10
G_pingreensis,5,3,7,10
G_pingreensis,5,3,7,10
G_pingreensis,5,3,7,10
G_pingreensis,5,3,7,10
G_pingreensis,5,3,7,10
G_pingreensis,5,3,7,10
G_pingreensis,5,3,7,10
G_pingreensis,5,3,7,10
G_pingreensis,5,3,7,10
G_pingreensis,5,3,7,10
G_pingreensis,5,3,7,10
G_pingreensis,5,3,7,10
G_pingreensis,5,3,7,10
G_pingreensis,5,3,7,10
G_pingreensis,5,3,7,10
G_pingreensis,5,3,7,10
G_pingreensis,5,3,7,10
G_pingreensis,5,3,7,10
G_pingreensis,5,3,7,10
G_pingreensis,5,3,7,10
G_pingreensis,5,3,7,10
G_pingreensis,5,3,7,10
G_pingreensis,5,3,7,10
G_pingreensis,5,3,7,10
G_pingreensis,5,3,7,14
G_pingreensis,5,3,8,9
G_pingreensis,5,3,8,9
G_pingreensis,5,3,8,9
G_pingreensis,5,3,8,9
G_pingreensis,5,3,8,9
G_pingreensis,5,3,8,9
G_pingreensis,5,3,8,9
G_pingreensis,5,3,8,10
G_pingreensis,5,3,8,10
G_pingreensis,5,3,8,10
G_pingreensis,5,3,8,10
G_pingreensis,5,3,8,10
G_pingreensis,5,3,8,10
G_pingreensis,5,3,8,10
G_pingreensis,5,3,8,10
G_pingreensis,5,3,8,10
G_pingreensis,5,3,8,10
G_pingreensis,5,3,8,10
G_pingreensis,5,3,8,10
G_pingreensis,5,3,8,11
G_pingreensis,5,3,8,11
G_pingreensis,5,3,8,11
G_pingreensis,5,3,8,11
G_pingreensis,5,3,8,11
G_pingreensis,5,3,8,11
G_pingreensis,5,3,8,11
G_pingreensis,5,3,8,11
G_pingreensis,5,3,8,11
G_pingreensis,5,3,8,11
G_pingreensis,5,3,8,11
G_pingreensis,5,3,8,11
G_pingreensis,5,3,8,11
G_pingreensis,5,3,8,11
G_pingreensis,5,3,8,11
G_pingreensis,5,3,8,11
G_pingreensis,5,3,8,11
G_pingreensis,5,3,8,11
G_pingreensis,5,3,8,11
G_pingreensis,5,3,8,11
G_pingreensis,5,3,8,11
G_pingreensis,5,3,8,11
G_pingreensis,5,3,8,11
G_pingreensis,5,3,8,11
G_pingreensis,5,3,8,11
G_pingreensis,5,3,8,11
G_pingreensis,5,3,8,12
G_pingreensis,5,3,8,12
G_pingreensis,5,3,8,12
G_pingreensis,5,3,8,12
G_pingreensis,5,3,8,12
G_pingreensis,5,3,8,12
G_pingreensis,5,3,8,12
G_pingreensis,5,3,8,12
G_pingreensis,5,3,8,12
G_pingreensis,5,3,8,12
G_pingreensis,5,3,8,12
G_pingreensis,5,3,8,12
G_pingreensis,5,3,8,13
G_pingreensis,5,3,8,13
G_pingreensis,5,3,8,13
G_pingreensis,5,4,1,14
G_pingreensis,5,4,1,14
G_pingreensis,5,4,1,15
G_pingreensis,5,4,1,15
G_pingreensis,5,4,1,15
G_pingreensis,5,4,1,15
G_pingreensis,5,4,1,15
G_pingreensis,5,4,1,15
G_pingreensis,5,4,1,15
G_pingreensis,5,4,1,15
G_pingreensis,5,4,1,15
G_pingreensis,5,4,1,15
G_pingreensis,5,4,1,15
G_pingreensis,5,4,1,15
G_pingreensis,5,4,1,15
G_pingreensis,5,4,1,15
G_pingreensis,5,4,1,15
G_pingreensis,5,4,1,15
G_pingreensis,5,4,1,15
G_pingreensis,5,4,1,15
G_pingreensis,5,4,1,15
G_pingreensis,5,4,1,15
G_pingreensis,5,4,1,15
G_pingreensis,5,4,1,15
G_pingreensis,5,4,1,15
G_pingreensis,5,4,1,15
G_pingreensis,5,4,1,15
G_pingreensis,5,4,1,15
G_pingreensis,5,4,1,15
G_pingreensis,5,4,1,15
G_pingreensis,5,4,1,15
G_pingreensis,5,4,1,15
G_pingreensis,5,4,1,16
G_pingreensis,5,4,1,16
G_pingreensis,5,4,1,16
G_pingreensis,5,4,1,16
G_pingreensis,5,4,1,16
G_pingreensis,5,4,1,16
G_pingreensis,5,4,1,16
G_pingreensis,5,4,1,16
G_pingreensis,5,4,1,16
G_pingreensis,5,4,1,16
G_pingreensis,5,4,1,16
G_pingreensis,5,4,1,16
G_pingreensis,5,4,1,16
G_pingreensis,5,4,1,16
G_pingreensis,5,4,1,16
G_pingreensis,5,4,1,16
G_pingreensis,5,4,1,16
G_pingreensis,5,4,1,16
G_pingreensis,5,4,1,16
G_pingreensis,5,4,1,16
G_pingreensis,5,4,1,16
G_pingreensis,5,4,1,16
G_pingreensis,5,4,1,16
G_pingreensis,5,4,1,16
G_pingreensis,5,4,1,16
G_pingreensis,5,4,1,16
G_pingreensis,5,4,1,16
G_pingreensis,5,4,1,16
G_pingreensis,5,4,1,16
G_pingreensis,5,4,1,16
G_pingreensis,5,4,1,17
G_pingreensis,5,4,1,17
G_pingreensis,5,4,2,16
G_pingreensis,5,4,2,16
G_pingreensis,5,4,2,16
G_pingreensis,5,4,2,16
G_pingreensis,5,4,2,16
G_pingreensis,5,4,2,16
G_pingreensis,5,4,2,16
G_pingreensis,5,4,2,16
G_pingreensis,5,4,2,16
G_pingreensis,5,4,2,16
G_pingreensis,5,4,2,17
G_pingreensis,5,4,2,17
G_pingreensis,5,4,2,17
G_pingreensis,5,4,2,17
G_pingreensis,5,4,2,17
G_pingreensis,5,4,2,17
G_pingreensis,5,4,2,17
G_pingreensis,5,4,2,17
G_pingreensis,5,4,2,17
G_pingreensis,5,4,2,17
G_pingreensis,5,4,2,17
G_pingreensis,5,4,2,17
G_pingreensis,5,4,2,17
G_pingreensis,5,4,2,17
G_pingreensis,5,4,2,17
G_pingreensis,5,4,2,17
G_pingreensis,5,4,2,17
G_pingreensis,5,4,2,17
G_pingreensis,5,4,2,17
G_pingreensis,5,4,2,17
G_pingreensis,5,4,2,17
G_pingreensis,5,4,2,17
G_pingreensis,5,4,2,17
G_pingreensis,5,4,2,17
G_pingreensis,5,4,2,18
G_pingreensis,5,4,2,18
G_pingreensis,5,4,2,18
G_pingreensis,5,4,2,18
G_pingreensis,5,4,2,18
G_pingreensis,5,4,2,18
G_pingreensis,5,4,2,18
G_pingreensis,5,4,2,18
G_pingreensis,5,4,2,18
G_pingreensis,5,4,2,18
G_pingreensis,5,4,2,18
G_pingreensis,5,4,2,18
G_pingreensis,5,4,2,18
G_pingreensis,5,4,2,18
G_pingreensis,5,4,2,18
G_pingreensis,5,4,2,18
G_pingreensis,5,4,2,18
G_pingreensis,5,4,2,18
G_pingreensis,5,4,2,18
G_pingreensis,5,4,2,18
G_pingreensis,5,4,2,18
G_pingreensis,5,4,2,19
G_pingreensis,5,4,2,19
G_pingreensis,5,4,2,19
G_pingreensis,5,4,2,19
G_pingreensis,5,4,2,19
G_pingreensis,5,4,3,16
G_pingreensis,5,4,3,16
G_pingreensis,5,4,3,16
G_pingreensis,5,4,3,16
G_pingreensis,5,4,3,16
G_pingreensis,5,4,3,16
G_pingreensis,5,4,3,16
G_pingreensis,5,4,3,16
G_pingreensis,5,4,3,16
G_pingreensis,5,4,3,16
G_pingreensis,5,4,3,16
G_pingreensis,5,4,3,17
G_pingreensis,5,4,3,17
G_pingreensis,5,4,3,17
G_pingreensis,5,4,3,17
G_pingreensis,5,4,3,17
G_pingreensis,5,4,3,17
G_pingreensis,5,4,3,17
G_pingreensis,5,4,3,17
G_pingreensis,5,4,3,17
G_pingreensis,5,4,3,17
G_pingreensis,5,4,3,17
G_pingreensis,5,4,3,17
G_pingreensis,5,4,3,17
G_pingreensis,5,4,3,17
G_pingreensis,5,4,3,17
G_pingreensis,5,4,3,17
G_pingreensis,5,4,3,17
G_pingreensis,5,4,3,17
G_pingreensis,5,4,3,17
G_pingreensis,5,4,3,17
G_pingreensis,5,4,3,17
G_pingreensis,5,4,3,17
G_pingreensis,5,4,3,17
G_pingreensis,5,4,3,17
G_pingreensis,5,4,3,17
G_pingreensis,5,4,3,17
G_pingreensis,5,4,3,17
G_pingreensis,5,4,3,17
G_pingreensis,5,4,3,17
G_pingreensis,5,4,3,17
G_pingreensis,5,4,3,17
G_pingreensis,5,4,3,17
G_pingreensis,5,4,3,17
G_pingreensis,5,4,3,17
G_pingreensis,5,4,3,17
G_pingreensis,5,4,3,17
G_pingreensis,5,4,3,17
G_pingreensis,5,4,3,17
G_pingreensis,5,4,3,17
G_pingreensis,5,4,3,18
G_pingreensis,5,4,3,18
G_pingreensis,5,4,3,18
G_pingreensis,5,4,3,18
G_pingreensis,5,4,3,18
G_pingreensis,5,4,3,18
G_pingreensis,5,4,3,18
G_pingreensis,5,4,3,18
G_pingreensis,5,4,3,18
G_pingreensis,5,4,3,18
G_pingreensis,5,4,3,18
G_pingreensis,5,4,3,21
G_pingreensis,5,4,4,15
G_pingreensis,5,4,4,15
G_pingreensis,5,4,4,16
G_pingreensis,5,4,4,16
G_pingreensis,5,4,4,16
G_pingreensis,5,4,4,16
G_pingreensis,5,4,4,16
G_pingreensis,5,4,4,16
G_pingreensis,5,4,4,16
G_pingreensis,5,4,4,16
G_pingreensis,5,4,4,16
G_pingreensis,5,4,4,16
G_pingreensis,5,4,4,16
G_pingreensis,5,4,4,16
G_pingreensis,5,4,4,16
G_pingreensis,5,4,4,16
G_pingreensis,5,4,4,16
G_pingreensis,5,4,4,17
G_pingreensis,5,4,4,17
G_pingreensis,5,4,4,17
G_pingreensis,5,4,4,17
G_pingreensis,5,4,4,17
G_pingreensis,5,4,4,17
G_pingreensis,5,4,4,17
G_pingreensis,5,4,4,17
G_pingreensis,5,4,4,17
G_pingreensis,5,4,4,17
G_pingreensis,5,4,4,17
G_pingreensis,5,4,4,17
G_pingreensis,5,4,4,17
G_pingreensis,5,4,4,17
G_pingreensis,5,4,4,17
G_pingreensis,5,4,4,17
G_pingreensis,5,4,4,17
G_pingreensis,5,4,4,17
G_pingreensis,5,4,4,17
G_pingreensis,5,4,4,17
G_pingreensis,5,4,4,17
G_pingreensis,5,4,4,17
G_pingreensis,5,4,4,17
G_pingreensis,5,4,4,17
G_pingreensis,5,4,4,17
G_pingreensis,5,4,4,17
G_pingreensis,5,4,4,17
G_pingreensis,5,4,4,17
G_pingreensis,5,4,4,17
G_pingreensis,5,4,4,18
G_pingreensis,5,4,4,18
G_pingreensis,5,4,4,18
G_pingreensis,5,4,4,18
G_pingreensis,5,4,4,18
G_pingreensis,5,4,4,18
G_pingreensis,5,4,4,18
G_pingreensis,5,4,4,18
G_pingreensis,5,4,4,18
G_pingreensis,5,4,4,18
G_pingreensis,5,4,4,19
G_pingreensis,5,4,4,19
G_pingreensis,5,4,4,19
G_pingreensis,5,4,4,19
G_pingreensis,5,4,4,19
G_pingreensis,5,4,5,13
G_pingreensis,5,4,5,14
G_pingreensis,5,4,5,14
G_pingreensis,5,4,5,14
G_pingreensis,5,4,5,14
G_pingreensis,5,4,5,14
G_pingreensis,5,4,5,14
G_pingreensis,5,4,5,14
G_pingreensis,5,4,5,14
G_pingreensis,5,4,5,14
G_pingreensis,5,4,5,14
G_pingreensis,5,4,5,14
G_pingreensis,5,4,5,14
G_pingreensis,5,4,5,14
G_pingreensis,5,4,5,14
G_pingreensis,5,4,5,14
G_pingreensis,5,4,5,14
G_pingreensis,5,4,5,14
G_pingreensis,5,4,5,14
G_pingreensis,5,4,5,14
G_pingreensis,5,4,5,14
G_pingreensis,5,4,5,14
G_pingreensis,5,4,5,14
G_pingreensis,5,4,5,14
G_pingreensis,5,4,5,14
G_pingreensis,5,4,5,14
G_pingreensis,5,4,5,14
G_pingreensis,5,4,5,15
G_pingreensis,5,4,5,15
G_pingreensis,5,4,5,15
G_pingreensis,5,4,5,15
G_pingreensis,5,4,5,15
G_pingreensis,5,4,5,15
G_pingreensis,5,4,5,15
G_pingreensis,5,4,5,15
G_pingreensis,5,4,5,15
G_pingreensis,5,4,5,15
G_pingreensis,5,4,5,15
G_pingreensis,5,4,5,15
G_pingreensis,5,4,5,15
G_pingreensis,5,4,5,15
G_pingreensis,5,4,5,15
G_pingreensis,5,4,5,15
G_pingreensis,5,4,5,15
G_pingreensis,5,4,5,15
G_pingreensis,5,4,5,15
G_pingreensis,5,4,5,15
G_pingreensis,5,4,5,16
G_pingreensis,5,4,5,16
G_pingreensis,5,4,5,16
G_pingreensis,5,4,5,16
G_pingreensis,5,4,5,16
G_pingreensis,5,4,5,16
G_pingreensis,5,4,5,16
G_pingreensis,5,4,5,16
G_pingreensis,5,4,5,16
G_pingreensis,5,4,5,17
G_pingreensis,5,4,5,17
G_pingreensis,5,4,5,19
G_pingreensis,5,4,6,14
G_pingreensis,5,4,6,14
G_pingreensis,5,4,6,14
G_pingreensis,5,4,6,14
G_pingreensis,5,4,6,14
G_pingreensis,5,4,6,14
G_pingreensis,5,4,6,14
G_pingreensis,5,4,6,14
G_pingreensis,5,4,6,14
G_pingreensis,5,4,6,14
G_pingreensis,5,4,6,14
G_pingreensis,5,4,6,14
G_pingreensis,5,4,6,14
G_pingreensis,5,4,6,14
G_pingreensis,5,4,6,14
G_pingreensis,5,4,6,14
G_pingreensis,5,4,6,14
G_pingreensis,5,4,6,15
G_pingreensis,5,4,6,15
G_pingreensis,5,4,6,15
G_pingreensis,5,4,6,15
G_pingreensis,5,4,6,15
G_pingreensis,5,4,6,15
G_pingreensis,5,4,6,15
G_pingreensis,5,4,6,15
G_pingreensis,5,4,6,15
G_pingreensis,5,4,6,15
G_pingreensis,5,4,6,15
G_pingreensis,5,4,6,15
G_pingreensis,5,4,6,15
G_pingreensis,5,4,6,15
G_pingreensis,5,4,6,15
G_pingreensis,5,4,6,15
G_pingreensis,5,4,6,15
G_pingreensis,5,4,6,15
G_pingreensis,5,4,6,15
G_pingreensis,5,4,6,15
G_pingreensis,5,4,6,15
G_pingreensis,5,4,6,15
G_pingreensis,5,4,6,15
G_pingreensis,5,4,6,15
G_pingreensis,5,4,6,15
G_pingreensis,5,4,6,15
G_pingreensis,5,4,6,16
G_pingreensis,5,4,6,16
G_pingreensis,5,4,6,16
G_pingreensis,5,4,6,16
G_pingreensis,5,4,6,16
G_pingreensis,5,4,6,16
G_pingreensis,5,4,6,16
G_pingreensis,5,4,6,16
G_pingreensis,5,4,6,16
G_pingreensis,5,4,6,16
G_pingreensis,5,4,6,16
G_pingreensis,5,4,6,16
G_pingreensis,5,4,6,16
G_pingreensis,5,4,6,16
G_pingreensis,5,4,6,16
G_pingreensis,5,4,6,16
G_pingreensis,5,4,6,16
G_pingreensis,5,4,6,16
G_pingreensis,5,4,6,16
G_pingreensis,5,4,6,16
G_pingreensis,5,4,6,17
G_pingreensis,5,4,6,17
G_pingreensis,5,4,7,14
G_pingreensis,5,4,7,14
G_pingreensis,5,4,7,14
G_pingreensis,5,4,7,14
G_pingreensis,5,4,7,15
G_pingreensis,5,4,7,15
G_pingreensis,5,4,7,15
G_pingreensis,5,4,7,15
G_pingreensis,5,4,7,15
G_pingreensis,5,4,7,15
G_pingreensis,5,4,7,15
G_pingreensis,5,4,7,15
G_pingreensis,5,4,7,15
G_pingreensis,5,4,7,15
G_pingreensis,5,4,7,15
G_pingreensis,5,4,7,15
G_pingreensis,5,4,7,15
G_pingreensis,5,4,7,15
G_pingreensis,5,4,7,15
G_pingreensis,5,4,7,15
G_pingreensis,5,4,7,15
G_pingreensis,5,4,7,15
G_pingreensis,5,4,7,15
G_pingreensis,5,4,7,15
G_pingreensis,5,4,7,15
G_pingreensis,5,4,7,15
G_pingreensis,5,4,7,15
G_pingreensis,5,4,7,15
G_pingreensis,5,4,7,15
G_pingreensis,5,4,7,15
G_pingreensis,5,4,7,15
G_pingreensis,5,4,7,15
G_pingreensis,5,4,7,15
G_pingreensis,5,4,7,15
G_pingreensis,5,4,7,15
G_pingreensis,5,4,7,16
G_pingreensis,5,4,7,16
G_pingreensis,5,4,7,16
G_pingreensis,5,4,7,16
G_pingreensis,5,4,7,16
G_pingreensis,5,4,7,16
G_pingreensis,5,4,7,16
G_pingreensis,5,4,7,16
G_pingreensis,5,4,7,16
G_pingreensis,5,4,7,16
G_pingreensis,5,4,7,16
G_pingreensis,5,4,7,16
G_pingreensis,5,4,7,16
G_pingreensis,5,4,7,16
G_pingreensis,5,4,7,16
G_pingreensis,5,4,7,16
G_pingreensis,5,4,7,16
G_pingreensis,5,4,7,16
G_pingreensis,5,4,7,16
G_pingreensis,5,4,7,16
G_pingreensis,5,4,7,16
G_pingreensis,5,4,7,16
G_pingreensis,5,4,7,16
G_pingreensis,5,4,7,16
G_pingreensis,5,4,7,17
G_pingreensis,5,4,7,17
G_pingreensis,5,4,7,17
G_pingreensis,5,4,8,14
G_pingreensis,5,4,8,14
G_pingreensis,5,4,8,15
G_pingreensis,5,4,8,15
G_pingreensis,5,4,8,15
G_pingreensis,5,4,8,15
G_pingreensis,5,4,8,15
G_pingreensis,5,4,8,15
G_pingreensis,5,4,8,15
G_pingreensis,5,4,8,15
G_pingreensis,5,4,8,15
G_pingreensis,5,4,8,15
G_pingreensis,5,4,8,15
G_pingreensis,5,4,8,16
G_pingreensis,5,4,8,16
G_pingreensis,5,4,8,16
G_pingreensis,5,4,8,16
G_pingreensis,5,4,8,16
G_pingreensis,5,4,8,16
G_pingreensis,5,4,8,16
G_pingreensis,5,4,8,16
G_pingreensis,5,4,8,16
G_pingreensis,5,4,8,16
G_pingreensis,5,4,8,16
G_pingreensis,5,4,8,17
G_pingreensis,5,4,8,17
G_pingreensis,5,4,8,17
G_pingreensis,5,4,8,17
G_pingreensis,5,4,8,17
G_pingreensis,5,4,8,17
G_pingreensis,5,4,8,17
G_pingreensis,5,4,8,17
G_pingreensis,5,4,8,17
G_pingreensis,5,4,8,17
G_pingreensis,5,4,8,17
G_pingreensis,5,4,8,17
G_pingreensis,5,4,8,17
G_pingreensis,5,4,8,17
G_pingreensis,5,4,8,17
G_pingreensis,5,4,8,17
G_pingreensis,5,4,8,17
G_pingreensis,5,4,8,18
G_pingreensis,5,4,8,18
G_pingreensis,5,4,8,18
G_pingreensis,5,4,8,18
G_pingreensis,5,4,8,18
G_pingreensis,5,4,8,18
G_pingreensis,5,4,8,18
G_pingreensis,5,4,8,18
G_pingreensis,5,4,8,18
G_pingreensis,5,4,8,18
G_pingreensis,5,4,8,19
G_pingreensis,5,4,8,19
G_pingreensis,5,4,8,19
G_pingreensis,5,4,8,19
G_pingreensis,5,4,8,19
G_pingreensis,5,4,8,19
G_pingreensis,5,4,8,19
G_pingreensis,5,4,8,19
G_pingreensis,5,4,8,19
G_pingreensis,5,5,1,21
G_pingreensis,5,5,1,21
G_pingreensis,5,5,1,21
G_pingreensis,5,5,1,21
G_pingreensis,5,5,1,21
G_pingreensis,5,5,1,21
G_pingreensis,5,5,1,21
G_pingreensis,5,5,1,21
G_pingreensis,5,5,1,21
G_pingreensis,5,5,1,21
G_pingreensis,5,5,1,21
G_pingreensis,5,5,1,22
G_pingreensis,5,5,1,22
G_pingreensis,5,5,1,22
G_pingreensis,5,5,1,22
G_pingreensis,5,5,1,22
G_pingreensis,5,5,1,22
G_pingreensis,5,5,1,22
G_pingreensis,5,5,1,22
G_pingreensis,5,5,1,22
G_pingreensis,5,5,1,22
G_pingreensis,5,5,1,22
G_pingreensis,5,5,1,22
G_pingreensis,5,5,1,22
G_pingreensis,5,5,1,22
G_pingreensis,5,5,1,22
G_pingreensis,5,5,1,22
G_pingreensis,5,5,1,22
G_pingreensis,5,5,1,22
G_pingreensis,5,5,1,22
G_pingreensis,5,5,1,22
G_pingreensis,5,5,1,22
G_pingreensis,5,5,1,22
G_pingreensis,5,5,1,22
G_pingreensis,5,5,1,22
G_pingreensis,5,5,1,22
G_pingreensis,5,5,1,22
G_pingreensis,5,5,1,22
G_pingreensis,5,5,1,22
G_pingreensis,5,5,1,22
G_pingreensis,5,5,1,22
G_pingreensis,5,5,1,23
G_pingreensis,5,5,1,23
G_pingreensis,5,5,1,23
G_pingreensis,5,5,1,23
G_pingreensis,5,5,1,23
G_pingreensis,5,5,1,23
G_pingreensis,5,5,1,23
G_pingreensis,5,5,1,23
G_pingreensis,5,5,1,23
G_pingreensis,5,5,1,23
G_pingreensis,5,5,1,23
G_pingreensis,5,5,1,23
G_pingreensis,5,5,1,23
G_pingreensis,5,5,1,23
G_pingreensis,5,5,1,23
G_pingreensis,5,5,1,23
G_pingreensis,5,5,1,24
G_pingreensis,5,5,1,24
G_pingreensis,5,5,1,24
G_pingreensis,5,5,1,24
G_pingreensis,5,5,1,27
G_pingreensis,5,5,2,22
G_pingreensis,5,5,2,22
G_pingreensis,5,5,2,22
G_pingreensis,5,5,2,22
G_pingreensis,5,5,2,22
G_pingreensis,5,5,2,22
G_pingreensis,5,5,2,22
G_pingreensis,5,5,2,22
G_pingreensis,5,5,2,23
G_pingreensis,5,5,2,23
G_pingreensis,5,5,2,23
G_pingreensis,5,5,2,23
G_pingreensis,5,5,2,23
G_pingreensis,5,5,2,23
G_pingreensis,5,5,2,23
G_pingreensis,5,5,2,23
G_pingreensis,5,5,2,23
G_pingreensis,5,5,2,23
G_pingreensis,5,5,2,23
G_pingreensis,5,5,2,23
G_pingreensis,5,5,2,24
G_pingreensis,5,5,2,24
G_pingreensis,5,5,2,24
G_pingreensis,5,5,2,24
G_pingreensis,5,5,2,24
G_pingreensis,5,5,2,24
G_pingreensis,5,5,2,24
G_pingreensis,5,5,2,24
G_pingreensis,5,5,2,24
G_pingreensis,5,5,2,24
G_pingreensis,5,5,2,24
G_pingreensis,5,5,2,24
G_pingreensis,5,5,2,24
G_pingreensis,5,5,2,24
G_pingreensis,5,5,2,24
G_pingreensis,5,5,2,24
G_pingreensis,5,5,2,24
G_pingreensis,5,5,2,24
G_pingreensis,5,5,2,24
G_pingreensis,5,5,2,24
G_pingreensis,5,5,2,24
G_pingreensis,5,5,2,24
G_pingreensis,5,5,2,24
G_pingreensis,5,5,2,24
G_pingreensis,5,5,2,24
G_pingreensis,5,5,2,25
G_pingreensis,5,5,2,25
G_pingreensis,5,5,2,25
G_pingreensis,5,5,2,25
G_pingreensis,5,5,2,25
G_pingreensis,5,5,2,25
G_pingreensis,5,5,2,25
G_pingreensis,5,5,2,25
G_pingreensis,5,5,2,25
G_pingreensis,5,5,2,25
G_pingreensis,5,5,2,25
G_pingreensis,5,5,2,25
G_pingreensis,5,5,2,26
G_pingreensis,5,5,2,26
G_pingreensis,5,5,2,26
G_pingreensis,5,5,3,22
G_pingreensis,5,5,3,22
G_pingreensis,5,5,3,22
G_pingreensis,5,5,3,23
G_pingreensis,5,5,3,23
G_pingreensis,5,5,3,23
G_pingreensis,5,5,3,23
G_pingreensis,5,5,3,23
G_pingreensis,5,5,3,23
G_pingreensis,5,5,3,23
G_pingreensis,5,5,3,23
G_pingreensis,5,5,3,23
G_pingreensis,5,5,3,23
G_pingreensis,5,5,3,23
G_pingreensis,5,5,3,23
G_pingreensis,5,5,3,23
G_pingreensis,5,5,3,23
G_pingreensis,5,5,3,23
G_pingreensis,5,5,3,23
G_pingreensis,5,5,3,23
G_pingreensis,5,5,3,24
G_pingreensis,5,5,3,24
G_pingreensis,5,5,3,24
G_pingreensis,5,5,3,24
G_pingreensis,5,5,3,24
G_pingreensis,5,5,3,24
G_pingreensis,5,5,3,24
G_pingreensis,5,5,3,24
G_pingreensis,5,5,3,24
G_pingreensis,5,5,3,24
G_pingreensis,5,5,3,24
G_pingreensis,5,5,3,24
G_pingreensis,5,5,3,24
G_pingreensis,5,5,3,24
G_pingreensis,5,5,3,24
G_pingreensis,5,5,3,24
G_pingreensis,5,5,3,24
G_pingreensis,5,5,3,24
G_pingreensis,5,5,3,24
G_pingreensis,5,5,3,24
G_pingreensis,5,5,3,24
G_pingreensis,5,5,3,24
G_pingreensis,5,5,3,24
G_pingreensis,5,5,3,24
G_pingreensis,5,5,3,24
G_pingreensis,5,5,3,24
G_pingreensis,5,5,3,24
G_pingreensis,5,5,3,24
G_pingreensis,5,5,3,24
G_pingreensis,5,5,3,24
G_pingreensis,5,5,3,25
G_pingreensis,5,5,3,25
G_pingreensis,5,5,3,25
G_pingreensis,5,5,3,25
G_pingreensis,5,5,3,25
G_pingreensis,5,5,3,25
G_pingreensis,5,5,3,25
G_pingreensis,5,5,3,25
G_pingreensis,5,5,3,26
G_pingreensis,5,5,3,26
G_pingreensis,5,5,3,26
G_pingreensis,5,5,3,28
G_pingreensis,5,5,4,21
G_pingreensis,5,5,4,22
G_pingreensis,5,5,4,22
G_pingreensis,5,5,4,22
G_pingreensis,5,5,4,22
G_pingreensis,5,5,4,22
G_pingreensis,5,5,4,22
G_pingreensis,5,5,4,23
G_pingreensis,5,5,4,23
G_pingreensis,5,5,4,23
G_pingreensis,5,5,4,23
G_pingreensis,5,5,4,23
G_pingreensis,5,5,4,23
G_pingreensis,5,5,4,23
G_pingreensis,5,5,4,23
G_pingreensis,5,5,4,23
G_pingreensis,5,5,4,23
G_pingreensis,5,5,4,23
G_pingreensis,5,5,4,23
G_pingreensis,5,5,4,23
G_pingreensis,5,5,4,23
G_pingreensis,5,5,4,23
G_pingreensis,5,5,4,23
G_pingreensis,5,5,4,23
G_pingreensis,5,5,4,23
G_pingreensis,5,5,4,23
G_pingreensis,5,5,4,23
G_pingreensis,5,5,4,23
G_pingreensis,5,5,4,24
G_pingreensis,5,5,4,24
G_pingreensis,5,5,4,24
G_pingreensis,5,5,4,24
G_pingreensis,5,5,4,24
G_pingreensis,5,5,4,24
G_pingreensis,5,5,4,24
G_pingreensis,5,5,4,24
G_pingreensis,5,5,4,24
G_pingreensis,5,5,4,24
G_pingreensis,5,5,4,24
G_pingreensis,5,5,4,24
G_pingreensis,5,5,4,24
G_pingreensis,5,5,4,24
G_pingreensis,5,5,4,24
G_pingreensis,5,5,4,24
G_pingreensis,5,5,4,24
G_pingreensis,5,5,4,24
G_pingreensis,5,5,4,25
G_pingreensis,5,5,4,25
G_pingreensis,5,5,4,25
G_pingreensis,5,5,4,25
G_pingreensis,5,5,4,25
G_pingreensis,5,5,4,25
G_pingreensis,5,5,4,25
G_pingreensis,5,5,4,25
G_pingreensis,5,5,4,25
G_pingreensis,5,5,4,25
G_pingreensis,5,5,4,26
G_pingreensis,5,5,4,26
G_pingreensis,5,5,4,26
G_pingreensis,5,5,4,26
G_pingreensis,5,5,4,27
G_pingreensis,5,5,5,19
G_pingreensis,5,5,5,20
G_pingreensis,5,5,5,20
G_pingreensis,5,5,5,20
G_pingreensis,5,5,5,20
G_pingreensis,5,5,5,20
G_pingreensis,5,5,5,20
G_pingreensis,5,5,5,20
G_pingreensis,5,5,5,20
G_pingreensis,5,5,5,20
G_pingreensis,5,5,5,20
G_pingreensis,5,5,5,20
G_pingreensis,5,5,5,20
G_pingreensis,5,5,5,21
G_pingreensis,5,5,5,21
G_pingreensis,5,5,5,21
G_pingreensis,5,5,5,21
G_pingreensis,5,5,5,21
G_pingreensis,5,5,5,21
G_pingreensis,5,5,5,21
G_pingreensis,5,5,5,21
G_pingreensis,5,5,5,21
G_pingreensis,5,5,5,21
G_pingreensis,5,5,5,21
G_pingreensis,5,5,5,21
G_pingreensis,5,5,5,21
G_pingreensis,5,5,5,21
G_pingreensis,5,5,5,21
G_pingreensis,5,5,5,21
G_pingreensis,5,5,5,21
G_pingreensis,5,5,5,21
G_pingreensis,5,5,5,21
G_pingreensis,5,5,5,21
G_pingreensis,5,5,5,21
G_pingreensis,5,5,5,21
G_pingreensis,5,5,5,21
G_pingreensis,5,5,5,21
G_pingreensis,5,5,5,22
G_pingreensis,5,5,5,22
G_pingreensis,5,5,5,22
G_pingreensis,5,5,5,22
G_pingreensis,5,5,5,22
G_pingreensis,5,5,5,22
G_pingreensis,5,5,5,22
G_pingreensis,5,5,5,22
G_pingreensis,5,5,5,22
G_pingreensis,5,5,5,22
G_pingreensis,5,5,5,22
G_pingreensis,5,5,5,22
G_pingreensis,5,5,5,22
G_pingreensis,5,5,5,22
G_pingreensis,5,5,5,22
G_pingreensis,5,5,5,22
G_pingreensis,5,5,5,23
G_pingreensis,5,5,5,23
G_pingreensis,5,5,5,23
G_pingreensis,5,5,5,23
G_pingreensis,5,5,5,23
G_pingreensis,5,5,5,24
G_pingreensis,5,5,6,20
G_pingreensis,5,5,6,20
G_pingreensis,5,5,6,21
G_pingreensis,5,5,6,21
G_pingreensis,5,5,6,21
G_pingreensis,5,5,6,21
G_pingreensis,5,5,6,21
G_pingreensis,5,5,6,21
G_pingreensis,5,5,6,21
G_pingreensis,5,5,6,21
G_pingreensis,5,5,6,21
G_pingreensis,5,5,6,21
G_pingreensis,5,5,6,21
G_pingreensis,5,5,6,21
G_pingreensis,5,5,6,21
G_pingreensis,5,5,6,21
G_pingreensis,5,5,6,21
G_pingreensis,5,5,6,21
G_pingreensis,5,5,6,21
G_pingreensis,5,5,6,21
G_pingreensis,5,5,6,22
G_pingreensis,5,5,6,22
G_pingreensis,5,5,6,22
G_pingreensis,5,5,6,22
G_pingreensis,5,5,6,22
G_pingreensis,5,5,6,22
G_pingreensis,5,5,6,22
G_pingreensis,5,5,6,22
G_pingreensis,5,5,6,22
G_pingreensis,5,5,6,22
G_pingreensis,5,5,6,22
G_pingreensis,5,5,6,22
G_pingreensis,5,5,6,22
G_pingreensis,5,5,6,22
G_pingreensis,5,5,6,22
G_pingreensis,5,5,6,22
G_pingreensis,5,5,6,22
G_pingreensis,5,5,6,22
G_pingreensis,5,5,6,22
G_pingreensis,5,5,6,22
G_pingreensis,5,5,6,22
G_pingreensis,5,5,6,22
G_pingreensis,5,5,6,22
G_pingreensis,5,5,6,22
G_pingreensis,5,5,6,22
G_pingreensis,5,5,6,23
G_pingreensis,5,5,6,23
G_pingreensis,5,5,6,23
G_pingreensis,5,5,6,23
G_pingreensis,5,5,6,23
G_pingreensis,5,5,6,23
G_pingreensis,5,5,6,23
G_pingreensis,5,5,6,23
G_pingreensis,5,5,6,23
G_pingreensis,5,5,6,23
G_pingreensis,5,5,6,23
G_pingreensis,5,5,6,23
G_pingreensis,5,5,6,23
G_pingreensis,5,5,6,23
G_pingreensis,5,5,6,23
G_pingreensis,5,5,6,23
G_pingreensis,5,5,6,23
G_pingreensis,5,5,6,23
G_pingreensis,5,5,6,24
G_pingreensis,5,5,6,24
G_pingreensis,5,5,7,20
G_pingreensis,5,5,7,21
G_pingreensis,5,5,7,21
G_pingreensis,5,5,7,21
G_pingreensis,5,5,7,21
G_pingreensis,5,5,7,21
G_pingreensis,5,5,7,21
G_pingreensis,5,5,7,21
G_pingreensis,5,5,7,21
G_pingreensis,5,5,7,21
G_pingreensis,5,5,7,21
G_pingreensis,5,5,7,21
G_pingreensis,5,5,7,21
G_pingreensis,5,5,7,21
G_pingreensis,5,5,7,21
G_pingreensis,5,5,7,21
G_pingreensis,5,5,7,22
G_pingreensis,5,5,7,22
G_pingreensis,5,5,7,22
G_pingreensis,5,5,7,22
G_pingreensis,5,5,7,22
G_pingreensis,5,5,7,22
G_pingreensis,5,5,7,22
G_pingreensis,5,5,7,22
G_pingreensis,5,5,7,22
G_pingreensis,5,5,7,22
G_pingreensis,5,5,7,22
G_pingreensis,5,5,7,22
G_pingreensis,5,5,7,22
G_pingreensis,5,5,7,22
G_pingreensis,5,5,7,22
G_pingreensis,5,5,7,22
G_pingreensis,5,5,7,22
G_pingreensis,5,5,7,22
G_pingreensis,5,5,7,22
G_pingreensis,5,5,7,22
G_pingreensis,5,5,7,22
G_pingreensis,5,5,7,22
G_pingreensis,5,5,7,23
G_pingreensis,5,5,7,23
G_pingreensis,5,5,7,23
G_pingreensis,5,5,7,23
G_pingreensis,5,5,7,23
G_pingreensis,5,5,7,23
G_pingreensis,5,5,7,23
G_pingreensis,5,5,7,23
G_pingreensis,5,5,7,23
G_pingreensis,5,5,7,23
G_pingreensis,5,5,7,23
G_pingreensis,5,5,7,23
G_pingreensis,5,5,7,23
G_pingreensis,5,5,7,23
G_pingreensis,5,5,7,23
G_pingreensis,5,5,7,23
G_pingreensis,5,5,7,23
G_pingreensis,5,5,7,24
G_pingreensis,5,5,7,24
G_pingreensis,5,5,7,24
G_pingreensis,5,5,7,24
G_pingreensis,5,5,7,25
G_pingreensis,5,5,7,25
G_pingreensis,5,5,8,20
G_pingreensis,5,5,8,20
G_pingreensis,5,5,8,21
G_pingreensis,5,5,8,21
G_pingreensis,5,5,8,21
G_pingreensis,5,5,8,22
G_pingreensis,5,5,8,22
G_pingreensis,5,5,8,22
G_pingreensis,5,5,8,22
G_pingreensis,5,5,8,22
G_pingreensis,5,5,8,22
G_pingreensis,5,5,8,22
G_pingreensis,5,5,8,22
G_pingreensis,5,5,8,22
G_pingreensis,5,5,8,22
G_pingreensis,5,5,8,22
G_pingreensis,5,5,8,22
G_pingreensis,5,5,8,23
G_pingreensis,5,5,8,23
G_pingreensis,5,5,8,23
G_pingreensis,5,5,8,23
G_pingreensis,5,5,8,23
G_pingreensis,5,5,8,23
G_pingreensis,5,5,8,23
G_pingreensis,5,5,8,23
G_pingreensis,5,5,8,23
G_pingreensis,5,5,8,23
G_pingreensis,5,5,8,23
G_pingreensis,5,5,8,23
G_pingreensis,5,5,8,24
G_pingreensis,5,5,8,24
G_pingreensis,5,5,8,24
G_pingreensis,5,5,8,24
G_pingreensis,5,5,8,24
G_pingreensis,5,5,8,24
G_pingreensis,5,5,8,24
G_pingreensis,5,5,8,24
G_pingreensis,5,5,8,24
G_pingreensis,5,5,8,24
G_pingreensis,5,5,8,24
G_pingreensis,5,5,8,24
G_pingreensis,5,5,8,25
G_pingreensis,5,5,8,25
G_pingreensis,5,5,8,25
G_pingreensis,5,5,8,25
G_pingreensis,5,5,8,25
G_pingreensis,5,5,8,25
G_pingreensis,5,5,8,25
G_pingreensis,5,5,8,25
G_pingreensis,5,5,8,25
G_pingreensis,5,5,8,25
G_pingreensis,5,5,8,25
G_pingreensis,5,5,8,25
G_pingreensis,5,5,8,26
G_pingreensis,5,5,8,26
G_pingreensis,5,5,8,26
G_pingreensis,5,5,8,26
G_pingreensis,5,5,8,26
G_pingreensis,5,5,8,26
G_pingreensis,5,5,8,26
G_pingreensis,5,5,8,27
G_pingreensis,5,Adult,1,30
G_pingreensis,5,Adult,1,30
G_pingreensis,5,Adult,1,30
G_pingreensis,5,Adult,1,30
G_pingreensis,5,Adult,1,30
G_pingreensis,5,Adult,1,30
G_pingreensis,5,Adult,1,30
G_pingreensis,5,Adult,1,30
G_pingreensis,5,Adult,1,30
G_pingreensis,5,Adult,1,31
G_pingreensis,5,Adult,1,31
G_pingreensis,5,Adult,1,31
G_pingreensis,5,Adult,1,31
G_pingreensis,5,Adult,1,31
G_pingreensis,5,Adult,1,31
G_pingreensis,5,Adult,1,31
G_pingreensis,5,Adult,1,31
G_pingreensis,5,Adult,1,31
G_pingreensis,5,Adult,1,31
G_pingreensis,5,Adult,1,31
G_pingreensis,5,Adult,1,31
G_pingreensis,5,Adult,1,31
G_pingreensis,5,Adult,1,32
G_pingreensis,5,Adult,1,32
G_pingreensis,5,Adult,1,32
G_pingreensis,5,Adult,1,32
G_pingreensis,5,Adult,1,32
G_pingreensis,5,Adult,1,32
G_pingreensis,5,Adult,1,32
G_pingreensis,5,Adult,1,32
G_pingreensis,5,Adult,1,32
G_pingreensis,5,Adult,1,32
G_pingreensis,5,Adult,1,33
G_pingreensis,5,Adult,1,33
G_pingreensis,5,Adult,1,33
G_pingreensis,5,Adult,1,33
G_pingreensis,5,Adult,1,33
G_pingreensis,5,Adult,1,33
G_pingreensis,5,Adult,1,33
G_pingreensis,5,Adult,1,33
G_pingreensis,5,Adult,1,33
G_pingreensis,5,Adult,1,33
G_pingreensis,5,Adult,1,33
G_pingreensis,5,Adult,1,33
G_pingreensis,5,Adult,1,33
G_pingreensis,5,Adult,1,33
G_pingreensis,5,Adult,1,33
G_pingreensis,5,Adult,1,33
G_pingreensis,5,Adult,1,33
G_pingreensis,5,Adult,1,33
G_pingreensis,5,Adult,1,33
G_pingreensis,5,Adult,1,33
G_pingreensis,5,Adult,1,33
G_pingreensis,5,Adult,1,33
G_pingreensis,5,Adult,1,33
G_pingreensis,5,Adult,1,34
G_pingreensis,5,Adult,1,34
G_pingreensis,5,Adult,1,34
G_pingreensis,5,Adult,1,35
G_pingreensis,5,Adult,1,40
G_pingreensis,5,Adult,2,31
G_pingreensis,5,Adult,2,31
G_pingreensis,5,Adult,2,32
G_pingreensis,5,Adult,2,32
G_pingreensis,5,Adult,2,32
G_pingreensis,5,Adult,2,32
G_pingreensis,5,Adult,2,32
G_pingreensis,5,Adult,2,32
G_pingreensis,5,Adult,2,32
G_pingreensis,5,Adult,2,32
G_pingreensis,5,Adult,2,32
G_pingreensis,5,Adult,2,32
G_pingreensis,5,Adult,2,32
G_pingreensis,5,Adult,2,32
G_pingreensis,5,Adult,2,32
G_pingreensis,5,Adult,2,32
G_pingreensis,5,Adult,2,32
G_pingreensis,5,Adult,2,33
G_pingreensis,5,Adult,2,33
G_pingreensis,5,Adult,2,33
G_pingreensis,5,Adult,2,33
G_pingreensis,5,Adult,2,33
G_pingreensis,5,Adult,2,33
G_pingreensis,5,Adult,2,33
G_pingreensis,5,Adult,2,33
G_pingreensis,5,Adult,2,33
G_pingreensis,5,Adult,2,33
G_pingreensis,5,Adult,2,34
G_pingreensis,5,Adult,2,34
G_pingreensis,5,Adult,2,34
G_pingreensis,5,Adult,2,34
G_pingreensis,5,Adult,2,34
G_pingreensis,5,Adult,2,34
G_pingreensis,5,Adult,2,34
G_pingreensis,5,Adult,2,34
G_pingreensis,5,Adult,2,34
G_pingreensis,5,Adult,2,34
G_pingreensis,5,Adult,2,34
G_pingreensis,5,Adult,2,34
G_pingreensis,5,Adult,2,34
G_pingreensis,5,Adult,2,34
G_pingreensis,5,Adult,2,35
G_pingreensis,5,Adult,2,35
G_pingreensis,5,Adult,2,35
G_pingreensis,5,Adult,2,35
G_pingreensis,5,Adult,2,35
G_pingreensis,5,Adult,2,35
G_pingreensis,5,Adult,2,36
G_pingreensis,5,Adult,2,36
G_pingreensis,5,Adult,2,36
G_pingreensis,5,Adult,2,36
G_pingreensis,5,Adult,2,37
G_pingreensis,5,Adult,3,32
G_pingreensis,5,Adult,3,32
G_pingreensis,5,Adult,3,32
G_pingreensis,5,Adult,3,32
G_pingreensis,5,Adult,3,32
G_pingreensis,5,Adult,3,32
G_pingreensis,5,Adult,3,32
G_pingreensis,5,Adult,3,32
G_pingreensis,5,Adult,3,32
G_pingreensis,5,Adult,3,32
G_pingreensis,5,Adult,3,33
G_pingreensis,5,Adult,3,33
G_pingreensis,5,Adult,3,33
G_pingreensis,5,Adult,3,33
G_pingreensis,5,Adult,3,33
G_pingreensis,5,Adult,3,33
G_pingreensis,5,Adult,3,33
G_pingreensis,5,Adult,3,33
G_pingreensis,5,Adult,3,33
G_pingreensis,5,Adult,3,33
G_pingreensis,5,Adult,3,33
G_pingreensis,5,Adult,3,33
G_pingreensis,5,Adult,3,33
G_pingreensis,5,Adult,3,33
G_pingreensis,5,Adult,3,33
G_pingreensis,5,Adult,3,33
G_pingreensis,5,Adult,3,33
G_pingreensis,5,Adult,3,33
G_pingreensis,5,Adult,3,33
G_pingreensis,5,Adult,3,34
G_pingreensis,5,Adult,3,34
G_pingreensis,5,Adult,3,34
G_pingreensis,5,Adult,3,34
G_pingreensis,5,Adult,3,34
G_pingreensis,5,Adult,3,34
G_pingreensis,5,Adult,3,34
G_pingreensis,5,Adult,3,34
G_pingreensis,5,Adult,3,34
G_pingreensis,5,Adult,3,34
G_pingreensis,5,Adult,3,34
G_pingreensis,5,Adult,3,34
G_pingreensis,5,Adult,3,34
G_pingreensis,5,Adult,3,34
G_pingreensis,5,Adult,3,34
G_pingreensis,5,Adult,3,34
G_pingreensis,5,Adult,3,35
G_pingreensis,5,Adult,3,35
G_pingreensis,5,Adult,3,35
G_pingreensis,5,Adult,3,35
G_pingreensis,5,Adult,3,35
G_pingreensis,5,Adult,3,35
G_pingreensis,5,Adult,3,35
G_pingreensis,5,Adult,3,35
G_pingreensis,5,Adult,3,36
G_pingreensis,5,Adult,3,36
G_pingreensis,5,Adult,3,36
G_pingreensis,5,Adult,3,36
G_pingreensis,5,Adult,3,36
G_pingreensis,5,Adult,3,37
G_pingreensis,5,Adult,3,38
G_pingreensis,5,Adult,4,31
G_pingreensis,5,Adult,4,32
G_pingreensis,5,Adult,4,32
G_pingreensis,5,Adult,4,32
G_pingreensis,5,Adult,4,32
G_pingreensis,5,Adult,4,32
G_pingreensis,5,Adult,4,32
G_pingreensis,5,Adult,4,32
G_pingreensis,5,Adult,4,32
G_pingreensis,5,Adult,4,32
G_pingreensis,5,Adult,4,32
G_pingreensis,5,Adult,4,32
G_pingreensis,5,Adult,4,32
G_pingreensis,5,Adult,4,32
G_pingreensis,5,Adult,4,33
G_pingreensis,5,Adult,4,33
G_pingreensis,5,Adult,4,33
G_pingreensis,5,Adult,4,33
G_pingreensis,5,Adult,4,33
G_pingreensis,5,Adult,4,33
G_pingreensis,5,Adult,4,33
G_pingreensis,5,Adult,4,33
G_pingreensis,5,Adult,4,33
G_pingreensis,5,Adult,4,33
G_pingreensis,5,Adult,4,33
G_pingreensis,5,Adult,4,33
G_pingreensis,5,Adult,4,33
G_pingreensis,5,Adult,4,33
G_pingreensis,5,Adult,4,33
G_pingreensis,5,Adult,4,34
G_pingreensis,5,Adult,4,34
G_pingreensis,5,Adult,4,34
G_pingreensis,5,Adult,4,34
G_pingreensis,5,Adult,4,34
G_pingreensis,5,Adult,4,34
G_pingreensis,5,Adult,4,34
G_pingreensis,5,Adult,4,34
G_pingreensis,5,Adult,4,34
G_pingreensis,5,Adult,4,34
G_pingreensis,5,Adult,4,34
G_pingreensis,5,Adult,4,34
G_pingreensis,5,Adult,4,35
G_pingreensis,5,Adult,4,35
G_pingreensis,5,Adult,4,35
G_pingreensis,5,Adult,4,35
G_pingreensis,5,Adult,4,35
G_pingreensis,5,Adult,4,35
G_pingreensis,5,Adult,4,36
G_pingreensis,5,Adult,4,36
G_pingreensis,5,Adult,4,36
G_pingreensis,5,Adult,4,36
G_pingreensis,5,Adult,4,36
G_pingreensis,5,Adult,4,37
G_pingreensis,5,Adult,4,37
G_pingreensis,5,Adult,4,37
G_pingreensis,5,Adult,4,38
G_pingreensis,5,Adult,5,28
G_pingreensis,5,Adult,5,29
G_pingreensis,5,Adult,5,29
G_pingreensis,5,Adult,5,30
G_pingreensis,5,Adult,5,30
G_pingreensis,5,Adult,5,30
G_pingreensis,5,Adult,5,30
G_pingreensis,5,Adult,5,30
G_pingreensis,5,Adult,5,30
G_pingreensis,5,Adult,5,30
G_pingreensis,5,Adult,5,30
G_pingreensis,5,Adult,5,30
G_pingreensis,5,Adult,5,30
G_pingreensis,5,Adult,5,30
G_pingreensis,5,Adult,5,30
G_pingreensis,5,Adult,5,30
G_pingreensis,5,Adult,5,30
G_pingreensis,5,Adult,5,30
G_pingreensis,5,Adult,5,30
G_pingreensis,5,Adult,5,30
G_pingreensis,5,Adult,5,30
G_pingreensis,5,Adult,5,30
G_pingreensis,5,Adult,5,30
G_pingreensis,5,Adult,5,31
G_pingreensis,5,Adult,5,31
G_pingreensis,5,Adult,5,31
G_pingreensis,5,Adult,5,31
G_pingreensis,5,Adult,5,31
G_pingreensis,5,Adult,5,31
G_pingreensis,5,Adult,5,31
G_pingreensis,5,Adult,5,31
G_pingreensis,5,Adult,5,31
G_pingreensis,5,Adult,5,31
G_pingreensis,5,Adult,5,31
G_pingreensis,5,Adult,5,31
G_pingreensis,5,Adult,5,31
G_pingreensis,5,Adult,5,31
G_pingreensis,5,Adult,5,31
G_pingreensis,5,Adult,5,32
G_pingreensis,5,Adult,5,32
G_pingreensis,5,Adult,5,32
G_pingreensis,5,Adult,5,32
G_pingreensis,5,Adult,5,32
G_pingreensis,5,Adult,5,32
G_pingreensis,5,Adult,5,32
G_pingreensis,5,Adult,5,32
G_pingreensis,5,Adult,5,32
G_pingreensis,5,Adult,5,32
G_pingreensis,5,Adult,5,32
G_pingreensis,5,Adult,5,32
G_pingreensis,5,Adult,5,32
G_pingreensis,5,Adult,5,33
G_pingreensis,5,Adult,5,33
G_pingreensis,5,Adult,5,33
G_pingreensis,5,Adult,5,33
G_pingreensis,5,Adult,5,34
G_pingreensis,5,Adult,5,34
G_pingreensis,5,Adult,5,34
G_pingreensis,5,Adult,5,34
G_pingreensis,5,Adult,6,30
G_pingreensis,5,Adult,6,30
G_pingreensis,5,Adult,6,30
G_pingreensis,5,Adult,6,30
G_pingreensis,5,Adult,6,30
G_pingreensis,5,Adult,6,30
G_pingreensis,5,Adult,6,31
G_pingreensis,5,Adult,6,31
G_pingreensis,5,Adult,6,31
G_pingreensis,5,Adult,6,31
G_pingreensis,5,Adult,6,31
G_pingreensis,5,Adult,6,31
G_pingreensis,5,Adult,6,31
G_pingreensis,5,Adult,6,31
G_pingreensis,5,Adult,6,31
G_pingreensis,5,Adult,6,31
G_pingreensis,5,Adult,6,31
G_pingreensis,5,Adult,6,31
G_pingreensis,5,Adult,6,31
G_pingreensis,5,Adult,6,32
G_pingreensis,5,Adult,6,32
G_pingreensis,5,Adult,6,32
G_pingreensis,5,Adult,6,32
G_pingreensis,5,Adult,6,32
G_pingreensis,5,Adult,6,32
G_pingreensis,5,Adult,6,32
G_pingreensis,5,Adult,6,32
G_pingreensis,5,Adult,6,32
G_pingreensis,5,Adult,6,32
G_pingreensis,5,Adult,6,32
G_pingreensis,5,Adult,6,32
G_pingreensis,5,Adult,6,32
G_pingreensis,5,Adult,6,32
G_pingreensis,5,Adult,6,32
G_pingreensis,5,Adult,6,32
G_pingreensis,5,Adult,6,32
G_pingreensis,5,Adult,6,32
G_pingreensis,5,Adult,6,32
G_pingreensis,5,Adult,6,32
G_pingreensis,5,Adult,6,32
G_pingreensis,5,Adult,6,32
G_pingreensis,5,Adult,6,32
G_pingreensis,5,Adult,6,32
G_pingreensis,5,Adult,6,32
G_pingreensis,5,Adult,6,33
G_pingreensis,5,Adult,6,33
G_pingreensis,5,Adult,6,33
G_pingreensis,5,Adult,6,33
G_pingreensis,5,Adult,6,33
G_pingreensis,5,Adult,6,33
G_pingreensis,5,Adult,6,33
G_pingreensis,5,Adult,6,33
G_pingreensis,5,Adult,6,33
G_pingreensis,5,Adult,6,33
G_pingreensis,5,Adult,6,34
G_pingreensis,5,Adult,6,34
G_pingreensis,5,Adult,6,34
G_pingreensis,5,Adult,6,34
G_pingreensis,5,Adult,6,34
G_pingreensis,5,Adult,6,34
G_pingreensis,5,Adult,6,35
G_pingreensis,5,Adult,6,36
G_pingreensis,5,Adult,7,30
G_pingreensis,5,Adult,7,30
G_pingreensis,5,Adult,7,30
G_pingreensis,5,Adult,7,30
G_pingreensis,5,Adult,7,30
G_pingreensis,5,Adult,7,31
G_pingreensis,5,Adult,7,31
G_pingreensis,5,Adult,7,31
G_pingreensis,5,Adult,7,31
G_pingreensis,5,Adult,7,31
G_pingreensis,5,Adult,7,31
G_pingreensis,5,Adult,7,31
G_pingreensis,5,Adult,7,31
G_pingreensis,5,Adult,7,31
G_pingreensis,5,Adult,7,31
G_pingreensis,5,Adult,7,31
G_pingreensis,5,Adult,7,31
G_pingreensis,5,Adult,7,31
G_pingreensis,5,Adult,7,31
G_pingreensis,5,Adult,7,32
G_pingreensis,5,Adult,7,32
G_pingreensis,5,Adult,7,32
G_pingreensis,5,Adult,7,32
G_pingreensis,5,Adult,7,32
G_pingreensis,5,Adult,7,32
G_pingreensis,5,Adult,7,32
G_pingreensis,5,Adult,7,32
G_pingreensis,5,Adult,7,32
G_pingreensis,5,Adult,7,32
G_pingreensis,5,Adult,7,32
G_pingreensis,5,Adult,7,32
G_pingreensis,5,Adult,7,32
G_pingreensis,5,Adult,7,32
G_pingreensis,5,Adult,7,32
G_pingreensis,5,Adult,7,32
G_pingreensis,5,Adult,7,32
G_pingreensis,5,Adult,7,32
G_pingreensis,5,Adult,7,32
G_pingreensis,5,Adult,7,32
G_pingreensis,5,Adult,7,32
G_pingreensis,5,Adult,7,32
G_pingreensis,5,Adult,7,32
G_pingreensis,5,Adult,7,33
G_pingreensis,5,Adult,7,33
G_pingreensis,5,Adult,7,33
G_pingreensis,5,Adult,7,33
G_pingreensis,5,Adult,7,33
G_pingreensis,5,Adult,7,33
G_pingreensis,5,Adult,7,33
G_pingreensis,5,Adult,7,33
G_pingreensis,5,Adult,7,33
G_pingreensis,5,Adult,7,33
G_pingreensis,5,Adult,7,33
G_pingreensis,5,Adult,7,34
G_pingreensis,5,Adult,7,34
G_pingreensis,5,Adult,7,36
G_pingreensis,5,Adult,7,37
G_pingreensis,5,Adult,8,29
G_pingreensis,5,Adult,8,30
G_pingreensis,5,Adult,8,30
G_pingreensis,5,Adult,8,31
G_pingreensis,5,Adult,8,31
G_pingreensis,5,Adult,8,31
G_pingreensis,5,Adult,8,31
G_pingreensis,5,Adult,8,31
G_pingreensis,5,Adult,8,31
G_pingreensis,5,Adult,8,32
G_pingreensis,5,Adult,8,32
G_pingreensis,5,Adult,8,32
G_pingreensis,5,Adult,8,32
G_pingreensis,5,Adult,8,32
G_pingreensis,5,Adult,8,32
G_pingreensis,5,Adult,8,32
G_pingreensis,5,Adult,8,32
G_pingreensis,5,Adult,8,32
G_pingreensis,5,Adult,8,32
G_pingreensis,5,Adult,8,32
G_pingreensis,5,Adult,8,32
G_pingreensis,5,Adult,8,32
G_pingreensis,5,Adult,8,32
G_pingreensis,5,Adult,8,33
G_pingreensis,5,Adult,8,33
G_pingreensis,5,Adult,8,33
G_pingreensis,5,Adult,8,33
G_pingreensis,5,Adult,8,33
G_pingreensis,5,Adult,8,34
G_pingreensis,5,Adult,8,34
G_pingreensis,5,Adult,8,34
G_pingreensis,5,Adult,8,34
G_pingreensis,5,Adult,8,34
G_pingreensis,5,Adult,8,34
G_pingreensis,5,Adult,8,34
G_pingreensis,5,Adult,8,34
G_pingreensis,5,Adult,8,35
G_pingreensis,5,Adult,8,35
G_pingreensis,5,Adult,8,35
G_pingreensis,5,Adult,8,35
G_pingreensis,5,Adult,8,35
G_pingreensis,5,Adult,8,35
G_pingreensis,5,Adult,8,35
G_pingreensis,5,Adult,8,35
G_pingreensis,5,Adult,8,35
G_pingreensis,5,Adult,8,35
G_pingreensis,5,Adult,8,35
G_pingreensis,5,Adult,8,35
G_pingreensis,5,Adult,8,35
G_pingreensis,5,Adult,8,35
G_pingreensis,5,Adult,8,36
G_pingreensis,5,Adult,8,36
G_pingreensis,5,Adult,8,36
G_pingreensis,5,Adult,8,36
G_pingreensis,5,Adult,8,36
G_pingreensis,5,Adult,8,37
G_pingreensis,5,Adult,8,37
G_pingreensis,5,Adult,8,38
