Species,Replicate,Stage,Condition,Days_to_stage
A_remigis,1,2,1,5
A_remigis,1,2,1,5
A_remigis,1,2,1,5
A_remigis,1,2,1,5
A_remigis,1,2,1,5
A_remigis,1,2,1,5
A_remigis,1,2,1,6
A_remigis,1,2,1,6
A_remigis,1,2,1,6
A_remigis,1,2,1,6
A_remigis,1,2,1,6
A_remigis,1,2,1,6
A_remigis,1,2,1,6
A_remigis,1,2,1,6
A_remigis,1,2,1,6
A_remigis,1,2,1,6
A_remigis,1,2,1,6
A_remigis,1,2,1,6
A_remigis,1,2,1,6
A_remigis,1,2,1,6
A_remigis,1,2,1,7
A_remigis,1,2,1,7
A_remigis,1,2,1,7
A_remigis,1,2,2,5
A_remigis,1,2,2,6
A_remigis,1,2,2,6
A_remigis,1,2,2,6
A_remigis,1,2,2,6
A_remigis,1,2,2,6
A_remigis,1,2,2,6
A_remigis,1,2,2,6
A_remigis,1,2,2,7
A_remigis,1,2,2,7
A_remigis,1,2,2,7
A_remigis,1,2,2,7
A_remigis,1,2,2,8
A_remigis,1,2,2,8
A_remigis,1,2,2,8
A_remigis,1,2,2,8
A_remigis,1,2,2,8
A_remigis,1,2,2,8
A_remigis,1,2,2,8
A_remigis,1,2,2,9
A_remigis,1,2,3,5
A_remigis,1,2,3,5
A_remigis,1,2,3,5
A_remigis,1,2,3,5
A_remigis,1,2,3,5
A_remigis,1,2,3,5
A_remigis,1,2,3,5
A_remigis,1,2,3,5
A_remigis,1,2,3,5
A_remigis,1,2,3,5
A_remigis,1,2,3,5
A_remigis,1,2,3,6
A_remigis,1,2,3,6
A_remigis,1,2,3,6
A_remigis,1,2,3,6
A_remigis,1,2,3,6
A_remigis,1,2,3,6
A_remigis,1,2,3,6
A_remigis,1,2,3,6
A_remigis,1,2,3,6
A_remigis,1,2,3,6
A_remigis,1,2,3,7
A_remigis,1,2,4,5
A_remigis,1,2,4,5
A_remigis,1,2,4,5
A_remigis,1,2,4,5
A_remigis,1,2,4,5
A_remigis,1,2,4,5
A_remigis,1,2,4,5
A_remigis,1,2,4,5
A_remigis,1,2,4,5
A_remigis,1,2,4,5
A_remigis,1,2,4,5
A_remigis,1,2,4,5
A_remigis,1,2,4,5
A_remigis,1,2,4,5
A_remigis,1,2,4,5
A_remigis,1,2,4,6
A_remigis,1,2,4,6
A_remigis,1,2,4,7
A_remigis,1,2,4,7
A_remigis,1,2,4,7
A_remigis,1,2,4,7
A_remigis,1,2,5,5
A_remigis,1,2,5,5
A_remigis,1,2,5,5
A_remigis,1,2,5,5
A_remigis,1,2,5,5
A_remigis,1,2,5,5
A_remigis,1,2,5,5
A_remigis,1,2,5,5
A_remigis,1,2,5,5
A_remigis,1,2,5,5
A_remigis,1,2,5,5
A_remigis,1,2,5,5
A_remigis,1,2,5,5
A_remigis,1,2,5,5
A_remigis,1,2,5,5
A_remigis,1,2,5,5
A_remigis,1,2,5,6
A_remigis,1,2,5,6
A_remigis,1,2,5,6
A_remigis,1,2,5,6
A_remigis,1,2,5,6
A_remigis,1,2,5,6
A_remigis,1,2,5,7
A_remigis,1,2,6,5
A_remigis,1,2,6,5
A_remigis,1,2,6,5
A_remigis,1,2,6,5
A_remigis,1,2,6,5
A_remigis,1,2,6,5
A_remigis,1,2,6,5
A_remigis,1,2,6,5
A_remigis,1,2,6,5
A_remigis,1,2,6,5
A_remigis,1,2,6,5
A_remigis,1,2,6,5
A_remigis,1,2,6,5
A_remigis,1,2,6,5
A_remigis,1,2,6,5
A_remigis,1,2,6,6
A_remigis,1,2,6,6
A_remigis,1,2,6,6
A_remigis,1,2,6,6
A_remigis,1,2,6,6
A_remigis,1,2,6,6
A_remigis,1,2,6,7
A_remigis,1,2,7,5
A_remigis,1,2,7,5
A_remigis,1,2,7,5
A_remigis,1,2,7,5
A_remigis,1,2,7,5
A_remigis,1,2,7,5
A_remigis,1,2,7,5
A_remigis,1,2,7,6
A_remigis,1,2,7,6
A_remigis,1,2,7,6
A_remigis,1,2,7,6
A_remigis,1,2,7,6
A_remigis,1,2,7,6
A_remigis,1,2,7,6
A_remigis,1,2,7,6
A_remigis,1,2,7,6
A_remigis,1,2,7,6
A_remigis,1,2,7,6
A_remigis,1,2,7,6
A_remigis,1,2,7,6
A_remigis,1,2,7,6
A_remigis,1,2,8,5
A_remigis,1,2,8,5
A_remigis,1,2,8,6
A_remigis,1,2,8,6
A_remigis,1,2,8,6
A_remigis,1,2,8,7
A_remigis,1,2,8,7
A_remigis,1,2,8,7
A_remigis,1,2,8,7
A_remigis,1,2,8,7
A_remigis,1,2,8,7
A_remigis,1,2,8,7
A_remigis,1,2,8,7
A_remigis,1,2,8,8
A_remigis,1,2,8,8
A_remigis,1,2,8,8
A_remigis,1,2,8,8
A_remigis,1,3,1,9
A_remigis,1,3,1,10
A_remigis,1,3,1,10
A_remigis,1,3,1,10
A_remigis,1,3,1,10
A_remigis,1,3,1,10
A_remigis,1,3,1,10
A_remigis,1,3,1,10
A_remigis,1,3,1,10
A_remigis,1,3,1,10
A_remigis,1,3,1,10
A_remigis,1,3,1,10
A_remigis,1,3,1,10
A_remigis,1,3,1,10
A_remigis,1,3,1,10
A_remigis,1,3,1,10
A_remigis,1,3,1,10
A_remigis,1,3,1,10
A_remigis,1,3,1,11
A_remigis,1,3,1,11
A_remigis,1,3,1,11
A_remigis,1,3,1,12
A_remigis,1,3,2,9
A_remigis,1,3,2,10
A_remigis,1,3,2,10
A_remigis,1,3,2,11
A_remigis,1,3,2,11
A_remigis,1,3,2,11
A_remigis,1,3,2,11
A_remigis,1,3,2,11
A_remigis,1,3,2,11
A_remigis,1,3,2,11
A_remigis,1,3,2,12
A_remigis,1,3,2,12
A_remigis,1,3,2,12
A_remigis,1,3,2,12
A_remigis,1,3,2,12
A_remigis,1,3,2,12
A_remigis,1,3,2,13
A_remigis,1,3,2,13
A_remigis,1,3,2,13
A_remigis,1,3,2,13
A_remigis,1,3,3,10
A_remigis,1,3,3,10
A_remigis,1,3,3,10
A_remigis,1,3,3,10
A_remigis,1,3,3,10
A_remigis,1,3,3,10
A_remigis,1,3,3,10
A_remigis,1,3,3,10
A_remigis,1,3,3,10
A_remigis,1,3,3,10
A_remigis,1,3,3,10
A_remigis,1,3,3,10
A_remigis,1,3,3,10
A_remigis,1,3,3,10
A_remigis,1,3,3,10
A_remigis,1,3,3,10
A_remigis,1,3,3,10
A_remigis,1,3,3,10
A_remigis,1,3,3,11
A_remigis,1,3,3,11
A_remigis,1,3,3,11
A_remigis,1,3,3,12
A_remigis,1,3,4,9
A_remigis,1,3,4,9
A_remigis,1,3,4,9
A_remigis,1,3,4,9
A_remigis,1,3,4,9
A_remigis,1,3,4,9
A_remigis,1,3,4,9
A_remigis,1,3,4,9
A_remigis,1,3,4,9
A_remigis,1,3,4,10
A_remigis,1,3,4,10
A_remigis,1,3,4,10
A_remigis,1,3,4,10
A_remigis,1,3,4,10
A_remigis,1,3,4,10
A_remigis,1,3,4,10
A_remigis,1,3,4,10
A_remigis,1,3,4,11
A_remigis,1,3,4,11
A_remigis,1,3,5,9
A_remigis,1,3,5,9
A_remigis,1,3,5,9
A_remigis,1,3,5,9
A_remigis,1,3,5,9
A_remigis,1,3,5,9
A_remigis,1,3,5,9
A_remigis,1,3,5,10
A_remigis,1,3,5,10
A_remigis,1,3,5,10
A_remigis,1,3,5,10
A_remigis,1,3,5,10
A_remigis,1,3,5,10
A_remigis,1,3,5,10
A_remigis,1,3,5,10
A_remigis,1,3,5,10
A_remigis,1,3,5,10
A_remigis,1,3,5,10
A_remigis,1,3,5,10
A_remigis,1,3,5,10
A_remigis,1,3,5,10
A_remigis,1,3,5,11
A_remigis,1,3,5,12
A_remigis,1,3,6,9
A_remigis,1,3,6,9
A_remigis,1,3,6,10
A_remigis,1,3,6,10
A_remigis,1,3,6,10
A_remigis,1,3,6,10
A_remigis,1,3,6,10
A_remigis,1,3,6,10
A_remigis,1,3,6,10
A_remigis,1,3,6,10
A_remigis,1,3,6,10
A_remigis,1,3,6,10
A_remigis,1,3,6,10
A_remigis,1,3,6,10
A_remigis,1,3,6,10
A_remigis,1,3,6,10
A_remigis,1,3,6,10
A_remigis,1,3,6,10
A_remigis,1,3,6,10
A_remigis,1,3,6,10
A_remigis,1,3,6,12
A_remigis,1,3,6,12
A_remigis,1,3,7,9
A_remigis,1,3,7,10
A_remigis,1,3,7,10
A_remigis,1,3,7,10
A_remigis,1,3,7,10
A_remigis,1,3,7,10
A_remigis,1,3,7,10
A_remigis,1,3,7,10
A_remigis,1,3,7,10
A_remigis,1,3,7,11
A_remigis,1,3,7,11
A_remigis,1,3,7,11
A_remigis,1,3,7,11
A_remigis,1,3,7,11
A_remigis,1,3,7,11
A_remigis,1,3,7,11
A_remigis,1,3,7,11
A_remigis,1,3,7,11
A_remigis,1,3,7,11
A_remigis,1,3,7,11
A_remigis,1,3,7,11
A_remigis,1,3,8,10
A_remigis,1,3,8,10
A_remigis,1,3,8,11
A_remigis,1,3,8,11
A_remigis,1,3,8,11
A_remigis,1,3,8,12
A_remigis,1,3,8,12
A_remigis,1,3,8,12
A_remigis,1,3,8,12
A_remigis,1,3,8,12
A_remigis,1,3,8,12
A_remigis,1,3,8,12
A_remigis,1,3,8,13
A_remigis,1,3,8,13
A_remigis,1,3,8,13
A_remigis,1,3,8,13
A_remigis,1,3,8,13
A_remigis,1,3,8,14
A_remigis,1,4,1,14
A_remigis,1,4,1,14
A_remigis,1,4,1,14
A_remigis,1,4,1,14
A_remigis,1,4,1,14
A_remigis,1,4,1,14
A_remigis,1,4,1,14
A_remigis,1,4,1,14
A_remigis,1,4,1,15
A_remigis,1,4,1,15
A_remigis,1,4,1,15
A_remigis,1,4,1,15
A_remigis,1,4,1,15
A_remigis,1,4,1,15
A_remigis,1,4,1,15
A_remigis,1,4,1,15
A_remigis,1,4,1,15
A_remigis,1,4,1,15
A_remigis,1,4,1,15
A_remigis,1,4,1,16
A_remigis,1,4,1,16
A_remigis,1,4,2,14
A_remigis,1,4,2,15
A_remigis,1,4,2,15
A_remigis,1,4,2,15
A_remigis,1,4,2,16
A_remigis,1,4,2,16
A_remigis,1,4,2,16
A_remigis,1,4,2,16
A_remigis,1,4,2,16
A_remigis,1,4,2,16
A_remigis,1,4,2,17
A_remigis,1,4,2,17
A_remigis,1,4,2,17
A_remigis,1,4,2,17
A_remigis,1,4,2,18
A_remigis,1,4,2,18
A_remigis,1,4,2,18
A_remigis,1,4,2,18
A_remigis,1,4,2,18
A_remigis,1,4,3,14
A_remigis,1,4,3,14
A_remigis,1,4,3,15
A_remigis,1,4,3,15
A_remigis,1,4,3,15
A_remigis,1,4,3,15
A_remigis,1,4,3,15
A_remigis,1,4,3,15
A_remigis,1,4,3,15
A_remigis,1,4,3,15
A_remigis,1,4,3,15
A_remigis,1,4,3,15
A_remigis,1,4,3,15
A_remigis,1,4,3,15
A_remigis,1,4,3,15
A_remigis,1,4,3,15
A_remigis,1,4,3,15
A_remigis,1,4,3,16
A_remigis,1,4,3,16
A_remigis,1,4,3,16
A_remigis,1,4,3,16
A_remigis,1,4,3,17
A_remigis,1,4,4,14
A_remigis,1,4,4,14
A_remigis,1,4,4,14
A_remigis,1,4,4,14
A_remigis,1,4,4,14
A_remigis,1,4,4,14
A_remigis,1,4,4,14
A_remigis,1,4,4,14
A_remigis,1,4,4,14
A_remigis,1,4,4,14
A_remigis,1,4,4,14
A_remigis,1,4,4,14
A_remigis,1,4,4,15
A_remigis,1,4,4,15
A_remigis,1,4,4,15
A_remigis,1,4,4,15
A_remigis,1,4,4,15
A_remigis,1,4,4,16
A_remigis,1,4,4,17
A_remigis,1,4,5,14
A_remigis,1,4,5,14
A_remigis,1,4,5,14
A_remigis,1,4,5,14
A_remigis,1,4,5,14
A_remigis,1,4,5,14
A_remigis,1,4,5,14
A_remigis,1,4,5,14
A_remigis,1,4,5,14
A_remigis,1,4,5,14
A_remigis,1,4,5,14
A_remigis,1,4,5,14
A_remigis,1,4,5,14
A_remigis,1,4,5,15
A_remigis,1,4,5,15
A_remigis,1,4,5,15
A_remigis,1,4,5,15
A_remigis,1,4,5,15
A_remigis,1,4,5,15
A_remigis,1,4,5,15
A_remigis,1,4,5,15
A_remigis,1,4,5,16
A_remigis,1,4,5,16
A_remigis,1,4,6,14
A_remigis,1,4,6,14
A_remigis,1,4,6,14
A_remigis,1,4,6,14
A_remigis,1,4,6,14
A_remigis,1,4,6,14
A_remigis,1,4,6,15
A_remigis,1,4,6,15
A_remigis,1,4,6,15
A_remigis,1,4,6,15
A_remigis,1,4,6,15
A_remigis,1,4,6,15
A_remigis,1,4,6,15
A_remigis,1,4,6,15
A_remigis,1,4,6,15
A_remigis,1,4,6,15
A_remigis,1,4,6,15
A_remigis,1,4,6,15
A_remigis,1,4,6,15
A_remigis,1,4,6,15
A_remigis,1,4,6,17
A_remigis,1,4,6,18
A_remigis,1,4,7,14
A_remigis,1,4,7,14
A_remigis,1,4,7,14
A_remigis,1,4,7,14
A_remigis,1,4,7,15
A_remigis,1,4,7,15
A_remigis,1,4,7,15
A_remigis,1,4,7,15
A_remigis,1,4,7,15
A_remigis,1,4,7,15
A_remigis,1,4,7,15
A_remigis,1,4,7,15
A_remigis,1,4,7,15
A_remigis,1,4,7,15
A_remigis,1,4,7,16
A_remigis,1,4,7,16
A_remigis,1,4,7,16
A_remigis,1,4,7,16
A_remigis,1,4,7,16
A_remigis,1,4,7,16
A_remigis,1,4,8,15
A_remigis,1,4,8,16
A_remigis,1,4,8,16
A_remigis,1,4,8,16
A_remigis,1,4,8,17
A_remigis,1,4,8,17
A_remigis,1,4,8,17
A_remigis,1,4,8,17
A_remigis,1,4,8,17
A_remigis,1,4,8,17
A_remigis,1,4,8,17
A_remigis,1,4,8,18
A_remigis,1,4,8,18
A_remigis,1,4,8,18
A_remigis,1,4,8,18
A_remigis,1,4,8,19
A_remigis,1,5,1,19
A_remigis,1,5,1,20
A_remigis,1,5,1,20
A_remigis,1,5,1,20
A_remigis,1,5,1,20
A_remigis,1,5,1,20
A_remigis,1,5,1,20
A_remigis,1,5,1,21
A_remigis,1,5,1,21
A_remigis,1,5,1,21
A_remigis,1,5,1,21
A_remigis,1,5,1,21
A_remigis,1,5,1,21
A_remigis,1,5,1,21
A_remigis,1,5,1,21
A_remigis,1,5,1,21
A_remigis,1,5,1,21
A_remigis,1,5,1,22
A_remigis,1,5,1,22
A_remigis,1,5,1,22
A_remigis,1,5,2,20
A_remigis,1,5,2,21
A_remigis,1,5,2,21
A_remigis,1,5,2,21
A_remigis,1,5,2,22
A_remigis,1,5,2,22
A_remigis,1,5,2,22
A_remigis,1,5,2,22
A_remigis,1,5,2,22
A_remigis,1,5,2,22
A_remigis,1,5,2,22
A_remigis,1,5,2,23
A_remigis,1,5,2,23
A_remigis,1,5,2,24
A_remigis,1,5,2,24
A_remigis,1,5,2,24
A_remigis,1,5,2,24
A_remigis,1,5,2,24
A_remigis,1,5,2,25
A_remigis,1,5,3,20
A_remigis,1,5,3,21
A_remigis,1,5,3,21
A_remigis,1,5,3,21
A_remigis,1,5,3,21
A_remigis,1,5,3,21
A_remigis,1,5,3,21
A_remigis,1,5,3,21
A_remigis,1,5,3,21
A_remigis,1,5,3,21
A_remigis,1,5,3,21
A_remigis,1,5,3,21
A_remigis,1,5,3,21
A_remigis,1,5,3,22
A_remigis,1,5,3,22
A_remigis,1,5,3,22
A_remigis,1,5,3,22
A_remigis,1,5,3,22
A_remigis,1,5,3,22
A_remigis,1,5,3,22
A_remigis,1,5,3,22
A_remigis,1,5,3,24
A_remigis,1,5,4,20
A_remigis,1,5,4,20
A_remigis,1,5,4,20
A_remigis,1,5,4,20
A_remigis,1,5,4,20
A_remigis,1,5,4,20
A_remigis,1,5,4,20
A_remigis,1,5,4,20
A_remigis,1,5,4,20
A_remigis,1,5,4,20
A_remigis,1,5,4,21
A_remigis,1,5,4,21
A_remigis,1,5,4,21
A_remigis,1,5,4,22
A_remigis,1,5,4,22
A_remigis,1,5,4,22
A_remigis,1,5,4,22
A_remigis,1,5,4,22
A_remigis,1,5,4,23
A_remigis,1,5,5,20
A_remigis,1,5,5,20
A_remigis,1,5,5,20
A_remigis,1,5,5,20
A_remigis,1,5,5,20
A_remigis,1,5,5,20
A_remigis,1,5,5,20
A_remigis,1,5,5,21
A_remigis,1,5,5,21
A_remigis,1,5,5,21
A_remigis,1,5,5,21
A_remigis,1,5,5,21
A_remigis,1,5,5,21
A_remigis,1,5,5,21
A_remigis,1,5,5,21
A_remigis,1,5,5,21
A_remigis,1,5,5,21
A_remigis,1,5,5,21
A_remigis,1,5,5,21
A_remigis,1,5,5,22
A_remigis,1,5,5,22
A_remigis,1,5,5,22
A_remigis,1,5,5,24
A_remigis,1,5,6,20
A_remigis,1,5,6,20
A_remigis,1,5,6,20
A_remigis,1,5,6,20
A_remigis,1,5,6,20
A_remigis,1,5,6,21
A_remigis,1,5,6,21
A_remigis,1,5,6,21
A_remigis,1,5,6,21
A_remigis,1,5,6,21
A_remigis,1,5,6,21
A_remigis,1,5,6,21
A_remigis,1,5,6,21
A_remigis,1,5,6,21
A_remigis,1,5,6,21
A_remigis,1,5,6,21
A_remigis,1,5,6,21
A_remigis,1,5,6,22
A_remigis,1,5,6,22
A_remigis,1,5,6,22
A_remigis,1,5,6,23
A_remigis,1,5,6,25
A_remigis,1,5,7,20
A_remigis,1,5,7,20
A_remigis,1,5,7,20
A_remigis,1,5,7,20
A_remigis,1,5,7,20
A_remigis,1,5,7,20
A_remigis,1,5,7,21
A_remigis,1,5,7,21
A_remigis,1,5,7,21
A_remigis,1,5,7,21
A_remigis,1,5,7,21
A_remigis,1,5,7,21
A_remigis,1,5,7,21
A_remigis,1,5,7,21
A_remigis,1,5,7,21
A_remigis,1,5,7,22
A_remigis,1,5,7,22
A_remigis,1,5,7,23
A_remigis,1,5,7,23
A_remigis,1,5,8,22
A_remigis,1,5,8,22
A_remigis,1,5,8,22
A_remigis,1,5,8,23
A_remigis,1,5,8,23
A_remigis,1,5,8,23
A_remigis,1,5,8,23
A_remigis,1,5,8,24
A_remigis,1,5,8,24
A_remigis,1,5,8,24
A_remigis,1,5,8,24
A_remigis,1,5,8,24
A_remigis,1,5,8,25
A_remigis,1,5,8,25
A_remigis,1,5,8,25
A_remigis,1,5,8,26
A_remigis,1,Adult,1,29
A_remigis,1,Adult,1,30
A_remigis,1,Adult,1,30
A_remigis,1,Adult,1,30
A_remigis,1,Adult,1,31
A_remigis,1,Adult,1,31
A_remigis,1,Adult,1,31
A_remigis,1,Adult,1,31
A_remigis,1,Adult,1,32
A_remigis,1,Adult,1,32
A_remigis,1,Adult,1,32
A_remigis,1,Adult,1,32
A_remigis,1,Adult,1,32
A_remigis,1,Adult,1,32
A_remigis,1,Adult,1,32
A_remigis,1,Adult,1,33
A_remigis,1,Adult,1,34
A_remigis,1,Adult,1,34
A_remigis,1,Adult,1,34
A_remigis,1,Adult,1,37
A_remigis,1,Adult,2,30
A_remigis,1,Adult,2,31
A_remigis,1,Adult,2,32
A_remigis,1,Adult,2,33
A_remigis,1,Adult,2,33
A_remigis,1,Adult,2,33
A_remigis,1,Adult,2,33
A_remigis,1,Adult,2,34
A_remigis,1,Adult,2,34
A_remigis,1,Adult,2,34
A_remigis,1,Adult,2,34
A_remigis,1,Adult,2,35
A_remigis,1,Adult,2,35
A_remigis,1,Adult,2,35
A_remigis,1,Adult,2,36
A_remigis,1,Adult,2,36
A_remigis,1,Adult,2,36
A_remigis,1,Adult,2,37
A_remigis,1,Adult,2,37
A_remigis,1,Adult,3,31
A_remigis,1,Adult,3,31
A_remigis,1,Adult,3,32
A_remigis,1,Adult,3,32
A_remigis,1,Adult,3,32
A_remigis,1,Adult,3,32
A_remigis,1,Adult,3,32
A_remigis,1,Adult,3,32
A_remigis,1,Adult,3,32
A_remigis,1,Adult,3,33
A_remigis,1,Adult,3,33
A_remigis,1,Adult,3,33
A_remigis,1,Adult,3,33
A_remigis,1,Adult,3,33
A_remigis,1,Adult,3,33
A_remigis,1,Adult,3,34
A_remigis,1,Adult,3,34
A_remigis,1,Adult,3,34
A_remigis,1,Adult,3,34
A_remigis,1,Adult,3,34
A_remigis,1,Adult,3,36
A_remigis,1,Adult,4,30
A_remigis,1,Adult,4,31
A_remigis,1,Adult,4,31
A_remigis,1,Adult,4,31
A_remigis,1,Adult,4,31
A_remigis,1,Adult,4,31
A_remigis,1,Adult,4,31
A_remigis,1,Adult,4,32
A_remigis,1,Adult,4,32
A_remigis,1,Adult,4,32
A_remigis,1,Adult,4,32
A_remigis,1,Adult,4,32
A_remigis,1,Adult,4,32
A_remigis,1,Adult,4,33
A_remigis,1,Adult,4,33
A_remigis,1,Adult,4,33
A_remigis,1,Adult,4,34
A_remigis,1,Adult,4,34
A_remigis,1,Adult,5,32
A_remigis,1,Adult,5,32
A_remigis,1,Adult,5,32
A_remigis,1,Adult,5,32
A_remigis,1,Adult,5,32
A_remigis,1,Adult,5,32
A_remigis,1,Adult,5,32
A_remigis,1,Adult,5,33
A_remigis,1,Adult,5,33
A_remigis,1,Adult,5,33
A_remigis,1,Adult,5,33
A_remigis,1,Adult,5,33
A_remigis,1,Adult,5,34
A_remigis,1,Adult,5,34
A_remigis,1,Adult,5,34
A_remigis,1,Adult,5,34
A_remigis,1,Adult,5,34
A_remigis,1,Adult,5,34
A_remigis,1,Adult,5,34
A_remigis,1,Adult,5,34
A_remigis,1,Adult,5,34
A_remigis,1,Adult,5,36
A_remigis,1,Adult,6,31
A_remigis,1,Adult,6,31
A_remigis,1,Adult,6,32
A_remigis,1,Adult,6,32
A_remigis,1,Adult,6,32
A_remigis,1,Adult,6,32
A_remigis,1,Adult,6,33
A_remigis,1,Adult,6,33
A_remigis,1,Adult,6,33
A_remigis,1,Adult,6,33
A_remigis,1,Adult,6,33
A_remigis,1,Adult,6,33
A_remigis,1,Adult,6,33
A_remigis,1,Adult,6,34
A_remigis,1,Adult,6,34
A_remigis,1,Adult,6,34
A_remigis,1,Adult,6,34
A_remigis,1,Adult,6,34
A_remigis,1,Adult,6,34
A_remigis,1,Adult,6,35
A_remigis,1,Adult,6,37
A_remigis,1,Adult,7,30
A_remigis,1,Adult,7,31
A_remigis,1,Adult,7,31
A_remigis,1,Adult,7,31
A_remigis,1,Adult,7,31
A_remigis,1,Adult,7,31
A_remigis,1,Adult,7,31
A_remigis,1,Adult,7,32
A_remigis,1,Adult,7,32
A_remigis,1,Adult,7,33
A_remigis,1,Adult,7,33
A_remigis,1,Adult,7,33
A_remigis,1,Adult,7,33
A_remigis,1,Adult,7,33
A_remigis,1,Adult,7,34
A_remigis,1,Adult,7,34
A_remigis,1,Adult,7,35
A_remigis,1,Adult,7,38
A_remigis,1,Adult,8,33
A_remigis,1,Adult,8,34
A_remigis,1,Adult,8,34
A_remigis,1,Adult,8,35
A_remigis,1,Adult,8,35
A_remigis,1,Adult,8,35
A_remigis,1,Adult,8,36
A_remigis,1,Adult,8,36
A_remigis,1,Adult,8,36
A_remigis,1,Adult,8,36
A_remigis,1,Adult,8,38
A_remigis,1,Adult,8,38
A_remigis,1,Adult,8,39
A_remigis,2,2,1,5
A_remigis,2,2,1,5
A_remigis,2,2,1,5
A_remigis,2,2,1,5
A_remigis,2,2,1,6
A_remigis,2,2,1,6
A_remigis,2,2,1,6
A_remigis,2,2,1,6
A_remigis,2,2,1,6
A_remigis,2,2,1,6
A_remigis,2,2,1,6
A_remigis,2,2,1,6
A_remigis,2,2,1,6
A_remigis,2,2,1,6
A_remigis,2,2,1,6
A_remigis,2,2,1,6
A_remigis,2,2,1,6
A_remigis,2,2,1,6
A_remigis,2,2,1,6
A_remigis,2,2,1,6
A_remigis,2,2,1,6
A_remigis,2,2,1,7
A_remigis,2,2,2,5
A_remigis,2,2,2,5
A_remigis,2,2,2,6
A_remigis,2,2,2,6
A_remigis,2,2,2,6
A_remigis,2,2,2,6
A_remigis,2,2,2,6
A_remigis,2,2,2,6
A_remigis,2,2,2,6
A_remigis,2,2,2,7
A_remigis,2,2,2,7
A_remigis,2,2,2,7
A_remigis,2,2,2,8
A_remigis,2,2,2,8
A_remigis,2,2,2,8
A_remigis,2,2,2,9
A_remigis,2,2,3,5
A_remigis,2,2,3,5
A_remigis,2,2,3,5
A_remigis,2,2,3,5
A_remigis,2,2,3,5
A_remigis,2,2,3,6
A_remigis,2,2,3,6
A_remigis,2,2,3,6
A_remigis,2,2,3,6
A_remigis,2,2,3,6
A_remigis,2,2,3,6
A_remigis,2,2,3,6
A_remigis,2,2,3,6
A_remigis,2,2,3,6
A_remigis,2,2,3,6
A_remigis,2,2,3,6
A_remigis,2,2,3,6
A_remigis,2,2,3,6
A_remigis,2,2,3,6
A_remigis,2,2,3,6
A_remigis,2,2,3,6
A_remigis,2,2,3,6
A_remigis,2,2,3,6
A_remigis,2,2,4,5
A_remigis,2,2,4,5
A_remigis,2,2,4,5
A_remigis,2,2,4,5
A_remigis,2,2,4,5
A_remigis,2,2,4,5
A_remigis,2,2,4,5
A_remigis,2,2,4,5
A_remigis,2,2,4,5
A_remigis,2,2,4,5
A_remigis,2,2,4,5
A_remigis,2,2,4,5
A_remigis,2,2,4,5
A_remigis,2,2,4,6
A_remigis,2,2,4,6
A_remigis,2,2,4,6
A_remigis,2,2,4,6
A_remigis,2,2,4,6
A_remigis,2,2,4,6
A_remigis,2,2,4,6
A_remigis,2,2,4,6
A_remigis,2,2,4,7
A_remigis,2,2,5,5
A_remigis,2,2,5,5
A_remigis,2,2,5,5
A_remigis,2,2,5,5
A_remigis,2,2,5,5
A_remigis,2,2,5,5
A_remigis,2,2,5,5
A_remigis,2,2,5,5
A_remigis,2,2,5,5
A_remigis,2,2,5,5
A_remigis,2,2,5,6
A_remigis,2,2,5,6
A_remigis,2,2,5,6
A_remigis,2,2,5,6
A_remigis,2,2,5,6
A_remigis,2,2,5,6
A_remigis,2,2,5,6
A_remigis,2,2,5,6
A_remigis,2,2,5,6
A_remigis,2,2,5,6
A_remigis,2,2,5,6
A_remigis,2,2,5,6
A_remigis,2,2,6,5
A_remigis,2,2,6,6
A_remigis,2,2,6,6
A_remigis,2,2,6,6
A_remigis,2,2,6,6
A_remigis,2,2,6,6
A_remigis,2,2,6,7
A_remigis,2,2,6,7
A_remigis,2,2,6,7
A_remigis,2,2,6,7
A_remigis,2,2,6,7
A_remigis,2,2,6,7
A_remigis,2,2,6,7
A_remigis,2,2,6,7
A_remigis,2,2,6,7
A_remigis,2,2,6,7
A_remigis,2,2,6,7
A_remigis,2,2,6,7
A_remigis,2,2,6,7
A_remigis,2,2,6,7
A_remigis,2,2,6,7
A_remigis,2,2,6,7
A_remigis,2,2,7,5
A_remigis,2,2,7,5
A_remigis,2,2,7,5
A_remigis,2,2,7,5
A_remigis,2,2,7,5
A_remigis,2,2,7,5
A_remigis,2,2,7,5
A_remigis,2,2,7,5
A_remigis,2,2,7,5
A_remigis,2,2,7,5
A_remigis,2,2,7,5
A_remigis,2,2,7,5
A_remigis,2,2,7,5
A_remigis,2,2,7,5
A_remigis,2,2,7,5
A_remigis,2,2,7,5
A_remigis,2,2,7,5
A_remigis,2,2,7,6
A_remigis,2,2,7,6
A_remigis,2,2,7,6
A_remigis,2,2,7,6
A_remigis,2,2,7,7
A_remigis,2,2,7,7
A_remigis,2,2,8,5
A_remigis,2,2,8,5
A_remigis,2,2,8,5
A_remigis,2,2,8,6
A_remigis,2,2,8,6
A_remigis,2,2,8,7
A_remigis,2,2,8,7
A_remigis,2,2,8,7
A_remigis,2,2,8,8
A_remigis,2,2,8,8
A_remigis,2,2,8,8
A_remigis,2,2,8,8
A_remigis,2,2,8,8
A_remigis,2,2,8,8
A_remigis,2,2,8,8
A_remigis,2,2,8,8
A_remigis,2,2,8,8
A_remigis,2,2,8,8
A_remigis,2,2,8,8
A_remigis,2,2,8,8
A_remigis,2,2,8,9
A_remigis,2,3,1,9
A_remigis,2,3,1,10
A_remigis,2,3,1,10
A_remigis,2,3,1,10
A_remigis,2,3,1,10
A_remigis,2,3,1,10
A_remigis,2,3,1,10
A_remigis,2,3,1,10
A_remigis,2,3,1,10
A_remigis,2,3,1,10
A_remigis,2,3,1,10
A_remigis,2,3,1,10
A_remigis,2,3,1,11
A_remigis,2,3,1,11
A_remigis,2,3,1,11
A_remigis,2,3,1,11
A_remigis,2,3,1,11
A_remigis,2,3,1,11
A_remigis,2,3,1,11
A_remigis,2,3,1,11
A_remigis,2,3,2,10
A_remigis,2,3,2,10
A_remigis,2,3,2,10
A_remigis,2,3,2,11
A_remigis,2,3,2,11
A_remigis,2,3,2,11
A_remigis,2,3,2,11
A_remigis,2,3,2,11
A_remigis,2,3,2,11
A_remigis,2,3,2,11
A_remigis,2,3,2,11
A_remigis,2,3,2,12
A_remigis,2,3,2,12
A_remigis,2,3,2,12
A_remigis,2,3,2,12
A_remigis,2,3,2,13
A_remigis,2,3,2,14
A_remigis,2,3,3,10
A_remigis,2,3,3,10
A_remigis,2,3,3,10
A_remigis,2,3,3,10
A_remigis,2,3,3,10
A_remigis,2,3,3,10
A_remigis,2,3,3,10
A_remigis,2,3,3,10
A_remigis,2,3,3,10
A_remigis,2,3,3,10
A_remigis,2,3,3,10
A_remigis,2,3,3,10
A_remigis,2,3,3,10
A_remigis,2,3,3,10
A_remigis,2,3,3,10
A_remigis,2,3,3,11
A_remigis,2,3,3,11
A_remigis,2,3,3,11
A_remigis,2,3,3,11
A_remigis,2,3,3,11
A_remigis,2,3,3,11
A_remigis,2,3,4,9
A_remigis,2,3,4,9
A_remigis,2,3,4,9
A_remigis,2,3,4,9
A_remigis,2,3,4,9
A_remigis,2,3,4,9
A_remigis,2,3,4,9
A_remigis,2,3,4,10
A_remigis,2,3,4,10
A_remigis,2,3,4,10
A_remigis,2,3,4,10
A_remigis,2,3,4,10
A_remigis,2,3,4,10
A_remigis,2,3,4,10
A_remigis,2,3,4,10
A_remigis,2,3,4,10
A_remigis,2,3,4,10
A_remigis,2,3,4,10
A_remigis,2,3,4,10
A_remigis,2,3,4,11
A_remigis,2,3,4,11
A_remigis,2,3,4,11
A_remigis,2,3,5,10
A_remigis,2,3,5,10
A_remigis,2,3,5,10
A_remigis,2,3,5,10
A_remigis,2,3,5,10
A_remigis,2,3,5,10
A_remigis,2,3,5,10
A_remigis,2,3,5,10
A_remigis,2,3,5,10
A_remigis,2,3,5,10
A_remigis,2,3,5,10
A_remigis,2,3,5,10
A_remigis,2,3,5,10
A_remigis,2,3,5,10
A_remigis,2,3,5,10
A_remigis,2,3,5,10
A_remigis,2,3,5,11
A_remigis,2,3,5,11
A_remigis,2,3,5,11
A_remigis,2,3,5,11
A_remigis,2,3,5,11
A_remigis,2,3,5,11
A_remigis,2,3,6,10
A_remigis,2,3,6,10
A_remigis,2,3,6,11
A_remigis,2,3,6,11
A_remigis,2,3,6,11
A_remigis,2,3,6,11
A_remigis,2,3,6,11
A_remigis,2,3,6,11
A_remigis,2,3,6,11
A_remigis,2,3,6,11
A_remigis,2,3,6,11
A_remigis,2,3,6,11
A_remigis,2,3,6,11
A_remigis,2,3,6,11
A_remigis,2,3,6,11
A_remigis,2,3,6,11
A_remigis,2,3,6,11
A_remigis,2,3,6,11
A_remigis,2,3,6,11
A_remigis,2,3,6,12
A_remigis,2,3,6,12
A_remigis,2,3,6,12
A_remigis,2,3,7,9
A_remigis,2,3,7,9
A_remigis,2,3,7,9
A_remigis,2,3,7,9
A_remigis,2,3,7,9
A_remigis,2,3,7,9
A_remigis,2,3,7,9
A_remigis,2,3,7,9
A_remigis,2,3,7,9
A_remigis,2,3,7,10
A_remigis,2,3,7,10
A_remigis,2,3,7,10
A_remigis,2,3,7,10
A_remigis,2,3,7,10
A_remigis,2,3,7,10
A_remigis,2,3,7,10
A_remigis,2,3,7,10
A_remigis,2,3,7,10
A_remigis,2,3,7,10
A_remigis,2,3,7,10
A_remigis,2,3,7,11
A_remigis,2,3,7,11
A_remigis,2,3,7,11
A_remigis,2,3,8,10
A_remigis,2,3,8,10
A_remigis,2,3,8,10
A_remigis,2,3,8,11
A_remigis,2,3,8,11
A_remigis,2,3,8,11
A_remigis,2,3,8,12
A_remigis,2,3,8,12
A_remigis,2,3,8,12
A_remigis,2,3,8,12
A_remigis,2,3,8,12
A_remigis,2,3,8,12
A_remigis,2,3,8,12
A_remigis,2,3,8,12
A_remigis,2,3,8,12
A_remigis,2,3,8,13
A_remigis,2,3,8,13
A_remigis,2,3,8,13
A_remigis,2,3,8,13
A_remigis,2,3,8,14
A_remigis,2,3,8,14
A_remigis,2,4,1,14
A_remigis,2,4,1,15
A_remigis,2,4,1,15
A_remigis,2,4,1,15
A_remigis,2,4,1,15
A_remigis,2,4,1,15
A_remigis,2,4,1,15
A_remigis,2,4,1,15
A_remigis,2,4,1,15
A_remigis,2,4,1,15
A_remigis,2,4,1,15
A_remigis,2,4,1,15
A_remigis,2,4,1,15
A_remigis,2,4,1,16
A_remigis,2,4,1,16
A_remigis,2,4,1,16
A_remigis,2,4,1,16
A_remigis,2,4,1,16
A_remigis,2,4,1,16
A_remigis,2,4,1,16
A_remigis,2,4,2,15
A_remigis,2,4,2,15
A_remigis,2,4,2,15
A_remigis,2,4,2,15
A_remigis,2,4,2,15
A_remigis,2,4,2,15
A_remigis,2,4,2,15
A_remigis,2,4,2,16
A_remigis,2,4,2,16
A_remigis,2,4,2,16
A_remigis,2,4,2,17
A_remigis,2,4,2,17
A_remigis,2,4,2,17
A_remigis,2,4,2,18
A_remigis,2,4,2,18
A_remigis,2,4,2,18
A_remigis,2,4,2,18
A_remigis,2,4,3,14
A_remigis,2,4,3,15
A_remigis,2,4,3,15
A_remigis,2,4,3,15
A_remigis,2,4,3,15
A_remigis,2,4,3,15
A_remigis,2,4,3,15
A_remigis,2,4,3,15
A_remigis,2,4,3,15
A_remigis,2,4,3,15
A_remigis,2,4,3,15
A_remigis,2,4,3,15
A_remigis,2,4,3,15
A_remigis,2,4,3,15
A_remigis,2,4,3,15
A_remigis,2,4,3,16
A_remigis,2,4,3,16
A_remigis,2,4,3,16
A_remigis,2,4,3,16
A_remigis,2,4,3,16
A_remigis,2,4,3,16
A_remigis,2,4,3,17
A_remigis,2,4,4,13
A_remigis,2,4,4,14
A_remigis,2,4,4,14
A_remigis,2,4,4,14
A_remigis,2,4,4,14
A_remigis,2,4,4,14
A_remigis,2,4,4,14
A_remigis,2,4,4,14
A_remigis,2,4,4,14
A_remigis,2,4,4,14
A_remigis,2,4,4,15
A_remigis,2,4,4,15
A_remigis,2,4,4,15
A_remigis,2,4,4,15
A_remigis,2,4,4,15
A_remigis,2,4,4,15
A_remigis,2,4,4,15
A_remigis,2,4,4,16
A_remigis,2,4,4,16
A_remigis,2,4,4,16
A_remigis,2,4,4,16
A_remigis,2,4,4,17
A_remigis,2,4,5,14
A_remigis,2,4,5,14
A_remigis,2,4,5,15
A_remigis,2,4,5,15
A_remigis,2,4,5,15
A_remigis,2,4,5,15
A_remigis,2,4,5,15
A_remigis,2,4,5,15
A_remigis,2,4,5,15
A_remigis,2,4,5,15
A_remigis,2,4,5,15
A_remigis,2,4,5,15
A_remigis,2,4,5,15
A_remigis,2,4,5,15
A_remigis,2,4,5,15
A_remigis,2,4,5,15
A_remigis,2,4,5,15
A_remigis,2,4,5,15
A_remigis,2,4,5,16
A_remigis,2,4,5,16
A_remigis,2,4,5,16
A_remigis,2,4,6,15
A_remigis,2,4,6,15
A_remigis,2,4,6,15
A_remigis,2,4,6,15
A_remigis,2,4,6,15
A_remigis,2,4,6,15
A_remigis,2,4,6,15
A_remigis,2,4,6,16
A_remigis,2,4,6,16
A_remigis,2,4,6,16
A_remigis,2,4,6,16
A_remigis,2,4,6,16
A_remigis,2,4,6,16
A_remigis,2,4,6,16
A_remigis,2,4,6,16
A_remigis,2,4,6,16
A_remigis,2,4,6,16
A_remigis,2,4,6,16
A_remigis,2,4,6,16
A_remigis,2,4,6,17
A_remigis,2,4,6,17
A_remigis,2,4,6,17
A_remigis,2,4,7,14
A_remigis,2,4,7,14
A_remigis,2,4,7,14
A_remigis,2,4,7,14
A_remigis,2,4,7,14
A_remigis,2,4,7,14
A_remigis,2,4,7,14
A_remigis,2,4,7,14
A_remigis,2,4,7,14
A_remigis,2,4,7,14
A_remigis,2,4,7,14
A_remigis,2,4,7,14
A_remigis,2,4,7,15
A_remigis,2,4,7,15
A_remigis,2,4,7,15
A_remigis,2,4,7,15
A_remigis,2,4,7,15
A_remigis,2,4,7,15
A_remigis,2,4,7,15
A_remigis,2,4,7,15
A_remigis,2,4,7,15
A_remigis,2,4,7,16
A_remigis,2,4,8,15
A_remigis,2,4,8,15
A_remigis,2,4,8,16
A_remigis,2,4,8,16
A_remigis,2,4,8,17
A_remigis,2,4,8,17
A_remigis,2,4,8,17
A_remigis,2,4,8,17
A_remigis,2,4,8,17
A_remigis,2,4,8,17
A_remigis,2,4,8,17
A_remigis,2,4,8,17
A_remigis,2,4,8,18
A_remigis,2,4,8,18
A_remigis,2,4,8,18
A_remigis,2,4,8,18
A_remigis,2,4,8,18
A_remigis,2,4,8,18
A_remigis,2,4,8,18
A_remigis,2,4,8,19
A_remigis,2,4,8,20
A_remigis,2,5,1,20
A_remigis,2,5,1,21
A_remigis,2,5,1,21
A_remigis,2,5,1,21
A_remigis,2,5,1,21
A_remigis,2,5,1,21
A_remigis,2,5,1,21
A_remigis,2,5,1,21
A_remigis,2,5,1,21
A_remigis,2,5,1,21
A_remigis,2,5,1,21
A_remigis,2,5,1,21
A_remigis,2,5,1,22
A_remigis,2,5,1,22
A_remigis,2,5,1,22
A_remigis,2,5,1,22
A_remigis,2,5,1,22
A_remigis,2,5,1,23
A_remigis,2,5,1,23
A_remigis,2,5,2,21
A_remigis,2,5,2,21
A_remigis,2,5,2,21
A_remigis,2,5,2,21
A_remigis,2,5,2,21
A_remigis,2,5,2,21
A_remigis,2,5,2,22
A_remigis,2,5,2,22
A_remigis,2,5,2,22
A_remigis,2,5,2,22
A_remigis,2,5,2,23
A_remigis,2,5,2,23
A_remigis,2,5,2,24
A_remigis,2,5,2,24
A_remigis,2,5,2,25
A_remigis,2,5,2,25
A_remigis,2,5,2,28
A_remigis,2,5,3,20
A_remigis,2,5,3,21
A_remigis,2,5,3,21
A_remigis,2,5,3,21
A_remigis,2,5,3,21
A_remigis,2,5,3,21
A_remigis,2,5,3,21
A_remigis,2,5,3,21
A_remigis,2,5,3,21
A_remigis,2,5,3,22
A_remigis,2,5,3,22
A_remigis,2,5,3,22
A_remigis,2,5,3,22
A_remigis,2,5,3,22
A_remigis,2,5,3,22
A_remigis,2,5,3,22
A_remigis,2,5,3,22
A_remigis,2,5,3,22
A_remigis,2,5,3,22
A_remigis,2,5,3,22
A_remigis,2,5,3,24
A_remigis,2,5,3,24
A_remigis,2,5,4,20
A_remigis,2,5,4,20
A_remigis,2,5,4,20
A_remigis,2,5,4,20
A_remigis,2,5,4,20
A_remigis,2,5,4,21
A_remigis,2,5,4,21
A_remigis,2,5,4,21
A_remigis,2,5,4,21
A_remigis,2,5,4,21
A_remigis,2,5,4,21
A_remigis,2,5,4,21
A_remigis,2,5,4,21
A_remigis,2,5,4,21
A_remigis,2,5,4,22
A_remigis,2,5,4,22
A_remigis,2,5,4,22
A_remigis,2,5,4,22
A_remigis,2,5,4,22
A_remigis,2,5,4,22
A_remigis,2,5,4,23
A_remigis,2,5,4,23
A_remigis,2,5,5,21
A_remigis,2,5,5,21
A_remigis,2,5,5,21
A_remigis,2,5,5,21
A_remigis,2,5,5,21
A_remigis,2,5,5,21
A_remigis,2,5,5,21
A_remigis,2,5,5,21
A_remigis,2,5,5,21
A_remigis,2,5,5,22
A_remigis,2,5,5,22
A_remigis,2,5,5,22
A_remigis,2,5,5,22
A_remigis,2,5,5,22
A_remigis,2,5,5,22
A_remigis,2,5,5,22
A_remigis,2,5,5,23
A_remigis,2,5,5,23
A_remigis,2,5,5,24
A_remigis,2,5,6,21
A_remigis,2,5,6,21
A_remigis,2,5,6,21
A_remigis,2,5,6,21
A_remigis,2,5,6,22
A_remigis,2,5,6,22
A_remigis,2,5,6,22
A_remigis,2,5,6,22
A_remigis,2,5,6,22
A_remigis,2,5,6,22
A_remigis,2,5,6,22
A_remigis,2,5,6,22
A_remigis,2,5,6,22
A_remigis,2,5,6,22
A_remigis,2,5,6,22
A_remigis,2,5,6,22
A_remigis,2,5,6,23
A_remigis,2,5,6,23
A_remigis,2,5,6,24
A_remigis,2,5,6,24
A_remigis,2,5,6,25
A_remigis,2,5,7,20
A_remigis,2,5,7,20
A_remigis,2,5,7,20
A_remigis,2,5,7,20
A_remigis,2,5,7,20
A_remigis,2,5,7,20
A_remigis,2,5,7,20
A_remigis,2,5,7,20
A_remigis,2,5,7,21
A_remigis,2,5,7,21
A_remigis,2,5,7,21
A_remigis,2,5,7,21
A_remigis,2,5,7,21
A_remigis,2,5,7,21
A_remigis,2,5,7,21
A_remigis,2,5,7,21
A_remigis,2,5,7,21
A_remigis,2,5,7,22
A_remigis,2,5,7,22
A_remigis,2,5,7,22
A_remigis,2,5,7,22
A_remigis,2,5,7,23
A_remigis,2,5,8,21
A_remigis,2,5,8,22
A_remigis,2,5,8,23
A_remigis,2,5,8,23
A_remigis,2,5,8,23
A_remigis,2,5,8,23
A_remigis,2,5,8,24
A_remigis,2,5,8,24
A_remigis,2,5,8,24
A_remigis,2,5,8,24
A_remigis,2,5,8,24
A_remigis,2,5,8,24
A_remigis,2,5,8,24
A_remigis,2,5,8,25
A_remigis,2,5,8,25
A_remigis,2,5,8,25
A_remigis,2,5,8,25
A_remigis,2,5,8,25
A_remigis,2,5,8,26
A_remigis,2,5,8,26
A_remigis,2,5,8,27
A_remigis,2,Adult,1,30
A_remigis,2,Adult,1,31
A_remigis,2,Adult,1,31
A_remigis,2,Adult,1,31
A_remigis,2,Adult,1,32
A_remigis,2,Adult,1,32
A_remigis,2,Adult,1,32
A_remigis,2,Adult,1,32
A_remigis,2,Adult,1,33
A_remigis,2,Adult,1,33
A_remigis,2,Adult,1,33
A_remigis,2,Adult,1,33
A_remigis,2,Adult,1,33
A_remigis,2,Adult,1,33
A_remigis,2,Adult,1,34
A_remigis,2,Adult,1,34
A_remigis,2,Adult,1,34
A_remigis,2,Adult,1,35
A_remigis,2,Adult,1,36
A_remigis,2,Adult,2,32
A_remigis,2,Adult,2,32
A_remigis,2,Adult,2,32
A_remigis,2,Adult,2,32
A_remigis,2,Adult,2,32
A_remigis,2,Adult,2,33
A_remigis,2,Adult,2,33
A_remigis,2,Adult,2,33
A_remigis,2,Adult,2,33
A_remigis,2,Adult,2,33
A_remigis,2,Adult,2,34
A_remigis,2,Adult,2,35
A_remigis,2,Adult,2,35
A_remigis,2,Adult,2,35
A_remigis,2,Adult,2,36
A_remigis,2,Adult,2,36
A_remigis,2,Adult,2,41
A_remigis,2,Adult,3,31
A_remigis,2,Adult,3,32
A_remigis,2,Adult,3,32
A_remigis,2,Adult,3,32
A_remigis,2,Adult,3,32
A_remigis,2,Adult,3,32
A_remigis,2,Adult,3,32
A_remigis,2,Adult,3,32
A_remigis,2,Adult,3,33
A_remigis,2,Adult,3,33
A_remigis,2,Adult,3,33
A_remigis,2,Adult,3,33
A_remigis,2,Adult,3,33
A_remigis,2,Adult,3,33
A_remigis,2,Adult,3,34
A_remigis,2,Adult,3,34
A_remigis,2,Adult,3,34
A_remigis,2,Adult,3,34
A_remigis,2,Adult,3,34
A_remigis,2,Adult,3,34
A_remigis,2,Adult,3,35
A_remigis,2,Adult,3,36
A_remigis,2,Adult,4,30
A_remigis,2,Adult,4,30
A_remigis,2,Adult,4,31
A_remigis,2,Adult,4,31
A_remigis,2,Adult,4,31
A_remigis,2,Adult,4,31
A_remigis,2,Adult,4,31
A_remigis,2,Adult,4,31
A_remigis,2,Adult,4,32
A_remigis,2,Adult,4,32
A_remigis,2,Adult,4,32
A_remigis,2,Adult,4,32
A_remigis,2,Adult,4,32
A_remigis,2,Adult,4,32
A_remigis,2,Adult,4,33
A_remigis,2,Adult,4,33
A_remigis,2,Adult,4,33
A_remigis,2,Adult,4,33
A_remigis,2,Adult,4,34
A_remigis,2,Adult,4,34
A_remigis,2,Adult,4,35
A_remigis,2,Adult,4,35
A_remigis,2,Adult,4,35
A_remigis,2,Adult,5,31
A_remigis,2,Adult,5,31
A_remigis,2,Adult,5,32
A_remigis,2,Adult,5,32
A_remigis,2,Adult,5,32
A_remigis,2,Adult,5,32
A_remigis,2,Adult,5,32
A_remigis,2,Adult,5,32
A_remigis,2,Adult,5,33
A_remigis,2,Adult,5,33
A_remigis,2,Adult,5,33
A_remigis,2,Adult,5,33
A_remigis,2,Adult,5,33
A_remigis,2,Adult,5,33
A_remigis,2,Adult,5,33
A_remigis,2,Adult,5,34
A_remigis,2,Adult,5,34
A_remigis,2,Adult,5,35
A_remigis,2,Adult,5,35
A_remigis,2,Adult,6,31
A_remigis,2,Adult,6,32
A_remigis,2,Adult,6,32
A_remigis,2,Adult,6,32
A_remigis,2,Adult,6,33
A_remigis,2,Adult,6,33
A_remigis,2,Adult,6,33
A_remigis,2,Adult,6,34
A_remigis,2,Adult,6,34
A_remigis,2,Adult,6,34
A_remigis,2,Adult,6,34
A_remigis,2,Adult,6,34
A_remigis,2,Adult,6,34
A_remigis,2,Adult,6,35
A_remigis,2,Adult,6,35
A_remigis,2,Adult,6,35
A_remigis,2,Adult,6,36
A_remigis,2,Adult,6,36
A_remigis,2,Adult,6,37
A_remigis,2,Adult,7,30
A_remigis,2,Adult,7,31
A_remigis,2,Adult,7,31
A_remigis,2,Adult,7,31
A_remigis,2,Adult,7,31
A_remigis,2,Adult,7,31
A_remigis,2,Adult,7,31
A_remigis,2,Adult,7,32
A_remigis,2,Adult,7,32
A_remigis,2,Adult,7,32
A_remigis,2,Adult,7,32
A_remigis,2,Adult,7,32
A_remigis,2,Adult,7,32
A_remigis,2,Adult,7,32
A_remigis,2,Adult,7,32
A_remigis,2,Adult,7,33
A_remigis,2,Adult,7,33
A_remigis,2,Adult,7,34
A_remigis,2,Adult,7,34
A_remigis,2,Adult,7,34
A_remigis,2,Adult,7,34
A_remigis,2,Adult,7,34
A_remigis,2,Adult,8,32
A_remigis,2,Adult,8,34
A_remigis,2,Adult,8,34
A_remigis,2,Adult,8,35
A_remigis,2,Adult,8,35
A_remigis,2,Adult,8,35
A_remigis,2,Adult,8,35
A_remigis,2,Adult,8,35
A_remigis,2,Adult,8,35
A_remigis,2,Adult,8,36
A_remigis,2,Adult,8,36
A_remigis,2,Adult,8,36
A_remigis,2,Adult,8,37
A_remigis,2,Adult,8,37
A_remigis,2,Adult,8,37
A_remigis,2,Adult,8,37
A_remigis,2,Adult,8,38
A_remigis,2,Adult,8,38
A_remigis,2,Adult,8,40
A_remigis,2,Adult,8,41
A_remigis,3,2,1,5
A_remigis,3,2,1,5
A_remigis,3,2,1,5
A_remigis,3,2,1,6
A_remigis,3,2,1,6
A_remigis,3,2,1,6
A_remigis,3,2,1,6
A_remigis,3,2,1,6
A_remigis,3,2,1,6
A_remigis,3,2,1,6
A_remigis,3,2,1,6
A_remigis,3,2,1,6
A_remigis,3,2,1,6
A_remigis,3,2,1,6
A_remigis,3,2,1,6
A_remigis,3,2,1,6
A_remigis,3,2,1,6
A_remigis,3,2,1,7
A_remigis,3,2,1,7
A_remigis,3,2,1,7
A_remigis,3,2,1,7
A_remigis,3,2,2,6
A_remigis,3,2,2,6
A_remigis,3,2,2,6
A_remigis,3,2,2,6
A_remigis,3,2,2,6
A_remigis,3,2,2,6
A_remigis,3,2,2,6
A_remigis,3,2,2,6
A_remigis,3,2,2,7
A_remigis,3,2,2,7
A_remigis,3,2,2,7
A_remigis,3,2,2,7
A_remigis,3,2,2,7
A_remigis,3,2,2,7
A_remigis,3,2,2,7
A_remigis,3,2,2,7
A_remigis,3,2,2,7
A_remigis,3,2,2,7
A_remigis,3,2,2,8
A_remigis,3,2,2,8
A_remigis,3,2,2,8
A_remigis,3,2,2,9
A_remigis,3,2,3,5
A_remigis,3,2,3,6
A_remigis,3,2,3,6
A_remigis,3,2,3,6
A_remigis,3,2,3,6
A_remigis,3,2,3,6
A_remigis,3,2,3,6
A_remigis,3,2,3,6
A_remigis,3,2,3,6
A_remigis,3,2,3,6
A_remigis,3,2,3,6
A_remigis,3,2,3,6
A_remigis,3,2,3,6
A_remigis,3,2,3,6
A_remigis,3,2,3,6
A_remigis,3,2,3,6
A_remigis,3,2,3,6
A_remigis,3,2,3,6
A_remigis,3,2,3,7
A_remigis,3,2,4,5
A_remigis,3,2,4,5
A_remigis,3,2,4,5
A_remigis,3,2,4,5
A_remigis,3,2,4,5
A_remigis,3,2,4,5
A_remigis,3,2,4,5
A_remigis,3,2,4,5
A_remigis,3,2,4,6
A_remigis,3,2,4,6
A_remigis,3,2,4,6
A_remigis,3,2,4,6
A_remigis,3,2,4,6
A_remigis,3,2,4,6
A_remigis,3,2,4,6
A_remigis,3,2,4,6
A_remigis,3,2,4,6
A_remigis,3,2,4,6
A_remigis,3,2,4,7
A_remigis,3,2,4,7
A_remigis,3,2,4,7
A_remigis,3,2,5,5
A_remigis,3,2,5,5
A_remigis,3,2,5,5
A_remigis,3,2,5,6
A_remigis,3,2,5,6
A_remigis,3,2,5,6
A_remigis,3,2,5,6
A_remigis,3,2,5,6
A_remigis,3,2,5,6
A_remigis,3,2,5,6
A_remigis,3,2,5,6
A_remigis,3,2,5,6
A_remigis,3,2,5,6
A_remigis,3,2,5,6
A_remigis,3,2,5,6
A_remigis,3,2,5,6
A_remigis,3,2,5,7
A_remigis,3,2,5,7
A_remigis,3,2,5,7
A_remigis,3,2,5,7
A_remigis,3,2,6,5
A_remigis,3,2,6,5
A_remigis,3,2,6,5
A_remigis,3,2,6,5
A_remigis,3,2,6,5
A_remigis,3,2,6,5
A_remigis,3,2,6,5
A_remigis,3,2,6,6
A_remigis,3,2,6,6
A_remigis,3,2,6,6
A_remigis,3,2,6,6
A_remigis,3,2,6,6
A_remigis,3,2,6,6
A_remigis,3,2,6,6
A_remigis,3,2,6,6
A_remigis,3,2,6,6
A_remigis,3,2,6,6
A_remigis,3,2,6,6
A_remigis,3,2,7,5
A_remigis,3,2,7,5
A_remigis,3,2,7,6
A_remigis,3,2,7,6
A_remigis,3,2,7,6
A_remigis,3,2,7,6
A_remigis,3,2,7,6
A_remigis,3,2,7,6
A_remigis,3,2,7,6
A_remigis,3,2,7,6
A_remigis,3,2,7,6
A_remigis,3,2,7,6
A_remigis,3,2,7,6
A_remigis,3,2,7,6
A_remigis,3,2,7,6
A_remigis,3,2,7,6
A_remigis,3,2,7,7
A_remigis,3,2,7,7
A_remigis,3,2,7,7
A_remigis,3,2,8,6
A_remigis,3,2,8,6
A_remigis,3,2,8,7
A_remigis,3,2,8,7
A_remigis,3,2,8,7
A_remigis,3,2,8,7
A_remigis,3,2,8,7
A_remigis,3,2,8,7
A_remigis,3,2,8,7
A_remigis,3,2,8,7
A_remigis,3,2,8,7
A_remigis,3,2,8,7
A_remigis,3,2,8,7
A_remigis,3,2,8,7
A_remigis,3,2,8,7
A_remigis,3,2,8,7
A_remigis,3,2,8,7
A_remigis,3,2,8,7
A_remigis,3,2,8,8
A_remigis,3,2,8,8
A_remigis,3,2,8,8
A_remigis,3,2,8,9
A_remigis,3,3,1,9
A_remigis,3,3,1,10
A_remigis,3,3,1,10
A_remigis,3,3,1,10
A_remigis,3,3,1,10
A_remigis,3,3,1,10
A_remigis,3,3,1,10
A_remigis,3,3,1,10
A_remigis,3,3,1,10
A_remigis,3,3,1,10
A_remigis,3,3,1,10
A_remigis,3,3,1,10
A_remigis,3,3,1,10
A_remigis,3,3,1,10
A_remigis,3,3,1,10
A_remigis,3,3,1,10
A_remigis,3,3,1,10
A_remigis,3,3,1,11
A_remigis,3,3,1,11
A_remigis,3,3,1,11
A_remigis,3,3,1,11
A_remigis,3,3,2,10
A_remigis,3,3,2,11
A_remigis,3,3,2,11
A_remigis,3,3,2,11
A_remigis,3,3,2,11
A_remigis,3,3,2,11
A_remigis,3,3,2,11
A_remigis,3,3,2,11
A_remigis,3,3,2,11
A_remigis,3,3,2,11
A_remigis,3,3,2,11
A_remigis,3,3,2,11
A_remigis,3,3,2,11
A_remigis,3,3,2,11
A_remigis,3,3,2,12
A_remigis,3,3,2,12
A_remigis,3,3,2,12
A_remigis,3,3,2,12
A_remigis,3,3,2,12
A_remigis,3,3,2,13
A_remigis,3,3,2,15
A_remigis,3,3,3,10
A_remigis,3,3,3,10
A_remigis,3,3,3,10
A_remigis,3,3,3,10
A_remigis,3,3,3,11
A_remigis,3,3,3,11
A_remigis,3,3,3,11
A_remigis,3,3,3,11
A_remigis,3,3,3,11
A_remigis,3,3,3,11
A_remigis,3,3,3,11
A_remigis,3,3,3,11
A_remigis,3,3,3,11
A_remigis,3,3,3,11
A_remigis,3,3,3,11
A_remigis,3,3,3,11
A_remigis,3,3,3,11
A_remigis,3,3,3,12
A_remigis,3,3,3,12
A_remigis,3,3,4,9
A_remigis,3,3,4,10
A_remigis,3,3,4,10
A_remigis,3,3,4,10
A_remigis,3,3,4,10
A_remigis,3,3,4,10
A_remigis,3,3,4,10
A_remigis,3,3,4,10
A_remigis,3,3,4,10
A_remigis,3,3,4,10
A_remigis,3,3,4,10
A_remigis,3,3,4,10
A_remigis,3,3,4,10
A_remigis,3,3,4,10
A_remigis,3,3,4,11
A_remigis,3,3,4,11
A_remigis,3,3,4,11
A_remigis,3,3,4,11
A_remigis,3,3,4,11
A_remigis,3,3,4,11
A_remigis,3,3,4,12
A_remigis,3,3,5,10
A_remigis,3,3,5,10
A_remigis,3,3,5,10
A_remigis,3,3,5,10
A_remigis,3,3,5,10
A_remigis,3,3,5,10
A_remigis,3,3,5,10
A_remigis,3,3,5,10
A_remigis,3,3,5,10
A_remigis,3,3,5,10
A_remigis,3,3,5,11
A_remigis,3,3,5,11
A_remigis,3,3,5,11
A_remigis,3,3,5,11
A_remigis,3,3,5,11
A_remigis,3,3,5,11
A_remigis,3,3,5,11
A_remigis,3,3,5,11
A_remigis,3,3,5,11
A_remigis,3,3,5,12
A_remigis,3,3,6,9
A_remigis,3,3,6,9
A_remigis,3,3,6,9
A_remigis,3,3,6,10
A_remigis,3,3,6,10
A_remigis,3,3,6,10
A_remigis,3,3,6,10
A_remigis,3,3,6,10
A_remigis,3,3,6,10
A_remigis,3,3,6,10
A_remigis,3,3,6,10
A_remigis,3,3,6,11
A_remigis,3,3,6,11
A_remigis,3,3,6,11
A_remigis,3,3,6,11
A_remigis,3,3,6,11
A_remigis,3,3,6,11
A_remigis,3,3,6,11
A_remigis,3,3,6,12
A_remigis,3,3,6,12
A_remigis,3,3,7,9
A_remigis,3,3,7,9
A_remigis,3,3,7,10
A_remigis,3,3,7,10
A_remigis,3,3,7,10
A_remigis,3,3,7,10
A_remigis,3,3,7,10
A_remigis,3,3,7,10
A_remigis,3,3,7,10
A_remigis,3,3,7,10
A_remigis,3,3,7,10
A_remigis,3,3,7,10
A_remigis,3,3,7,11
A_remigis,3,3,7,11
A_remigis,3,3,7,11
A_remigis,3,3,7,11
A_remigis,3,3,7,11
A_remigis,3,3,7,11
A_remigis,3,3,8,11
A_remigis,3,3,8,11
A_remigis,3,3,8,11
A_remigis,3,3,8,11
A_remigis,3,3,8,11
A_remigis,3,3,8,11
A_remigis,3,3,8,11
A_remigis,3,3,8,11
A_remigis,3,3,8,12
A_remigis,3,3,8,12
A_remigis,3,3,8,12
A_remigis,3,3,8,12
A_remigis,3,3,8,12
A_remigis,3,3,8,12
A_remigis,3,3,8,12
A_remigis,3,3,8,12
A_remigis,3,3,8,12
A_remigis,3,3,8,13
A_remigis,3,3,8,13
A_remigis,3,3,8,13
A_remigis,3,3,8,15
A_remigis,3,4,1,14
A_remigis,3,4,1,15
A_remigis,3,4,1,16
A_remigis,3,4,1,16
A_remigis,3,4,1,16
A_remigis,3,4,1,16
A_remigis,3,4,1,16
A_remigis,3,4,1,16
A_remigis,3,4,1,16
A_remigis,3,4,1,16
A_remigis,3,4,1,16
A_remigis,3,4,1,16
A_remigis,3,4,1,16
A_remigis,3,4,1,17
A_remigis,3,4,1,17
A_remigis,3,4,1,17
A_remigis,3,4,1,17
A_remigis,3,4,1,17
A_remigis,3,4,1,17
A_remigis,3,4,1,17
A_remigis,3,4,2,15
A_remigis,3,4,2,16
A_remigis,3,4,2,16
A_remigis,3,4,2,16
A_remigis,3,4,2,16
A_remigis,3,4,2,16
A_remigis,3,4,2,16
A_remigis,3,4,2,16
A_remigis,3,4,2,16
A_remigis,3,4,2,17
A_remigis,3,4,2,17
A_remigis,3,4,2,17
A_remigis,3,4,2,17
A_remigis,3,4,2,17
A_remigis,3,4,2,17
A_remigis,3,4,2,17
A_remigis,3,4,2,18
A_remigis,3,4,2,19
A_remigis,3,4,2,21
A_remigis,3,4,3,15
A_remigis,3,4,3,16
A_remigis,3,4,3,16
A_remigis,3,4,3,16
A_remigis,3,4,3,16
A_remigis,3,4,3,16
A_remigis,3,4,3,16
A_remigis,3,4,3,16
A_remigis,3,4,3,16
A_remigis,3,4,3,16
A_remigis,3,4,3,17
A_remigis,3,4,3,17
A_remigis,3,4,3,17
A_remigis,3,4,3,17
A_remigis,3,4,3,17
A_remigis,3,4,3,17
A_remigis,3,4,3,17
A_remigis,3,4,3,18
A_remigis,3,4,4,15
A_remigis,3,4,4,15
A_remigis,3,4,4,15
A_remigis,3,4,4,15
A_remigis,3,4,4,15
A_remigis,3,4,4,15
A_remigis,3,4,4,16
A_remigis,3,4,4,16
A_remigis,3,4,4,16
A_remigis,3,4,4,16
A_remigis,3,4,4,16
A_remigis,3,4,4,16
A_remigis,3,4,4,16
A_remigis,3,4,4,16
A_remigis,3,4,4,16
A_remigis,3,4,4,16
A_remigis,3,4,4,16
A_remigis,3,4,4,16
A_remigis,3,4,4,17
A_remigis,3,4,4,17
A_remigis,3,4,5,15
A_remigis,3,4,5,15
A_remigis,3,4,5,15
A_remigis,3,4,5,15
A_remigis,3,4,5,15
A_remigis,3,4,5,15
A_remigis,3,4,5,16
A_remigis,3,4,5,16
A_remigis,3,4,5,16
A_remigis,3,4,5,16
A_remigis,3,4,5,16
A_remigis,3,4,5,16
A_remigis,3,4,5,16
A_remigis,3,4,5,16
A_remigis,3,4,5,16
A_remigis,3,4,5,16
A_remigis,3,4,5,16
A_remigis,3,4,5,17
A_remigis,3,4,5,18
A_remigis,3,4,5,18
A_remigis,3,4,6,14
A_remigis,3,4,6,14
A_remigis,3,4,6,15
A_remigis,3,4,6,15
A_remigis,3,4,6,15
A_remigis,3,4,6,15
A_remigis,3,4,6,16
A_remigis,3,4,6,16
A_remigis,3,4,6,16
A_remigis,3,4,6,16
A_remigis,3,4,6,16
A_remigis,3,4,6,16
A_remigis,3,4,6,16
A_remigis,3,4,6,16
A_remigis,3,4,6,16
A_remigis,3,4,6,16
A_remigis,3,4,6,16
A_remigis,3,4,6,17
A_remigis,3,4,6,17
A_remigis,3,4,6,18
A_remigis,3,4,7,14
A_remigis,3,4,7,14
A_remigis,3,4,7,15
A_remigis,3,4,7,15
A_remigis,3,4,7,15
A_remigis,3,4,7,15
A_remigis,3,4,7,15
A_remigis,3,4,7,15
A_remigis,3,4,7,15
A_remigis,3,4,7,15
A_remigis,3,4,7,15
A_remigis,3,4,7,15
A_remigis,3,4,7,16
A_remigis,3,4,7,16
A_remigis,3,4,7,16
A_remigis,3,4,7,16
A_remigis,3,4,7,16
A_remigis,3,4,7,17
A_remigis,3,4,8,16
A_remigis,3,4,8,16
A_remigis,3,4,8,17
A_remigis,3,4,8,17
A_remigis,3,4,8,17
A_remigis,3,4,8,17
A_remigis,3,4,8,17
A_remigis,3,4,8,17
A_remigis,3,4,8,17
A_remigis,3,4,8,17
A_remigis,3,4,8,17
A_remigis,3,4,8,17
A_remigis,3,4,8,18
A_remigis,3,4,8,18
A_remigis,3,4,8,18
A_remigis,3,4,8,18
A_remigis,3,4,8,18
A_remigis,3,4,8,18
A_remigis,3,4,8,18
A_remigis,3,4,8,19
A_remigis,3,5,1,21
A_remigis,3,5,1,22
A_remigis,3,5,1,22
A_remigis,3,5,1,23
A_remigis,3,5,1,23
A_remigis,3,5,1,23
A_remigis,3,5,1,23
A_remigis,3,5,1,23
A_remigis,3,5,1,23
A_remigis,3,5,1,23
A_remigis,3,5,1,23
A_remigis,3,5,1,23
A_remigis,3,5,1,23
A_remigis,3,5,1,24
A_remigis,3,5,1,24
A_remigis,3,5,1,24
A_remigis,3,5,1,24
A_remigis,3,5,1,24
A_remigis,3,5,1,24
A_remigis,3,5,1,29
A_remigis,3,5,2,22
A_remigis,3,5,2,23
A_remigis,3,5,2,23
A_remigis,3,5,2,23
A_remigis,3,5,2,23
A_remigis,3,5,2,23
A_remigis,3,5,2,23
A_remigis,3,5,2,23
A_remigis,3,5,2,23
A_remigis,3,5,2,23
A_remigis,3,5,2,23
A_remigis,3,5,2,23
A_remigis,3,5,2,24
A_remigis,3,5,2,24
A_remigis,3,5,2,24
A_remigis,3,5,2,24
A_remigis,3,5,2,25
A_remigis,3,5,2,26
A_remigis,3,5,2,30
A_remigis,3,5,3,21
A_remigis,3,5,3,22
A_remigis,3,5,3,22
A_remigis,3,5,3,22
A_remigis,3,5,3,22
A_remigis,3,5,3,23
A_remigis,3,5,3,23
A_remigis,3,5,3,23
A_remigis,3,5,3,23
A_remigis,3,5,3,23
A_remigis,3,5,3,23
A_remigis,3,5,3,23
A_remigis,3,5,3,23
A_remigis,3,5,3,23
A_remigis,3,5,3,23
A_remigis,3,5,3,24
A_remigis,3,5,3,24
A_remigis,3,5,3,24
A_remigis,3,5,4,22
A_remigis,3,5,4,22
A_remigis,3,5,4,22
A_remigis,3,5,4,22
A_remigis,3,5,4,22
A_remigis,3,5,4,23
A_remigis,3,5,4,23
A_remigis,3,5,4,23
A_remigis,3,5,4,23
A_remigis,3,5,4,23
A_remigis,3,5,4,23
A_remigis,3,5,4,23
A_remigis,3,5,4,23
A_remigis,3,5,4,23
A_remigis,3,5,4,24
A_remigis,3,5,4,24
A_remigis,3,5,4,24
A_remigis,3,5,4,24
A_remigis,3,5,4,25
A_remigis,3,5,4,25
A_remigis,3,5,5,21
A_remigis,3,5,5,22
A_remigis,3,5,5,22
A_remigis,3,5,5,22
A_remigis,3,5,5,22
A_remigis,3,5,5,23
A_remigis,3,5,5,23
A_remigis,3,5,5,23
A_remigis,3,5,5,23
A_remigis,3,5,5,23
A_remigis,3,5,5,23
A_remigis,3,5,5,23
A_remigis,3,5,5,24
A_remigis,3,5,5,24
A_remigis,3,5,5,24
A_remigis,3,5,5,25
A_remigis,3,5,6,21
A_remigis,3,5,6,21
A_remigis,3,5,6,21
A_remigis,3,5,6,21
A_remigis,3,5,6,22
A_remigis,3,5,6,22
A_remigis,3,5,6,22
A_remigis,3,5,6,22
A_remigis,3,5,6,22
A_remigis,3,5,6,23
A_remigis,3,5,6,23
A_remigis,3,5,6,23
A_remigis,3,5,6,23
A_remigis,3,5,6,23
A_remigis,3,5,6,23
A_remigis,3,5,6,23
A_remigis,3,5,6,23
A_remigis,3,5,6,24
A_remigis,3,5,6,24
A_remigis,3,5,7,21
A_remigis,3,5,7,21
A_remigis,3,5,7,21
A_remigis,3,5,7,21
A_remigis,3,5,7,21
A_remigis,3,5,7,21
A_remigis,3,5,7,22
A_remigis,3,5,7,22
A_remigis,3,5,7,22
A_remigis,3,5,7,22
A_remigis,3,5,7,22
A_remigis,3,5,7,22
A_remigis,3,5,7,23
A_remigis,3,5,7,23
A_remigis,3,5,7,23
A_remigis,3,5,7,23
A_remigis,3,5,7,23
A_remigis,3,5,7,25
A_remigis,3,5,8,23
A_remigis,3,5,8,23
A_remigis,3,5,8,24
A_remigis,3,5,8,24
A_remigis,3,5,8,24
A_remigis,3,5,8,24
A_remigis,3,5,8,24
A_remigis,3,5,8,24
A_remigis,3,5,8,24
A_remigis,3,5,8,24
A_remigis,3,5,8,24
A_remigis,3,5,8,24
A_remigis,3,5,8,25
A_remigis,3,5,8,25
A_remigis,3,5,8,25
A_remigis,3,5,8,25
A_remigis,3,5,8,25
A_remigis,3,5,8,26
A_remigis,3,Adult,1,33
A_remigis,3,Adult,1,34
A_remigis,3,Adult,1,35
A_remigis,3,Adult,1,35
A_remigis,3,Adult,1,35
A_remigis,3,Adult,1,35
A_remigis,3,Adult,1,35
A_remigis,3,Adult,1,35
A_remigis,3,Adult,1,36
A_remigis,3,Adult,1,36
A_remigis,3,Adult,1,37
A_remigis,3,Adult,1,37
A_remigis,3,Adult,1,37
A_remigis,3,Adult,1,37
A_remigis,3,Adult,1,37
A_remigis,3,Adult,1,37
A_remigis,3,Adult,1,37
A_remigis,3,Adult,1,37
A_remigis,3,Adult,1,37
A_remigis,3,Adult,1,44
A_remigis,3,Adult,2,34
A_remigis,3,Adult,2,35
A_remigis,3,Adult,2,35
A_remigis,3,Adult,2,35
A_remigis,3,Adult,2,35
A_remigis,3,Adult,2,35
A_remigis,3,Adult,2,35
A_remigis,3,Adult,2,36
A_remigis,3,Adult,2,36
A_remigis,3,Adult,2,36
A_remigis,3,Adult,2,36
A_remigis,3,Adult,2,36
A_remigis,3,Adult,2,37
A_remigis,3,Adult,2,37
A_remigis,3,Adult,2,37
A_remigis,3,Adult,2,39
A_remigis,3,Adult,2,39
A_remigis,3,Adult,2,42
A_remigis,3,Adult,3,34
A_remigis,3,Adult,3,35
A_remigis,3,Adult,3,35
A_remigis,3,Adult,3,35
A_remigis,3,Adult,3,35
A_remigis,3,Adult,3,35
A_remigis,3,Adult,3,35
A_remigis,3,Adult,3,36
A_remigis,3,Adult,3,36
A_remigis,3,Adult,3,36
A_remigis,3,Adult,3,36
A_remigis,3,Adult,3,36
A_remigis,3,Adult,3,36
A_remigis,3,Adult,3,36
A_remigis,3,Adult,3,37
A_remigis,3,Adult,3,37
A_remigis,3,Adult,3,37
A_remigis,3,Adult,3,38
A_remigis,3,Adult,4,33
A_remigis,3,Adult,4,34
A_remigis,3,Adult,4,34
A_remigis,3,Adult,4,35
A_remigis,3,Adult,4,35
A_remigis,3,Adult,4,35
A_remigis,3,Adult,4,35
A_remigis,3,Adult,4,35
A_remigis,3,Adult,4,35
A_remigis,3,Adult,4,36
A_remigis,3,Adult,4,36
A_remigis,3,Adult,4,36
A_remigis,3,Adult,4,36
A_remigis,3,Adult,4,36
A_remigis,3,Adult,4,37
A_remigis,3,Adult,4,37
A_remigis,3,Adult,4,37
A_remigis,3,Adult,4,37
A_remigis,3,Adult,5,34
A_remigis,3,Adult,5,34
A_remigis,3,Adult,5,35
A_remigis,3,Adult,5,35
A_remigis,3,Adult,5,35
A_remigis,3,Adult,5,35
A_remigis,3,Adult,5,36
A_remigis,3,Adult,5,36
A_remigis,3,Adult,5,37
A_remigis,3,Adult,5,37
A_remigis,3,Adult,5,37
A_remigis,3,Adult,5,37
A_remigis,3,Adult,5,38
A_remigis,3,Adult,5,38
A_remigis,3,Adult,6,32
A_remigis,3,Adult,6,34
A_remigis,3,Adult,6,34
A_remigis,3,Adult,6,34
A_remigis,3,Adult,6,35
A_remigis,3,Adult,6,36
A_remigis,3,Adult,6,36
A_remigis,3,Adult,6,36
A_remigis,3,Adult,6,36
A_remigis,3,Adult,6,36
A_remigis,3,Adult,6,36
A_remigis,3,Adult,6,36
A_remigis,3,Adult,6,36
A_remigis,3,Adult,6,36
A_remigis,3,Adult,6,37
A_remigis,3,Adult,6,37
A_remigis,3,Adult,6,37
A_remigis,3,Adult,6,41
A_remigis,3,Adult,7,33
A_remigis,3,Adult,7,33
A_remigis,3,Adult,7,33
A_remigis,3,Adult,7,34
A_remigis,3,Adult,7,34
A_remigis,3,Adult,7,34
A_remigis,3,Adult,7,34
A_remigis,3,Adult,7,35
A_remigis,3,Adult,7,35
A_remigis,3,Adult,7,36
A_remigis,3,Adult,7,36
A_remigis,3,Adult,7,36
A_remigis,3,Adult,7,36
A_remigis,3,Adult,7,36
A_remigis,3,Adult,7,37
A_remigis,3,Adult,7,37
A_remigis,3,Adult,8,35
A_remigis,3,Adult,8,36
A_remigis,3,Adult,8,36
A_remigis,3,Adult,8,37
A_remigis,3,Adult,8,37
A_remigis,3,Adult,8,37
A_remigis,3,Adult,8,37
A_remigis,3,Adult,8,37
A_remigis,3,Adult,8,37
A_remigis,3,Adult,8,37
A_remigis,3,Adult,8,38
A_remigis,3,Adult,8,38
A_remigis,3,Adult,8,38
A_remigis,3,Adult,8,39
A_remigis,3,Adult,8,39
A_remigis,3,Adult,8,41
A_remigis,4,2,1,5
A_remigis,4,2,1,6
A_remigis,4,2,1,6
A_remigis,4,2,1,6
A_remigis,4,2,1,6
A_remigis,4,2,1,6
A_remigis,4,2,1,6
A_remigis,4,2,1,6
A_remigis,4,2,1,6
A_remigis,4,2,1,6
A_remigis,4,2,1,7
A_remigis,4,2,1,7
A_remigis,4,2,1,7
A_remigis,4,2,1,7
A_remigis,4,2,1,7
A_remigis,4,2,1,7
A_remigis,4,2,1,7
A_remigis,4,2,1,7
A_remigis,4,2,1,8
A_remigis,4,2,2,5
A_remigis,4,2,2,6
A_remigis,4,2,2,6
A_remigis,4,2,2,6
A_remigis,4,2,2,6
A_remigis,4,2,2,6
A_remigis,4,2,2,6
A_remigis,4,2,2,6
A_remigis,4,2,2,6
A_remigis,4,2,2,7
A_remigis,4,2,2,7
A_remigis,4,2,2,7
A_remigis,4,2,2,7
A_remigis,4,2,2,7
A_remigis,4,2,2,7
A_remigis,4,2,2,7
A_remigis,4,2,2,7
A_remigis,4,2,2,7
A_remigis,4,2,2,8
A_remigis,4,2,2,9
A_remigis,4,2,3,5
A_remigis,4,2,3,5
A_remigis,4,2,3,5
A_remigis,4,2,3,5
A_remigis,4,2,3,5
A_remigis,4,2,3,5
A_remigis,4,2,3,5
A_remigis,4,2,3,5
A_remigis,4,2,3,9
A_remigis,4,2,3,9
A_remigis,4,2,3,9
A_remigis,4,2,3,9
A_remigis,4,2,3,9
A_remigis,4,2,3,9
A_remigis,4,2,3,9
A_remigis,4,2,3,9
A_remigis,4,2,3,9
A_remigis,4,2,3,9
A_remigis,4,2,3,9
A_remigis,4,2,4,4
A_remigis,4,2,4,6
A_remigis,4,2,4,6
A_remigis,4,2,4,6
A_remigis,4,2,4,6
A_remigis,4,2,4,6
A_remigis,4,2,4,6
A_remigis,4,2,4,6
A_remigis,4,2,4,6
A_remigis,4,2,4,6
A_remigis,4,2,4,6
A_remigis,4,2,4,6
A_remigis,4,2,4,6
A_remigis,4,2,4,6
A_remigis,4,2,4,6
A_remigis,4,2,4,6
A_remigis,4,2,4,6
A_remigis,4,2,4,6
A_remigis,4,2,4,6
A_remigis,4,2,4,6
A_remigis,4,2,4,7
A_remigis,4,2,5,5
A_remigis,4,2,5,6
A_remigis,4,2,5,6
A_remigis,4,2,5,6
A_remigis,4,2,5,6
A_remigis,4,2,5,6
A_remigis,4,2,5,6
A_remigis,4,2,5,6
A_remigis,4,2,5,6
A_remigis,4,2,5,6
A_remigis,4,2,5,6
A_remigis,4,2,5,7
A_remigis,4,2,5,7
A_remigis,4,2,5,7
A_remigis,4,2,5,7
A_remigis,4,2,5,8
A_remigis,4,2,6,5
A_remigis,4,2,6,5
A_remigis,4,2,6,5
A_remigis,4,2,6,5
A_remigis,4,2,6,5
A_remigis,4,2,6,5
A_remigis,4,2,6,5
A_remigis,4,2,6,6
A_remigis,4,2,6,6
A_remigis,4,2,6,6
A_remigis,4,2,6,6
A_remigis,4,2,6,6
A_remigis,4,2,6,6
A_remigis,4,2,6,7
A_remigis,4,2,6,7
A_remigis,4,2,6,7
A_remigis,4,2,6,7
A_remigis,4,2,6,7
A_remigis,4,2,6,7
A_remigis,4,2,6,7
A_remigis,4,2,7,5
A_remigis,4,2,7,6
A_remigis,4,2,7,6
A_remigis,4,2,7,6
A_remigis,4,2,7,6
A_remigis,4,2,7,6
A_remigis,4,2,7,6
A_remigis,4,2,7,6
A_remigis,4,2,7,7
A_remigis,4,2,7,7
A_remigis,4,2,7,7
A_remigis,4,2,7,7
A_remigis,4,2,7,7
A_remigis,4,2,7,7
A_remigis,4,2,7,7
A_remigis,4,2,7,8
A_remigis,4,2,8,6
A_remigis,4,2,8,6
A_remigis,4,2,8,6
A_remigis,4,2,8,7
A_remigis,4,2,8,7
A_remigis,4,2,8,7
A_remigis,4,2,8,7
A_remigis,4,2,8,7
A_remigis,4,2,8,7
A_remigis,4,2,8,7
A_remigis,4,2,8,7
A_remigis,4,2,8,7
A_remigis,4,2,8,7
A_remigis,4,2,8,7
A_remigis,4,2,8,8
A_remigis,4,2,8,8
A_remigis,4,2,8,8
A_remigis,4,3,1,9
A_remigis,4,3,1,10
A_remigis,4,3,1,10
A_remigis,4,3,1,10
A_remigis,4,3,1,10
A_remigis,4,3,1,11
A_remigis,4,3,1,11
A_remigis,4,3,1,11
A_remigis,4,3,1,11
A_remigis,4,3,1,11
A_remigis,4,3,1,11
A_remigis,4,3,1,11
A_remigis,4,3,1,11
A_remigis,4,3,1,11
A_remigis,4,3,1,11
A_remigis,4,3,1,11
A_remigis,4,3,1,11
A_remigis,4,3,1,11
A_remigis,4,3,1,13
A_remigis,4,3,2,10
A_remigis,4,3,2,10
A_remigis,4,3,2,10
A_remigis,4,3,2,10
A_remigis,4,3,2,11
A_remigis,4,3,2,11
A_remigis,4,3,2,11
A_remigis,4,3,2,11
A_remigis,4,3,2,11
A_remigis,4,3,2,11
A_remigis,4,3,2,11
A_remigis,4,3,2,11
A_remigis,4,3,2,11
A_remigis,4,3,2,11
A_remigis,4,3,2,12
A_remigis,4,3,2,12
A_remigis,4,3,2,12
A_remigis,4,3,2,12
A_remigis,4,3,2,12
A_remigis,4,3,2,15
A_remigis,4,3,3,9
A_remigis,4,3,3,9
A_remigis,4,3,3,10
A_remigis,4,3,3,10
A_remigis,4,3,3,10
A_remigis,4,3,3,10
A_remigis,4,3,3,10
A_remigis,4,3,3,10
A_remigis,4,3,3,11
A_remigis,4,3,3,11
A_remigis,4,3,3,11
A_remigis,4,3,3,11
A_remigis,4,3,3,11
A_remigis,4,3,3,11
A_remigis,4,3,3,11
A_remigis,4,3,3,11
A_remigis,4,3,3,11
A_remigis,4,3,3,12
A_remigis,4,3,4,9
A_remigis,4,3,4,10
A_remigis,4,3,4,10
A_remigis,4,3,4,10
A_remigis,4,3,4,11
A_remigis,4,3,4,11
A_remigis,4,3,4,11
A_remigis,4,3,4,11
A_remigis,4,3,4,11
A_remigis,4,3,4,11
A_remigis,4,3,4,11
A_remigis,4,3,4,11
A_remigis,4,3,4,11
A_remigis,4,3,4,11
A_remigis,4,3,4,11
A_remigis,4,3,4,11
A_remigis,4,3,4,11
A_remigis,4,3,4,11
A_remigis,4,3,4,11
A_remigis,4,3,4,11
A_remigis,4,3,4,12
A_remigis,4,3,5,10
A_remigis,4,3,5,10
A_remigis,4,3,5,11
A_remigis,4,3,5,11
A_remigis,4,3,5,11
A_remigis,4,3,5,11
A_remigis,4,3,5,11
A_remigis,4,3,5,12
A_remigis,4,3,5,12
A_remigis,4,3,5,12
A_remigis,4,3,5,12
A_remigis,4,3,5,12
A_remigis,4,3,5,12
A_remigis,4,3,5,12
A_remigis,4,3,5,12
A_remigis,4,3,5,14
A_remigis,4,3,6,9
A_remigis,4,3,6,11
A_remigis,4,3,6,11
A_remigis,4,3,6,11
A_remigis,4,3,6,11
A_remigis,4,3,6,11
A_remigis,4,3,6,11
A_remigis,4,3,6,11
A_remigis,4,3,6,11
A_remigis,4,3,6,11
A_remigis,4,3,6,11
A_remigis,4,3,6,11
A_remigis,4,3,6,11
A_remigis,4,3,6,12
A_remigis,4,3,6,12
A_remigis,4,3,6,12
A_remigis,4,3,6,12
A_remigis,4,3,6,12
A_remigis,4,3,6,12
A_remigis,4,3,6,12
A_remigis,4,3,7,10
A_remigis,4,3,7,10
A_remigis,4,3,7,10
A_remigis,4,3,7,11
A_remigis,4,3,7,11
A_remigis,4,3,7,11
A_remigis,4,3,7,11
A_remigis,4,3,7,11
A_remigis,4,3,7,11
A_remigis,4,3,7,12
A_remigis,4,3,7,12
A_remigis,4,3,7,12
A_remigis,4,3,7,12
A_remigis,4,3,7,12
A_remigis,4,3,8,11
A_remigis,4,3,8,11
A_remigis,4,3,8,11
A_remigis,4,3,8,12
A_remigis,4,3,8,12
A_remigis,4,3,8,12
A_remigis,4,3,8,12
A_remigis,4,3,8,12
A_remigis,4,3,8,12
A_remigis,4,3,8,12
A_remigis,4,3,8,12
A_remigis,4,3,8,12
A_remigis,4,3,8,12
A_remigis,4,3,8,13
A_remigis,4,3,8,13
A_remigis,4,3,8,13
A_remigis,4,3,8,14
A_remigis,4,4,1,14
A_remigis,4,4,1,14
A_remigis,4,4,1,15
A_remigis,4,4,1,15
A_remigis,4,4,1,16
A_remigis,4,4,1,16
A_remigis,4,4,1,16
A_remigis,4,4,1,16
A_remigis,4,4,1,16
A_remigis,4,4,1,16
A_remigis,4,4,1,16
A_remigis,4,4,1,16
A_remigis,4,4,1,16
A_remigis,4,4,1,16
A_remigis,4,4,1,16
A_remigis,4,4,1,16
A_remigis,4,4,1,17
A_remigis,4,4,1,18
A_remigis,4,4,2,14
A_remigis,4,4,2,15
A_remigis,4,4,2,15
A_remigis,4,4,2,15
A_remigis,4,4,2,16
A_remigis,4,4,2,16
A_remigis,4,4,2,16
A_remigis,4,4,2,16
A_remigis,4,4,2,16
A_remigis,4,4,2,16
A_remigis,4,4,2,16
A_remigis,4,4,2,16
A_remigis,4,4,2,16
A_remigis,4,4,2,17
A_remigis,4,4,2,17
A_remigis,4,4,2,17
A_remigis,4,4,2,17
A_remigis,4,4,2,18
A_remigis,4,4,2,20
A_remigis,4,4,3,14
A_remigis,4,4,3,15
A_remigis,4,4,3,15
A_remigis,4,4,3,15
A_remigis,4,4,3,15
A_remigis,4,4,3,16
A_remigis,4,4,3,16
A_remigis,4,4,3,16
A_remigis,4,4,3,16
A_remigis,4,4,3,16
A_remigis,4,4,3,16
A_remigis,4,4,3,16
A_remigis,4,4,3,16
A_remigis,4,4,3,17
A_remigis,4,4,3,17
A_remigis,4,4,3,17
A_remigis,4,4,4,13
A_remigis,4,4,4,15
A_remigis,4,4,4,15
A_remigis,4,4,4,16
A_remigis,4,4,4,16
A_remigis,4,4,4,16
A_remigis,4,4,4,16
A_remigis,4,4,4,16
A_remigis,4,4,4,16
A_remigis,4,4,4,16
A_remigis,4,4,4,16
A_remigis,4,4,4,16
A_remigis,4,4,4,16
A_remigis,4,4,4,16
A_remigis,4,4,4,17
A_remigis,4,4,4,17
A_remigis,4,4,4,17
A_remigis,4,4,4,17
A_remigis,4,4,4,17
A_remigis,4,4,4,17
A_remigis,4,4,5,15
A_remigis,4,4,5,16
A_remigis,4,4,5,16
A_remigis,4,4,5,16
A_remigis,4,4,5,16
A_remigis,4,4,5,16
A_remigis,4,4,5,17
A_remigis,4,4,5,17
A_remigis,4,4,5,17
A_remigis,4,4,5,17
A_remigis,4,4,5,17
A_remigis,4,4,5,17
A_remigis,4,4,5,17
A_remigis,4,4,5,18
A_remigis,4,4,5,18
A_remigis,4,4,5,16
A_remigis,4,4,6,15
A_remigis,4,4,6,16
A_remigis,4,4,6,16
A_remigis,4,4,6,16
A_remigis,4,4,6,16
A_remigis,4,4,6,16
A_remigis,4,4,6,16
A_remigis,4,4,6,16
A_remigis,4,4,6,16
A_remigis,4,4,6,16
A_remigis,4,4,6,17
A_remigis,4,4,6,17
A_remigis,4,4,6,17
A_remigis,4,4,6,17
A_remigis,4,4,6,17
A_remigis,4,4,6,17
A_remigis,4,4,6,18
A_remigis,4,4,6,18
A_remigis,4,4,6,18
A_remigis,4,4,7,14
A_remigis,4,4,7,15
A_remigis,4,4,7,15
A_remigis,4,4,7,15
A_remigis,4,4,7,16
A_remigis,4,4,7,16
A_remigis,4,4,7,16
A_remigis,4,4,7,16
A_remigis,4,4,7,16
A_remigis,4,4,7,17
A_remigis,4,4,7,17
A_remigis,4,4,7,17
A_remigis,4,4,7,18
A_remigis,4,4,8,16
A_remigis,4,4,8,17
A_remigis,4,4,8,17
A_remigis,4,4,8,17
A_remigis,4,4,8,17
A_remigis,4,4,8,17
A_remigis,4,4,8,17
A_remigis,4,4,8,17
A_remigis,4,4,8,17
A_remigis,4,4,8,17
A_remigis,4,4,8,17
A_remigis,4,4,8,17
A_remigis,4,4,8,18
A_remigis,4,4,8,18
A_remigis,4,4,8,18
A_remigis,4,4,8,18
A_remigis,4,4,8,19
A_remigis,4,5,1,20
A_remigis,4,5,1,21
A_remigis,4,5,1,21
A_remigis,4,5,1,21
A_remigis,4,5,1,22
A_remigis,4,5,1,22
A_remigis,4,5,1,23
A_remigis,4,5,1,23
A_remigis,4,5,1,23
A_remigis,4,5,1,23
A_remigis,4,5,1,23
A_remigis,4,5,1,23
A_remigis,4,5,1,23
A_remigis,4,5,1,23
A_remigis,4,5,1,23
A_remigis,4,5,1,23
A_remigis,4,5,1,24
A_remigis,4,5,2,20
A_remigis,4,5,2,22
A_remigis,4,5,2,22
A_remigis,4,5,2,22
A_remigis,4,5,2,22
A_remigis,4,5,2,22
A_remigis,4,5,2,22
A_remigis,4,5,2,22
A_remigis,4,5,2,22
A_remigis,4,5,2,22
A_remigis,4,5,2,22
A_remigis,4,5,2,23
A_remigis,4,5,2,23
A_remigis,4,5,2,24
A_remigis,4,5,2,24
A_remigis,4,5,2,24
A_remigis,4,5,2,24
A_remigis,4,5,2,25
A_remigis,4,5,2,27
A_remigis,4,5,3,20
A_remigis,4,5,3,22
A_remigis,4,5,3,22
A_remigis,4,5,3,22
A_remigis,4,5,3,22
A_remigis,4,5,3,22
A_remigis,4,5,3,22
A_remigis,4,5,3,22
A_remigis,4,5,3,23
A_remigis,4,5,3,23
A_remigis,4,5,3,23
A_remigis,4,5,3,23
A_remigis,4,5,3,23
A_remigis,4,5,3,23
A_remigis,4,5,3,23
A_remigis,4,5,3,24
A_remigis,4,5,4,20
A_remigis,4,5,4,21
A_remigis,4,5,4,22
A_remigis,4,5,4,22
A_remigis,4,5,4,22
A_remigis,4,5,4,22
A_remigis,4,5,4,22
A_remigis,4,5,4,22
A_remigis,4,5,4,23
A_remigis,4,5,4,23
A_remigis,4,5,4,23
A_remigis,4,5,4,23
A_remigis,4,5,4,23
A_remigis,4,5,4,23
A_remigis,4,5,4,24
A_remigis,4,5,4,24
A_remigis,4,5,4,24
A_remigis,4,5,4,25
A_remigis,4,5,4,25
A_remigis,4,5,4,27
A_remigis,4,5,5,23
A_remigis,4,5,5,23
A_remigis,4,5,5,23
A_remigis,4,5,5,23
A_remigis,4,5,5,24
A_remigis,4,5,5,24
A_remigis,4,5,5,24
A_remigis,4,5,5,24
A_remigis,4,5,5,24
A_remigis,4,5,5,24
A_remigis,4,5,5,24
A_remigis,4,5,5,26
A_remigis,4,5,5,26
A_remigis,4,5,5,27
A_remigis,4,5,6,21
A_remigis,4,5,6,22
A_remigis,4,5,6,22
A_remigis,4,5,6,22
A_remigis,4,5,6,22
A_remigis,4,5,6,23
A_remigis,4,5,6,23
A_remigis,4,5,6,23
A_remigis,4,5,6,23
A_remigis,4,5,6,23
A_remigis,4,5,6,23
A_remigis,4,5,6,23
A_remigis,4,5,6,23
A_remigis,4,5,6,24
A_remigis,4,5,6,24
A_remigis,4,5,6,24
A_remigis,4,5,6,24
A_remigis,4,5,6,25
A_remigis,4,5,7,20
A_remigis,4,5,7,21
A_remigis,4,5,7,21
A_remigis,4,5,7,21
A_remigis,4,5,7,22
A_remigis,4,5,7,22
A_remigis,4,5,7,23
A_remigis,4,5,7,23
A_remigis,4,5,7,23
A_remigis,4,5,7,23
A_remigis,4,5,7,24
A_remigis,4,5,7,24
A_remigis,4,5,7,24
A_remigis,4,5,8,23
A_remigis,4,5,8,23
A_remigis,4,5,8,23
A_remigis,4,5,8,23
A_remigis,4,5,8,23
A_remigis,4,5,8,24
A_remigis,4,5,8,24
A_remigis,4,5,8,24
A_remigis,4,5,8,24
A_remigis,4,5,8,24
A_remigis,4,5,8,24
A_remigis,4,5,8,24
A_remigis,4,5,8,25
A_remigis,4,5,8,25
A_remigis,4,5,8,25
A_remigis,4,5,8,25
A_remigis,4,5,8,26
A_remigis,4,Adult,1,32
A_remigis,4,Adult,1,33
A_remigis,4,Adult,1,34
A_remigis,4,Adult,1,34
A_remigis,4,Adult,1,34
A_remigis,4,Adult,1,34
A_remigis,4,Adult,1,35
A_remigis,4,Adult,1,35
A_remigis,4,Adult,1,35
A_remigis,4,Adult,1,35
A_remigis,4,Adult,1,36
A_remigis,4,Adult,1,36
A_remigis,4,Adult,1,36
A_remigis,4,Adult,1,36
A_remigis,4,Adult,1,36
A_remigis,4,Adult,1,39
A_remigis,4,Adult,2,31
A_remigis,4,Adult,2,32
A_remigis,4,Adult,2,33
A_remigis,4,Adult,2,33
A_remigis,4,Adult,2,33
A_remigis,4,Adult,2,33
A_remigis,4,Adult,2,33
A_remigis,4,Adult,2,34
A_remigis,4,Adult,2,34
A_remigis,4,Adult,2,34
A_remigis,4,Adult,2,34
A_remigis,4,Adult,2,35
A_remigis,4,Adult,2,35
A_remigis,4,Adult,2,35
A_remigis,4,Adult,2,35
A_remigis,4,Adult,2,36
A_remigis,4,Adult,2,38
A_remigis,4,Adult,2,39
A_remigis,4,Adult,3,31
A_remigis,4,Adult,3,33
A_remigis,4,Adult,3,34
A_remigis,4,Adult,3,34
A_remigis,4,Adult,3,34
A_remigis,4,Adult,3,34
A_remigis,4,Adult,3,34
A_remigis,4,Adult,3,35
A_remigis,4,Adult,3,35
A_remigis,4,Adult,3,35
A_remigis,4,Adult,3,36
A_remigis,4,Adult,3,36
A_remigis,4,Adult,3,36
A_remigis,4,Adult,3,37
A_remigis,4,Adult,4,31
A_remigis,4,Adult,4,32
A_remigis,4,Adult,4,33
A_remigis,4,Adult,4,33
A_remigis,4,Adult,4,34
A_remigis,4,Adult,4,34
A_remigis,4,Adult,4,34
A_remigis,4,Adult,4,35
A_remigis,4,Adult,4,35
A_remigis,4,Adult,4,35
A_remigis,4,Adult,4,35
A_remigis,4,Adult,4,36
A_remigis,4,Adult,4,36
A_remigis,4,Adult,4,36
A_remigis,4,Adult,4,36
A_remigis,4,Adult,4,37
A_remigis,4,Adult,5,34
A_remigis,4,Adult,5,34
A_remigis,4,Adult,5,35
A_remigis,4,Adult,5,36
A_remigis,4,Adult,5,37
A_remigis,4,Adult,5,37
A_remigis,4,Adult,5,37
A_remigis,4,Adult,5,38
A_remigis,4,Adult,5,38
A_remigis,4,Adult,5,39
A_remigis,4,Adult,5,39
A_remigis,4,Adult,5,39
A_remigis,4,Adult,5,41
A_remigis,4,Adult,6,33
A_remigis,4,Adult,6,33
A_remigis,4,Adult,6,33
A_remigis,4,Adult,6,34
A_remigis,4,Adult,6,35
A_remigis,4,Adult,6,35
A_remigis,4,Adult,6,35
A_remigis,4,Adult,6,35
A_remigis,4,Adult,6,35
A_remigis,4,Adult,6,36
A_remigis,4,Adult,6,36
A_remigis,4,Adult,6,37
A_remigis,4,Adult,6,37
A_remigis,4,Adult,6,37
A_remigis,4,Adult,6,37
A_remigis,4,Adult,6,38
A_remigis,4,Adult,7,31
A_remigis,4,Adult,7,32
A_remigis,4,Adult,7,32
A_remigis,4,Adult,7,33
A_remigis,4,Adult,7,33
A_remigis,4,Adult,7,34
A_remigis,4,Adult,7,35
A_remigis,4,Adult,7,35
A_remigis,4,Adult,7,36
A_remigis,4,Adult,7,37
A_remigis,4,Adult,7,37
A_remigis,4,Adult,8,34
A_remigis,4,Adult,8,36
A_remigis,4,Adult,8,36
A_remigis,4,Adult,8,36
A_remigis,4,Adult,8,36
A_remigis,4,Adult,8,36
A_remigis,4,Adult,8,36
A_remigis,4,Adult,8,36
A_remigis,4,Adult,8,37
A_remigis,4,Adult,8,38
A_remigis,4,Adult,8,38
A_remigis,4,Adult,8,38
A_remigis,4,Adult,8,38
A_remigis,4,Adult,8,39
A_remigis,4,Adult,8,39
A_remigis,5,2,1,4
A_remigis,5,2,1,4
A_remigis,5,2,1,5
A_remigis,5,2,1,5
A_remigis,5,2,1,5
A_remigis,5,2,1,6
A_remigis,5,2,1,6
A_remigis,5,2,1,6
A_remigis,5,2,1,6
A_remigis,5,2,1,6
A_remigis,5,2,1,6
A_remigis,5,2,1,6
A_remigis,5,2,1,6
A_remigis,5,2,1,6
A_remigis,5,2,1,6
A_remigis,5,2,1,6
A_remigis,5,2,1,6
A_remigis,5,2,1,6
A_remigis,5,2,1,7
A_remigis,5,2,1,7
A_remigis,5,2,1,7
A_remigis,5,2,2,5
A_remigis,5,2,2,5
A_remigis,5,2,2,6
A_remigis,5,2,2,6
A_remigis,5,2,2,6
A_remigis,5,2,2,6
A_remigis,5,2,2,6
A_remigis,5,2,2,6
A_remigis,5,2,2,6
A_remigis,5,2,2,6
A_remigis,5,2,2,7
A_remigis,5,2,2,7
A_remigis,5,2,2,7
A_remigis,5,2,2,7
A_remigis,5,2,2,7
A_remigis,5,2,2,7
A_remigis,5,2,2,7
A_remigis,5,2,2,8
A_remigis,5,2,2,8
A_remigis,5,2,2,8
A_remigis,5,2,3,4
A_remigis,5,2,3,4
A_remigis,5,2,3,5
A_remigis,5,2,3,5
A_remigis,5,2,3,5
A_remigis,5,2,3,5
A_remigis,5,2,3,5
A_remigis,5,2,3,6
A_remigis,5,2,3,6
A_remigis,5,2,3,6
A_remigis,5,2,3,6
A_remigis,5,2,3,6
A_remigis,5,2,3,6
A_remigis,5,2,3,6
A_remigis,5,2,3,6
A_remigis,5,2,3,6
A_remigis,5,2,3,6
A_remigis,5,2,3,6
A_remigis,5,2,3,7
A_remigis,5,2,3,7
A_remigis,5,2,3,7
A_remigis,5,2,3,7
A_remigis,5,2,3,7
A_remigis,5,2,4,4
A_remigis,5,2,4,4
A_remigis,5,2,4,5
A_remigis,5,2,4,5
A_remigis,5,2,4,6
A_remigis,5,2,4,6
A_remigis,5,2,4,6
A_remigis,5,2,4,6
A_remigis,5,2,4,6
A_remigis,5,2,4,6
A_remigis,5,2,4,6
A_remigis,5,2,4,6
A_remigis,5,2,4,6
A_remigis,5,2,4,6
A_remigis,5,2,4,6
A_remigis,5,2,4,6
A_remigis,5,2,4,7
A_remigis,5,2,4,7
A_remigis,5,2,4,7
A_remigis,5,2,4,7
A_remigis,5,2,5,4
A_remigis,5,2,5,5
A_remigis,5,2,5,5
A_remigis,5,2,5,5
A_remigis,5,2,5,5
A_remigis,5,2,5,5
A_remigis,5,2,5,5
A_remigis,5,2,5,5
A_remigis,5,2,5,5
A_remigis,5,2,5,6
A_remigis,5,2,5,6
A_remigis,5,2,5,6
A_remigis,5,2,5,6
A_remigis,5,2,5,6
A_remigis,5,2,5,6
A_remigis,5,2,5,6
A_remigis,5,2,5,6
A_remigis,5,2,5,6
A_remigis,5,2,5,6
A_remigis,5,2,5,6
A_remigis,5,2,5,7
A_remigis,5,2,6,4
A_remigis,5,2,6,4
A_remigis,5,2,6,5
A_remigis,5,2,6,5
A_remigis,5,2,6,5
A_remigis,5,2,6,6
A_remigis,5,2,6,6
A_remigis,5,2,6,6
A_remigis,5,2,6,6
A_remigis,5,2,6,6
A_remigis,5,2,6,6
A_remigis,5,2,6,6
A_remigis,5,2,6,6
A_remigis,5,2,6,6
A_remigis,5,2,6,6
A_remigis,5,2,6,6
A_remigis,5,2,6,6
A_remigis,5,2,6,6
A_remigis,5,2,6,6
A_remigis,5,2,6,6
A_remigis,5,2,6,7
A_remigis,5,2,7,5
A_remigis,5,2,7,5
A_remigis,5,2,7,5
A_remigis,5,2,7,5
A_remigis,5,2,7,6
A_remigis,5,2,7,6
A_remigis,5,2,7,6
A_remigis,5,2,7,6
A_remigis,5,2,7,6
A_remigis,5,2,7,6
A_remigis,5,2,7,6
A_remigis,5,2,7,6
A_remigis,5,2,7,6
A_remigis,5,2,7,7
A_remigis,5,2,7,7
A_remigis,5,2,7,7
A_remigis,5,2,7,7
A_remigis,5,2,7,7
A_remigis,5,2,7,7
A_remigis,5,2,7,8
A_remigis,5,2,8,4
A_remigis,5,2,8,4
A_remigis,5,2,8,5
A_remigis,5,2,8,6
A_remigis,5,2,8,6
A_remigis,5,2,8,6
A_remigis,5,2,8,6
A_remigis,5,2,8,6
A_remigis,5,2,8,6
A_remigis,5,2,8,7
A_remigis,5,2,8,7
A_remigis,5,2,8,7
A_remigis,5,2,8,7
A_remigis,5,2,8,7
A_remigis,5,2,8,7
A_remigis,5,2,8,7
A_remigis,5,2,8,8
A_remigis,5,3,1,9
A_remigis,5,3,1,10
A_remigis,5,3,1,11
A_remigis,5,3,1,11
A_remigis,5,3,1,11
A_remigis,5,3,1,11
A_remigis,5,3,1,11
A_remigis,5,3,1,11
A_remigis,5,3,1,11
A_remigis,5,3,1,11
A_remigis,5,3,1,11
A_remigis,5,3,1,11
A_remigis,5,3,1,12
A_remigis,5,3,1,12
A_remigis,5,3,1,12
A_remigis,5,3,1,12
A_remigis,5,3,1,12
A_remigis,5,3,1,12
A_remigis,5,3,1,13
A_remigis,5,3,1,13
A_remigis,5,3,2,10
A_remigis,5,3,2,10
A_remigis,5,3,2,11
A_remigis,5,3,2,11
A_remigis,5,3,2,11
A_remigis,5,3,2,11
A_remigis,5,3,2,11
A_remigis,5,3,2,11
A_remigis,5,3,2,11
A_remigis,5,3,2,12
A_remigis,5,3,2,12
A_remigis,5,3,2,12
A_remigis,5,3,2,12
A_remigis,5,3,2,12
A_remigis,5,3,2,12
A_remigis,5,3,2,12
A_remigis,5,3,2,14
A_remigis,5,3,2,14
A_remigis,5,3,3,9
A_remigis,5,3,3,9
A_remigis,5,3,3,10
A_remigis,5,3,3,10
A_remigis,5,3,3,10
A_remigis,5,3,3,11
A_remigis,5,3,3,11
A_remigis,5,3,3,11
A_remigis,5,3,3,11
A_remigis,5,3,3,11
A_remigis,5,3,3,11
A_remigis,5,3,3,11
A_remigis,5,3,3,11
A_remigis,5,3,3,12
A_remigis,5,3,3,12
A_remigis,5,3,3,12
A_remigis,5,3,3,12
A_remigis,5,3,3,13
A_remigis,5,3,3,13
A_remigis,5,3,3,13
A_remigis,5,3,3,13
A_remigis,5,3,3,14
A_remigis,5,3,4,9
A_remigis,5,3,4,10
A_remigis,5,3,4,10
A_remigis,5,3,4,11
A_remigis,5,3,4,11
A_remigis,5,3,4,11
A_remigis,5,3,4,11
A_remigis,5,3,4,11
A_remigis,5,3,4,11
A_remigis,5,3,4,11
A_remigis,5,3,4,11
A_remigis,5,3,4,11
A_remigis,5,3,4,12
A_remigis,5,3,4,12
A_remigis,5,3,4,12
A_remigis,5,3,4,12
A_remigis,5,3,4,12
A_remigis,5,3,4,13
A_remigis,5,3,4,14
A_remigis,5,3,5,9
A_remigis,5,3,5,9
A_remigis,5,3,5,10
A_remigis,5,3,5,10
A_remigis,5,3,5,10
A_remigis,5,3,5,10
A_remigis,5,3,5,10
A_remigis,5,3,5,10
A_remigis,5,3,5,10
A_remigis,5,3,5,10
A_remigis,5,3,5,10
A_remigis,5,3,5,11
A_remigis,5,3,5,11
A_remigis,5,3,5,11
A_remigis,5,3,5,11
A_remigis,5,3,5,11
A_remigis,5,3,5,12
A_remigis,5,3,5,12
A_remigis,5,3,5,12
A_remigis,5,3,5,14
A_remigis,5,3,6,9
A_remigis,5,3,6,9
A_remigis,5,3,6,9
A_remigis,5,3,6,9
A_remigis,5,3,6,10
A_remigis,5,3,6,10
A_remigis,5,3,6,10
A_remigis,5,3,6,10
A_remigis,5,3,6,10
A_remigis,5,3,6,11
A_remigis,5,3,6,11
A_remigis,5,3,6,11
A_remigis,5,3,6,11
A_remigis,5,3,6,11
A_remigis,5,3,6,11
A_remigis,5,3,6,11
A_remigis,5,3,6,11
A_remigis,5,3,6,11
A_remigis,5,3,6,12
A_remigis,5,3,6,12
A_remigis,5,3,6,12
A_remigis,5,3,7,9
A_remigis,5,3,7,10
A_remigis,5,3,7,10
A_remigis,5,3,7,10
A_remigis,5,3,7,10
A_remigis,5,3,7,10
A_remigis,5,3,7,10
A_remigis,5,3,7,10
A_remigis,5,3,7,10
A_remigis,5,3,7,11
A_remigis,5,3,7,11
A_remigis,5,3,7,11
A_remigis,5,3,7,11
A_remigis,5,3,7,11
A_remigis,5,3,7,11
A_remigis,5,3,7,12
A_remigis,5,3,7,12
A_remigis,5,3,7,12
A_remigis,5,3,7,13
A_remigis,5,3,7,13
A_remigis,5,3,8,9
A_remigis,5,3,8,9
A_remigis,5,3,8,11
A_remigis,5,3,8,11
A_remigis,5,3,8,11
A_remigis,5,3,8,11
A_remigis,5,3,8,11
A_remigis,5,3,8,11
A_remigis,5,3,8,11
A_remigis,5,3,8,11
A_remigis,5,3,8,11
A_remigis,5,3,8,12
A_remigis,5,3,8,12
A_remigis,5,3,8,12
A_remigis,5,3,8,12
A_remigis,5,3,8,12
A_remigis,5,3,8,13
A_remigis,5,4,1,15
A_remigis,5,4,1,16
A_remigis,5,4,1,16
A_remigis,5,4,1,17
A_remigis,5,4,1,17
A_remigis,5,4,1,17
A_remigis,5,4,1,17
A_remigis,5,4,1,17
A_remigis,5,4,1,17
A_remigis,5,4,1,18
A_remigis,5,4,1,18
A_remigis,5,4,1,18
A_remigis,5,4,1,18
A_remigis,5,4,1,19
A_remigis,5,4,1,19
A_remigis,5,4,1,19
A_remigis,5,4,1,20
A_remigis,5,4,2,15
A_remigis,5,4,2,15
A_remigis,5,4,2,16
A_remigis,5,4,2,16
A_remigis,5,4,2,16
A_remigis,5,4,2,16
A_remigis,5,4,2,17
A_remigis,5,4,2,17
A_remigis,5,4,2,17
A_remigis,5,4,2,17
A_remigis,5,4,2,17
A_remigis,5,4,2,18
A_remigis,5,4,2,18
A_remigis,5,4,2,18
A_remigis,5,4,2,19
A_remigis,5,4,2,19
A_remigis,5,4,2,21
A_remigis,5,4,3,14
A_remigis,5,4,3,14
A_remigis,5,4,3,15
A_remigis,5,4,3,16
A_remigis,5,4,3,16
A_remigis,5,4,3,16
A_remigis,5,4,3,16
A_remigis,5,4,3,16
A_remigis,5,4,3,16
A_remigis,5,4,3,16
A_remigis,5,4,3,17
A_remigis,5,4,3,17
A_remigis,5,4,3,17
A_remigis,5,4,3,17
A_remigis,5,4,3,18
A_remigis,5,4,3,18
A_remigis,5,4,3,19
A_remigis,5,4,3,19
A_remigis,5,4,3,19
A_remigis,5,4,3,20
A_remigis,5,4,3,20
A_remigis,5,4,4,9
A_remigis,5,4,4,10
A_remigis,5,4,4,10
A_remigis,5,4,4,11
A_remigis,5,4,4,11
A_remigis,5,4,4,11
A_remigis,5,4,4,11
A_remigis,5,4,4,11
A_remigis,5,4,4,11
A_remigis,5,4,4,11
A_remigis,5,4,4,11
A_remigis,5,4,4,11
A_remigis,5,4,4,12
A_remigis,5,4,4,12
A_remigis,5,4,4,12
A_remigis,5,4,4,12
A_remigis,5,4,4,12
A_remigis,5,4,4,13
A_remigis,5,4,4,14
A_remigis,5,4,5,13
A_remigis,5,4,5,14
A_remigis,5,4,5,14
A_remigis,5,4,5,15
A_remigis,5,4,5,15
A_remigis,5,4,5,15
A_remigis,5,4,5,15
A_remigis,5,4,5,15
A_remigis,5,4,5,15
A_remigis,5,4,5,16
A_remigis,5,4,5,16
A_remigis,5,4,5,16
A_remigis,5,4,5,16
A_remigis,5,4,5,16
A_remigis,5,4,5,17
A_remigis,5,4,5,17
A_remigis,5,4,5,18
A_remigis,5,4,5,18
A_remigis,5,4,5,18
A_remigis,5,4,5,21
A_remigis,5,4,6,14
A_remigis,5,4,6,14
A_remigis,5,4,6,14
A_remigis,5,4,6,15
A_remigis,5,4,6,15
A_remigis,5,4,6,15
A_remigis,5,4,6,15
A_remigis,5,4,6,15
A_remigis,5,4,6,16
A_remigis,5,4,6,16
A_remigis,5,4,6,16
A_remigis,5,4,6,16
A_remigis,5,4,6,16
A_remigis,5,4,6,17
A_remigis,5,4,6,17
A_remigis,5,4,6,17
A_remigis,5,4,6,17
A_remigis,5,4,6,18
A_remigis,5,4,6,18
A_remigis,5,4,6,19
A_remigis,5,4,7,15
A_remigis,5,4,7,15
A_remigis,5,4,7,15
A_remigis,5,4,7,15
A_remigis,5,4,7,15
A_remigis,5,4,7,15
A_remigis,5,4,7,15
A_remigis,5,4,7,16
A_remigis,5,4,7,16
A_remigis,5,4,7,16
A_remigis,5,4,7,16
A_remigis,5,4,7,16
A_remigis,5,4,7,17
A_remigis,5,4,7,17
A_remigis,5,4,7,17
A_remigis,5,4,7,17
A_remigis,5,4,7,18
A_remigis,5,4,7,18
A_remigis,5,4,7,19
A_remigis,5,4,7,20
A_remigis,5,4,8,13
A_remigis,5,4,8,14
A_remigis,5,4,8,15
A_remigis,5,4,8,16
A_remigis,5,4,8,16
A_remigis,5,4,8,16
A_remigis,5,4,8,16
A_remigis,5,4,8,17
A_remigis,5,4,8,17
A_remigis,5,4,8,17
A_remigis,5,4,8,18
A_remigis,5,4,8,18
A_remigis,5,4,8,18
A_remigis,5,4,8,18
A_remigis,5,4,8,19
A_remigis,5,4,8,19
A_remigis,5,4,8,20
A_remigis,5,5,1,21
A_remigis,5,5,1,22
A_remigis,5,5,1,23
A_remigis,5,5,1,23
A_remigis,5,5,1,23
A_remigis,5,5,1,24
A_remigis,5,5,1,25
A_remigis,5,5,1,25
A_remigis,5,5,1,25
A_remigis,5,5,1,25
A_remigis,5,5,1,25
A_remigis,5,5,1,25
A_remigis,5,5,1,26
A_remigis,5,5,1,26
A_remigis,5,5,1,26
A_remigis,5,5,1,28
A_remigis,5,5,2,21
A_remigis,5,5,2,22
A_remigis,5,5,2,22
A_remigis,5,5,2,22
A_remigis,5,5,2,22
A_remigis,5,5,2,23
A_remigis,5,5,2,24
A_remigis,5,5,2,24
A_remigis,5,5,2,24
A_remigis,5,5,2,24
A_remigis,5,5,2,24
A_remigis,5,5,2,25
A_remigis,5,5,2,25
A_remigis,5,5,2,25
A_remigis,5,5,2,26
A_remigis,5,5,2,27
A_remigis,5,5,2,29
A_remigis,5,5,3,20
A_remigis,5,5,3,21
A_remigis,5,5,3,22
A_remigis,5,5,3,22
A_remigis,5,5,3,22
A_remigis,5,5,3,23
A_remigis,5,5,3,23
A_remigis,5,5,3,23
A_remigis,5,5,3,23
A_remigis,5,5,3,24
A_remigis,5,5,3,24
A_remigis,5,5,3,24
A_remigis,5,5,3,24
A_remigis,5,5,3,25
A_remigis,5,5,3,25
A_remigis,5,5,3,25
A_remigis,5,5,3,27
A_remigis,5,5,3,27
A_remigis,5,5,4,20
A_remigis,5,5,4,22
A_remigis,5,5,4,22
A_remigis,5,5,4,22
A_remigis,5,5,4,23
A_remigis,5,5,4,24
A_remigis,5,5,4,24
A_remigis,5,5,4,25
A_remigis,5,5,4,25
A_remigis,5,5,4,25
A_remigis,5,5,4,26
A_remigis,5,5,4,26
A_remigis,5,5,4,26
A_remigis,5,5,4,26
A_remigis,5,5,4,27
A_remigis,5,5,4,27
A_remigis,5,5,4,27
A_remigis,5,5,4,28
A_remigis,5,5,5,19
A_remigis,5,5,5,20
A_remigis,5,5,5,21
A_remigis,5,5,5,22
A_remigis,5,5,5,22
A_remigis,5,5,5,23
A_remigis,5,5,5,23
A_remigis,5,5,5,23
A_remigis,5,5,5,23
A_remigis,5,5,5,24
A_remigis,5,5,5,24
A_remigis,5,5,5,24
A_remigis,5,5,5,25
A_remigis,5,5,5,25
A_remigis,5,5,5,25
A_remigis,5,5,5,26
A_remigis,5,5,5,26
A_remigis,5,5,5,26
A_remigis,5,5,5,27
A_remigis,5,5,5,30
A_remigis,5,5,6,20
A_remigis,5,5,6,21
A_remigis,5,5,6,21
A_remigis,5,5,6,21
A_remigis,5,5,6,21
A_remigis,5,5,6,22
A_remigis,5,5,6,22
A_remigis,5,5,6,23
A_remigis,5,5,6,23
A_remigis,5,5,6,24
A_remigis,5,5,6,24
A_remigis,5,5,6,25
A_remigis,5,5,6,25
A_remigis,5,5,6,25
A_remigis,5,5,6,25
A_remigis,5,5,6,26
A_remigis,5,5,6,26
A_remigis,5,5,7,21
A_remigis,5,5,7,21
A_remigis,5,5,7,22
A_remigis,5,5,7,22
A_remigis,5,5,7,22
A_remigis,5,5,7,22
A_remigis,5,5,7,22
A_remigis,5,5,7,23
A_remigis,5,5,7,23
A_remigis,5,5,7,24
A_remigis,5,5,7,24
A_remigis,5,5,7,24
A_remigis,5,5,7,24
A_remigis,5,5,7,24
A_remigis,5,5,7,25
A_remigis,5,5,7,25
A_remigis,5,5,7,26
A_remigis,5,5,7,27
A_remigis,5,5,7,27
A_remigis,5,5,7,28
A_remigis,5,5,8,20
A_remigis,5,5,8,22
A_remigis,5,5,8,22
A_remigis,5,5,8,23
A_remigis,5,5,8,23
A_remigis,5,5,8,23
A_remigis,5,5,8,24
A_remigis,5,5,8,24
A_remigis,5,5,8,24
A_remigis,5,5,8,25
A_remigis,5,5,8,25
A_remigis,5,5,8,26
A_remigis,5,5,8,26
A_remigis,5,5,8,26
A_remigis,5,5,8,26
A_remigis,5,5,8,27
A_remigis,5,5,8,27
A_remigis,5,Adult,1,35
A_remigis,5,Adult,1,36
A_remigis,5,Adult,1,36
A_remigis,5,Adult,1,37
A_remigis,5,Adult,1,37
A_remigis,5,Adult,1,37
A_remigis,5,Adult,1,37
A_remigis,5,Adult,1,37
A_remigis,5,Adult,1,37
A_remigis,5,Adult,1,38
A_remigis,5,Adult,1,38
A_remigis,5,Adult,1,39
A_remigis,5,Adult,1,39
A_remigis,5,Adult,1,40
A_remigis,5,Adult,1,40
A_remigis,5,Adult,1,41
A_remigis,5,Adult,2,34
A_remigis,5,Adult,2,35
A_remigis,5,Adult,2,35
A_remigis,5,Adult,2,35
A_remigis,5,Adult,2,35
A_remigis,5,Adult,2,36
A_remigis,5,Adult,2,37
A_remigis,5,Adult,2,37
A_remigis,5,Adult,2,37
A_remigis,5,Adult,2,37
A_remigis,5,Adult,2,38
A_remigis,5,Adult,2,38
A_remigis,5,Adult,2,38
A_remigis,5,Adult,2,38
A_remigis,5,Adult,2,39
A_remigis,5,Adult,2,40
A_remigis,5,Adult,2,40
A_remigis,5,Adult,3,34
A_remigis,5,Adult,3,35
A_remigis,5,Adult,3,35
A_remigis,5,Adult,3,35
A_remigis,5,Adult,3,35
A_remigis,5,Adult,3,36
A_remigis,5,Adult,3,36
A_remigis,5,Adult,3,36
A_remigis,5,Adult,3,37
A_remigis,5,Adult,3,37
A_remigis,5,Adult,3,38
A_remigis,5,Adult,3,38
A_remigis,5,Adult,3,38
A_remigis,5,Adult,3,38
A_remigis,5,Adult,3,39
A_remigis,5,Adult,3,40
A_remigis,5,Adult,3,40
A_remigis,5,Adult,3,41
A_remigis,5,Adult,4,33
A_remigis,5,Adult,4,35
A_remigis,5,Adult,4,36
A_remigis,5,Adult,4,36
A_remigis,5,Adult,4,36
A_remigis,5,Adult,4,37
A_remigis,5,Adult,4,37
A_remigis,5,Adult,4,37
A_remigis,5,Adult,4,37
A_remigis,5,Adult,4,37
A_remigis,5,Adult,4,37
A_remigis,5,Adult,4,38
A_remigis,5,Adult,4,39
A_remigis,5,Adult,4,40
A_remigis,5,Adult,4,40
A_remigis,5,Adult,4,40
A_remigis,5,Adult,4,41
A_remigis,5,Adult,4,41
A_remigis,5,Adult,5,33
A_remigis,5,Adult,5,35
A_remigis,5,Adult,5,36
A_remigis,5,Adult,5,37
A_remigis,5,Adult,5,37
A_remigis,5,Adult,5,37
A_remigis,5,Adult,5,37
A_remigis,5,Adult,5,37
A_remigis,5,Adult,5,37
A_remigis,5,Adult,5,37
A_remigis,5,Adult,5,37
A_remigis,5,Adult,5,38
A_remigis,5,Adult,5,38
A_remigis,5,Adult,5,38
A_remigis,5,Adult,5,39
A_remigis,5,Adult,5,39
A_remigis,5,Adult,5,41
A_remigis,5,Adult,5,41
A_remigis,5,Adult,6,32
A_remigis,5,Adult,6,33
A_remigis,5,Adult,6,34
A_remigis,5,Adult,6,35
A_remigis,5,Adult,6,36
A_remigis,5,Adult,6,37
A_remigis,5,Adult,6,37
A_remigis,5,Adult,6,38
A_remigis,5,Adult,6,38
A_remigis,5,Adult,6,38
A_remigis,5,Adult,6,38
A_remigis,5,Adult,6,38
A_remigis,5,Adult,6,39
A_remigis,5,Adult,6,40
A_remigis,5,Adult,6,41
A_remigis,5,Adult,6,41
A_remigis,5,Adult,7,34
A_remigis,5,Adult,7,35
A_remigis,5,Adult,7,35
A_remigis,5,Adult,7,36
A_remigis,5,Adult,7,36
A_remigis,5,Adult,7,37
A_remigis,5,Adult,7,37
A_remigis,5,Adult,7,37
A_remigis,5,Adult,7,37
A_remigis,5,Adult,7,37
A_remigis,5,Adult,7,38
A_remigis,5,Adult,7,38
A_remigis,5,Adult,7,38
A_remigis,5,Adult,7,38
A_remigis,5,Adult,7,39
A_remigis,5,Adult,7,40
A_remigis,5,Adult,7,40
A_remigis,5,Adult,7,41
A_remigis,5,Adult,8,35
A_remigis,5,Adult,8,36
A_remigis,5,Adult,8,36
A_remigis,5,Adult,8,38
A_remigis,5,Adult,8,38
A_remigis,5,Adult,8,38
A_remigis,5,Adult,8,38
A_remigis,5,Adult,8,39
A_remigis,5,Adult,8,39
A_remigis,5,Adult,8,39
A_remigis,5,Adult,8,40
A_remigis,5,Adult,8,40
A_remigis,5,Adult,8,41
A_remigis,5,Adult,8,42
A_remigis,5,Adult,8,43
A_remigis,5,Adult,8,44
A_remigis,6,2,1,5
A_remigis,6,2,1,5
A_remigis,6,2,1,5
A_remigis,6,2,1,5
A_remigis,6,2,1,5
A_remigis,6,2,1,5
A_remigis,6,2,1,5
A_remigis,6,2,1,5
A_remigis,6,2,1,6
A_remigis,6,2,1,6
A_remigis,6,2,1,6
A_remigis,6,2,1,6
A_remigis,6,2,1,6
A_remigis,6,2,1,6
A_remigis,6,2,1,6
A_remigis,6,2,1,6
A_remigis,6,2,1,6
A_remigis,6,2,1,6
A_remigis,6,2,1,6
A_remigis,6,2,1,6
A_remigis,6,2,1,6
A_remigis,6,2,2,4
A_remigis,6,2,2,4
A_remigis,6,2,2,5
A_remigis,6,2,2,5
A_remigis,6,2,2,5
A_remigis,6,2,2,6
A_remigis,6,2,2,6
A_remigis,6,2,2,6
A_remigis,6,2,2,6
A_remigis,6,2,2,6
A_remigis,6,2,2,6
A_remigis,6,2,2,6
A_remigis,6,2,2,6
A_remigis,6,2,2,6
A_remigis,6,2,2,6
A_remigis,6,2,2,6
A_remigis,6,2,2,6
A_remigis,6,2,2,6
A_remigis,6,2,2,6
A_remigis,6,2,2,7
A_remigis,6,2,2,7
A_remigis,6,2,2,8
A_remigis,6,2,3,4
A_remigis,6,2,3,5
A_remigis,6,2,3,5
A_remigis,6,2,3,5
A_remigis,6,2,3,6
A_remigis,6,2,3,6
A_remigis,6,2,3,6
A_remigis,6,2,3,6
A_remigis,6,2,3,6
A_remigis,6,2,3,6
A_remigis,6,2,3,6
A_remigis,6,2,3,6
A_remigis,6,2,3,7
A_remigis,6,2,3,7
A_remigis,6,2,4,4
A_remigis,6,2,4,4
A_remigis,6,2,4,5
A_remigis,6,2,4,5
A_remigis,6,2,4,5
A_remigis,6,2,4,5
A_remigis,6,2,4,5
A_remigis,6,2,4,5
A_remigis,6,2,4,6
A_remigis,6,2,4,6
A_remigis,6,2,4,6
A_remigis,6,2,4,6
A_remigis,6,2,4,6
A_remigis,6,2,4,6
A_remigis,6,2,4,6
A_remigis,6,2,4,6
A_remigis,6,2,4,6
A_remigis,6,2,4,6
A_remigis,6,2,4,6
A_remigis,6,2,4,6
A_remigis,6,2,4,6
A_remigis,6,2,4,6
A_remigis,6,2,4,7
A_remigis,6,2,5,4
A_remigis,6,2,5,5
A_remigis,6,2,5,5
A_remigis,6,2,5,5
A_remigis,6,2,5,5
A_remigis,6,2,5,5
A_remigis,6,2,5,5
A_remigis,6,2,5,5
A_remigis,6,2,5,5
A_remigis,6,2,5,5
A_remigis,6,2,5,5
A_remigis,6,2,5,6
A_remigis,6,2,5,6
A_remigis,6,2,5,6
A_remigis,6,2,5,6
A_remigis,6,2,5,6
A_remigis,6,2,5,6
A_remigis,6,2,5,6
A_remigis,6,2,5,6
A_remigis,6,2,5,6
A_remigis,6,2,5,7
A_remigis,6,2,5,7
A_remigis,6,2,6,4
A_remigis,6,2,6,5
A_remigis,6,2,6,5
A_remigis,6,2,6,5
A_remigis,6,2,6,5
A_remigis,6,2,6,6
A_remigis,6,2,6,6
A_remigis,6,2,6,6
A_remigis,6,2,6,6
A_remigis,6,2,6,6
A_remigis,6,2,6,6
A_remigis,6,2,6,6
A_remigis,6,2,6,6
A_remigis,6,2,6,6
A_remigis,6,2,6,6
A_remigis,6,2,6,6
A_remigis,6,2,6,6
A_remigis,6,2,6,6
A_remigis,6,2,6,6
A_remigis,6,2,6,6
A_remigis,6,2,6,6
A_remigis,6,2,6,7
A_remigis,6,2,6,7
A_remigis,6,2,7,5
A_remigis,6,2,7,5
A_remigis,6,2,7,5
A_remigis,6,2,7,5
A_remigis,6,2,7,5
A_remigis,6,2,7,5
A_remigis,6,2,7,6
A_remigis,6,2,7,6
A_remigis,6,2,7,6
A_remigis,6,2,7,6
A_remigis,6,2,7,6
A_remigis,6,2,7,6
A_remigis,6,2,7,6
A_remigis,6,2,7,6
A_remigis,6,2,7,6
A_remigis,6,2,7,6
A_remigis,6,2,7,6
A_remigis,6,2,7,6
A_remigis,6,2,7,6
A_remigis,6,2,7,6
A_remigis,6,2,7,7
A_remigis,6,2,7,7
A_remigis,6,2,8,4
A_remigis,6,2,8,4
A_remigis,6,2,8,4
A_remigis,6,2,8,5
A_remigis,6,2,8,5
A_remigis,6,2,8,5
A_remigis,6,2,8,6
A_remigis,6,2,8,6
A_remigis,6,2,8,6
A_remigis,6,2,8,6
A_remigis,6,2,8,6
A_remigis,6,2,8,6
A_remigis,6,2,8,7
A_remigis,6,2,8,7
A_remigis,6,2,8,7
A_remigis,6,2,8,7
A_remigis,6,2,8,7
A_remigis,6,2,8,8
A_remigis,6,3,1,9
A_remigis,6,3,1,9
A_remigis,6,3,1,9
A_remigis,6,3,1,9
A_remigis,6,3,1,10
A_remigis,6,3,1,10
A_remigis,6,3,1,10
A_remigis,6,3,1,10
A_remigis,6,3,1,10
A_remigis,6,3,1,10
A_remigis,6,3,1,10
A_remigis,6,3,1,10
A_remigis,6,3,1,10
A_remigis,6,3,1,10
A_remigis,6,3,1,11
A_remigis,6,3,1,11
A_remigis,6,3,1,11
A_remigis,6,3,1,11
A_remigis,6,3,1,12
A_remigis,6,3,1,14
A_remigis,6,3,2,8
A_remigis,6,3,2,8
A_remigis,6,3,2,9
A_remigis,6,3,2,9
A_remigis,6,3,2,9
A_remigis,6,3,2,10
A_remigis,6,3,2,10
A_remigis,6,3,2,10
A_remigis,6,3,2,10
A_remigis,6,3,2,10
A_remigis,6,3,2,11
A_remigis,6,3,2,11
A_remigis,6,3,2,11
A_remigis,6,3,2,11
A_remigis,6,3,2,11
A_remigis,6,3,2,12
A_remigis,6,3,2,12
A_remigis,6,3,2,12
A_remigis,6,3,2,15
A_remigis,6,3,3,9
A_remigis,6,3,3,10
A_remigis,6,3,3,10
A_remigis,6,3,3,10
A_remigis,6,3,3,10
A_remigis,6,3,3,10
A_remigis,6,3,3,10
A_remigis,6,3,3,10
A_remigis,6,3,3,10
A_remigis,6,3,3,11
A_remigis,6,3,3,11
A_remigis,6,3,3,11
A_remigis,6,3,3,12
A_remigis,6,3,3,15
A_remigis,6,3,4,8
A_remigis,6,3,4,9
A_remigis,6,3,4,9
A_remigis,6,3,4,10
A_remigis,6,3,4,10
A_remigis,6,3,4,10
A_remigis,6,3,4,10
A_remigis,6,3,4,10
A_remigis,6,3,4,10
A_remigis,6,3,4,10
A_remigis,6,3,4,10
A_remigis,6,3,4,10
A_remigis,6,3,4,10
A_remigis,6,3,4,11
A_remigis,6,3,4,11
A_remigis,6,3,4,11
A_remigis,6,3,4,11
A_remigis,6,3,4,11
A_remigis,6,3,4,11
A_remigis,6,3,4,11
A_remigis,6,3,4,11
A_remigis,6,3,4,13
A_remigis,6,3,5,9
A_remigis,6,3,5,9
A_remigis,6,3,5,9
A_remigis,6,3,5,9
A_remigis,6,3,5,9
A_remigis,6,3,5,9
A_remigis,6,3,5,9
A_remigis,6,3,5,9
A_remigis,6,3,5,9
A_remigis,6,3,5,9
A_remigis,6,3,5,10
A_remigis,6,3,5,10
A_remigis,6,3,5,10
A_remigis,6,3,5,10
A_remigis,6,3,5,10
A_remigis,6,3,5,10
A_remigis,6,3,5,10
A_remigis,6,3,5,10
A_remigis,6,3,5,10
A_remigis,6,3,5,11
A_remigis,6,3,5,11
A_remigis,6,3,5,11
A_remigis,6,3,5,11
A_remigis,6,3,6,9
A_remigis,6,3,6,9
A_remigis,6,3,6,9
A_remigis,6,3,6,10
A_remigis,6,3,6,10
A_remigis,6,3,6,10
A_remigis,6,3,6,10
A_remigis,6,3,6,10
A_remigis,6,3,6,10
A_remigis,6,3,6,10
A_remigis,6,3,6,10
A_remigis,6,3,6,10
A_remigis,6,3,6,10
A_remigis,6,3,6,10
A_remigis,6,3,6,10
A_remigis,6,3,6,10
A_remigis,6,3,6,11
A_remigis,6,3,6,11
A_remigis,6,3,6,11
A_remigis,6,3,6,11
A_remigis,6,3,6,12
A_remigis,6,3,6,12
A_remigis,6,3,6,12
A_remigis,6,3,7,8
A_remigis,6,3,7,8
A_remigis,6,3,7,10
A_remigis,6,3,7,10
A_remigis,6,3,7,10
A_remigis,6,3,7,10
A_remigis,6,3,7,10
A_remigis,6,3,7,10
A_remigis,6,3,7,10
A_remigis,6,3,7,10
A_remigis,6,3,7,10
A_remigis,6,3,7,10
A_remigis,6,3,7,10
A_remigis,6,3,7,10
A_remigis,6,3,7,10
A_remigis,6,3,7,11
A_remigis,6,3,7,11
A_remigis,6,3,7,11
A_remigis,6,3,7,11
A_remigis,6,3,7,11
A_remigis,6,3,7,14
A_remigis,6,3,8,9
A_remigis,6,3,8,9
A_remigis,6,3,8,9
A_remigis,6,3,8,9
A_remigis,6,3,8,10
A_remigis,6,3,8,10
A_remigis,6,3,8,10
A_remigis,6,3,8,10
A_remigis,6,3,8,11
A_remigis,6,3,8,11
A_remigis,6,3,8,11
A_remigis,6,3,8,11
A_remigis,6,3,8,11
A_remigis,6,3,8,11
A_remigis,6,3,8,11
A_remigis,6,3,8,12
A_remigis,6,3,8,12
A_remigis,6,4,1,15
A_remigis,6,4,1,16
A_remigis,6,4,1,16
A_remigis,6,4,1,16
A_remigis,6,4,1,16
A_remigis,6,4,1,16
A_remigis,6,4,1,17
A_remigis,6,4,1,17
A_remigis,6,4,1,17
A_remigis,6,4,1,17
A_remigis,6,4,1,17
A_remigis,6,4,1,17
A_remigis,6,4,1,17
A_remigis,6,4,1,17
A_remigis,6,4,1,17
A_remigis,6,4,1,18
A_remigis,6,4,1,18
A_remigis,6,4,1,19
A_remigis,6,4,1,19
A_remigis,6,4,1,21
A_remigis,6,4,2,13
A_remigis,6,4,2,14
A_remigis,6,4,2,15
A_remigis,6,4,2,15
A_remigis,6,4,2,15
A_remigis,6,4,2,15
A_remigis,6,4,2,16
A_remigis,6,4,2,16
A_remigis,6,4,2,16
A_remigis,6,4,2,16
A_remigis,6,4,2,17
A_remigis,6,4,2,17
A_remigis,6,4,2,17
A_remigis,6,4,2,17
A_remigis,6,4,2,17
A_remigis,6,4,2,18
A_remigis,6,4,2,19
A_remigis,6,4,2,22
A_remigis,6,4,3,15
A_remigis,6,4,3,16
A_remigis,6,4,3,16
A_remigis,6,4,3,16
A_remigis,6,4,3,16
A_remigis,6,4,3,16
A_remigis,6,4,3,17
A_remigis,6,4,3,17
A_remigis,6,4,3,17
A_remigis,6,4,3,17
A_remigis,6,4,3,17
A_remigis,6,4,3,18
A_remigis,6,4,3,19
A_remigis,6,4,3,21
A_remigis,6,4,4,13
A_remigis,6,4,4,13
A_remigis,6,4,4,15
A_remigis,6,4,4,15
A_remigis,6,4,4,15
A_remigis,6,4,4,16
A_remigis,6,4,4,16
A_remigis,6,4,4,16
A_remigis,6,4,4,16
A_remigis,6,4,4,16
A_remigis,6,4,4,17
A_remigis,6,4,4,17
A_remigis,6,4,4,17
A_remigis,6,4,4,17
A_remigis,6,4,4,17
A_remigis,6,4,4,17
A_remigis,6,4,4,18
A_remigis,6,4,4,18
A_remigis,6,4,4,18
A_remigis,6,4,4,18
A_remigis,6,4,4,18
A_remigis,6,4,5,14
A_remigis,6,4,5,14
A_remigis,6,4,5,14
A_remigis,6,4,5,14
A_remigis,6,4,5,15
A_remigis,6,4,5,15
A_remigis,6,4,5,15
A_remigis,6,4,5,15
A_remigis,6,4,5,15
A_remigis,6,4,5,15
A_remigis,6,4,5,15
A_remigis,6,4,5,16
A_remigis,6,4,5,16
A_remigis,6,4,5,16
A_remigis,6,4,5,16
A_remigis,6,4,5,16
A_remigis,6,4,5,17
A_remigis,6,4,5,17
A_remigis,6,4,5,17
A_remigis,6,4,5,17
A_remigis,6,4,5,20
A_remigis,6,4,6,14
A_remigis,6,4,6,15
A_remigis,6,4,6,15
A_remigis,6,4,6,15
A_remigis,6,4,6,15
A_remigis,6,4,6,15
A_remigis,6,4,6,15
A_remigis,6,4,6,15
A_remigis,6,4,6,15
A_remigis,6,4,6,15
A_remigis,6,4,6,16
A_remigis,6,4,6,16
A_remigis,6,4,6,16
A_remigis,6,4,6,16
A_remigis,6,4,6,16
A_remigis,6,4,6,17
A_remigis,6,4,6,17
A_remigis,6,4,6,17
A_remigis,6,4,6,17
A_remigis,6,4,6,18
A_remigis,6,4,6,18
A_remigis,6,4,6,20
A_remigis,6,4,7,14
A_remigis,6,4,7,15
A_remigis,6,4,7,15
A_remigis,6,4,7,15
A_remigis,6,4,7,15
A_remigis,6,4,7,15
A_remigis,6,4,7,15
A_remigis,6,4,7,15
A_remigis,6,4,7,15
A_remigis,6,4,7,16
A_remigis,6,4,7,16
A_remigis,6,4,7,16
A_remigis,6,4,7,16
A_remigis,6,4,7,16
A_remigis,6,4,7,16
A_remigis,6,4,7,17
A_remigis,6,4,7,18
A_remigis,6,4,7,18
A_remigis,6,4,7,19
A_remigis,6,4,7,19
A_remigis,6,4,8,14
A_remigis,6,4,8,14
A_remigis,6,4,8,14
A_remigis,6,4,8,15
A_remigis,6,4,8,16
A_remigis,6,4,8,16
A_remigis,6,4,8,16
A_remigis,6,4,8,17
A_remigis,6,4,8,17
A_remigis,6,4,8,17
A_remigis,6,4,8,18
A_remigis,6,4,8,18
A_remigis,6,4,8,19
A_remigis,6,4,8,19
A_remigis,6,4,8,19
A_remigis,6,5,1,21
A_remigis,6,5,1,22
A_remigis,6,5,1,22
A_remigis,6,5,1,22
A_remigis,6,5,1,22
A_remigis,6,5,1,22
A_remigis,6,5,1,22
A_remigis,6,5,1,23
A_remigis,6,5,1,23
A_remigis,6,5,1,23
A_remigis,6,5,1,23
A_remigis,6,5,1,23
A_remigis,6,5,1,23
A_remigis,6,5,1,24
A_remigis,6,5,1,24
A_remigis,6,5,1,24
A_remigis,6,5,1,25
A_remigis,6,5,1,25
A_remigis,6,5,1,25
A_remigis,6,5,1,29
A_remigis,6,5,2,21
A_remigis,6,5,2,21
A_remigis,6,5,2,21
A_remigis,6,5,2,21
A_remigis,6,5,2,22
A_remigis,6,5,2,22
A_remigis,6,5,2,22
A_remigis,6,5,2,22
A_remigis,6,5,2,23
A_remigis,6,5,2,24
A_remigis,6,5,2,24
A_remigis,6,5,2,24
A_remigis,6,5,2,24
A_remigis,6,5,2,24
A_remigis,6,5,2,24
A_remigis,6,5,2,25
A_remigis,6,5,2,25
A_remigis,6,5,2,27
A_remigis,6,5,3,21
A_remigis,6,5,3,22
A_remigis,6,5,3,22
A_remigis,6,5,3,22
A_remigis,6,5,3,23
A_remigis,6,5,3,23
A_remigis,6,5,3,23
A_remigis,6,5,3,24
A_remigis,6,5,3,24
A_remigis,6,5,3,24
A_remigis,6,5,3,24
A_remigis,6,5,3,25
A_remigis,6,5,3,26
A_remigis,6,5,4,20
A_remigis,6,5,4,21
A_remigis,6,5,4,22
A_remigis,6,5,4,22
A_remigis,6,5,4,22
A_remigis,6,5,4,22
A_remigis,6,5,4,22
A_remigis,6,5,4,22
A_remigis,6,5,4,22
A_remigis,6,5,4,23
A_remigis,6,5,4,23
A_remigis,6,5,4,24
A_remigis,6,5,4,24
A_remigis,6,5,4,25
A_remigis,6,5,4,25
A_remigis,6,5,4,25
A_remigis,6,5,4,25
A_remigis,6,5,4,25
A_remigis,6,5,4,25
A_remigis,6,5,4,26
A_remigis,6,5,4,26
A_remigis,6,5,5,20
A_remigis,6,5,5,21
A_remigis,6,5,5,21
A_remigis,6,5,5,22
A_remigis,6,5,5,22
A_remigis,6,5,5,22
A_remigis,6,5,5,22
A_remigis,6,5,5,23
A_remigis,6,5,5,23
A_remigis,6,5,5,23
A_remigis,6,5,5,23
A_remigis,6,5,5,24
A_remigis,6,5,5,24
A_remigis,6,5,5,25
A_remigis,6,5,5,25
A_remigis,6,5,5,25
A_remigis,6,5,5,25
A_remigis,6,5,5,25
A_remigis,6,5,5,25
A_remigis,6,5,5,25
A_remigis,6,5,5,26
A_remigis,6,5,6,21
A_remigis,6,5,6,21
A_remigis,6,5,6,21
A_remigis,6,5,6,21
A_remigis,6,5,6,21
A_remigis,6,5,6,22
A_remigis,6,5,6,22
A_remigis,6,5,6,22
A_remigis,6,5,6,22
A_remigis,6,5,6,23
A_remigis,6,5,6,23
A_remigis,6,5,6,23
A_remigis,6,5,6,23
A_remigis,6,5,6,24
A_remigis,6,5,6,24
A_remigis,6,5,6,24
A_remigis,6,5,6,24
A_remigis,6,5,6,25
A_remigis,6,5,6,25
A_remigis,6,5,6,25
A_remigis,6,5,6,25
A_remigis,6,5,6,26
A_remigis,6,5,7,20
A_remigis,6,5,7,21
A_remigis,6,5,7,21
A_remigis,6,5,7,21
A_remigis,6,5,7,22
A_remigis,6,5,7,22
A_remigis,6,5,7,22
A_remigis,6,5,7,22
A_remigis,6,5,7,23
A_remigis,6,5,7,23
A_remigis,6,5,7,23
A_remigis,6,5,7,23
A_remigis,6,5,7,24
A_remigis,6,5,7,24
A_remigis,6,5,7,24
A_remigis,6,5,7,24
A_remigis,6,5,7,25
A_remigis,6,5,7,26
A_remigis,6,5,7,26
A_remigis,6,5,7,26
A_remigis,6,5,8,21
A_remigis,6,5,8,21
A_remigis,6,5,8,22
A_remigis,6,5,8,23
A_remigis,6,5,8,24
A_remigis,6,5,8,24
A_remigis,6,5,8,25
A_remigis,6,5,8,25
A_remigis,6,5,8,25
A_remigis,6,5,8,26
A_remigis,6,5,8,26
A_remigis,6,5,8,26
A_remigis,6,5,8,27
A_remigis,6,5,8,27
A_remigis,6,5,8,28
A_remigis,6,Adult,1,33
A_remigis,6,Adult,1,33
A_remigis,6,Adult,1,33
A_remigis,6,Adult,1,33
A_remigis,6,Adult,1,34
A_remigis,6,Adult,1,34
A_remigis,6,Adult,1,34
A_remigis,6,Adult,1,34
A_remigis,6,Adult,1,35
A_remigis,6,Adult,1,35
A_remigis,6,Adult,1,37
A_remigis,6,Adult,1,37
A_remigis,6,Adult,1,38
A_remigis,6,Adult,1,38
A_remigis,6,Adult,1,38
A_remigis,6,Adult,1,29
A_remigis,6,Adult,1,29
A_remigis,6,Adult,1,40
A_remigis,6,Adult,1,41
A_remigis,6,Adult,1,42
A_remigis,6,Adult,2,31
A_remigis,6,Adult,2,32
A_remigis,6,Adult,2,33
A_remigis,6,Adult,2,34
A_remigis,6,Adult,2,34
A_remigis,6,Adult,2,34
A_remigis,6,Adult,2,34
A_remigis,6,Adult,2,34
A_remigis,6,Adult,2,35
A_remigis,6,Adult,2,35
A_remigis,6,Adult,2,35
A_remigis,6,Adult,2,36
A_remigis,6,Adult,2,36
A_remigis,6,Adult,2,37
A_remigis,6,Adult,2,37
A_remigis,6,Adult,2,37
A_remigis,6,Adult,2,38
A_remigis,6,Adult,2,42
A_remigis,6,Adult,3,33
A_remigis,6,Adult,3,33
A_remigis,6,Adult,3,34
A_remigis,6,Adult,3,34
A_remigis,6,Adult,3,34
A_remigis,6,Adult,3,34
A_remigis,6,Adult,3,35
A_remigis,6,Adult,3,36
A_remigis,6,Adult,3,36
A_remigis,6,Adult,3,37
A_remigis,6,Adult,3,39
A_remigis,6,Adult,3,40
A_remigis,6,Adult,4,32
A_remigis,6,Adult,4,32
A_remigis,6,Adult,4,33
A_remigis,6,Adult,4,34
A_remigis,6,Adult,4,34
A_remigis,6,Adult,4,34
A_remigis,6,Adult,4,35
A_remigis,6,Adult,4,35
A_remigis,6,Adult,4,35
A_remigis,6,Adult,4,35
A_remigis,6,Adult,4,35
A_remigis,6,Adult,4,36
A_remigis,6,Adult,4,36
A_remigis,6,Adult,4,36
A_remigis,6,Adult,4,36
A_remigis,6,Adult,4,36
A_remigis,6,Adult,4,36
A_remigis,6,Adult,4,37
A_remigis,6,Adult,4,38
A_remigis,6,Adult,4,39
A_remigis,6,Adult,5,34
A_remigis,6,Adult,5,34
A_remigis,6,Adult,5,34
A_remigis,6,Adult,5,35
A_remigis,6,Adult,5,35
A_remigis,6,Adult,5,35
A_remigis,6,Adult,5,36
A_remigis,6,Adult,5,36
A_remigis,6,Adult,5,36
A_remigis,6,Adult,5,36
A_remigis,6,Adult,5,36
A_remigis,6,Adult,5,36
A_remigis,6,Adult,5,37
A_remigis,6,Adult,5,37
A_remigis,6,Adult,5,37
A_remigis,6,Adult,5,37
A_remigis,6,Adult,5,38
A_remigis,6,Adult,5,38
A_remigis,6,Adult,5,38
A_remigis,6,Adult,5,38
A_remigis,6,Adult,5,40
A_remigis,6,Adult,6,33
A_remigis,6,Adult,6,34
A_remigis,6,Adult,6,34
A_remigis,6,Adult,6,34
A_remigis,6,Adult,6,34
A_remigis,6,Adult,6,35
A_remigis,6,Adult,6,35
A_remigis,6,Adult,6,36
A_remigis,6,Adult,6,36
A_remigis,6,Adult,6,36
A_remigis,6,Adult,6,37
A_remigis,6,Adult,6,37
A_remigis,6,Adult,6,37
A_remigis,6,Adult,6,37
A_remigis,6,Adult,6,37
A_remigis,6,Adult,6,38
A_remigis,6,Adult,6,38
A_remigis,6,Adult,6,38
A_remigis,6,Adult,6,38
A_remigis,6,Adult,6,38
A_remigis,6,Adult,6,39
A_remigis,6,Adult,7,34
A_remigis,6,Adult,7,34
A_remigis,6,Adult,7,34
A_remigis,6,Adult,7,34
A_remigis,6,Adult,7,35
A_remigis,6,Adult,7,35
A_remigis,6,Adult,7,35
A_remigis,6,Adult,7,36
A_remigis,6,Adult,7,36
A_remigis,6,Adult,7,37
A_remigis,6,Adult,7,37
A_remigis,6,Adult,7,37
A_remigis,6,Adult,7,37
A_remigis,6,Adult,7,37
A_remigis,6,Adult,7,38
A_remigis,6,Adult,7,38
A_remigis,6,Adult,7,38
A_remigis,6,Adult,7,40
A_remigis,6,Adult,8,34
A_remigis,6,Adult,8,34
A_remigis,6,Adult,8,36
A_remigis,6,Adult,8,36
A_remigis,6,Adult,8,37
A_remigis,6,Adult,8,37
A_remigis,6,Adult,8,38
A_remigis,6,Adult,8,39
A_remigis,6,Adult,8,40
A_remigis,6,Adult,8,42
A_remigis,6,Adult,8,43
A_remigis,7,2,1,4
A_remigis,7,2,1,4
A_remigis,7,2,1,4
A_remigis,7,2,1,4
A_remigis,7,2,1,4
A_remigis,7,2,1,5
A_remigis,7,2,1,5
A_remigis,7,2,1,5
A_remigis,7,2,1,5
A_remigis,7,2,1,5
A_remigis,7,2,1,5
A_remigis,7,2,1,5
A_remigis,7,2,1,5
A_remigis,7,2,1,6
A_remigis,7,2,1,6
A_remigis,7,2,1,6
A_remigis,7,2,1,6
A_remigis,7,2,1,6
A_remigis,7,2,1,6
A_remigis,7,2,1,6
A_remigis,7,2,2,4
A_remigis,7,2,2,4
A_remigis,7,2,2,5
A_remigis,7,2,2,5
A_remigis,7,2,2,5
A_remigis,7,2,2,6
A_remigis,7,2,2,6
A_remigis,7,2,2,6
A_remigis,7,2,2,7
A_remigis,7,2,2,8
A_remigis,7,2,2,8
A_remigis,7,2,2,8
A_remigis,7,2,2,9
A_remigis,7,2,2,9
A_remigis,7,2,2,9
A_remigis,7,2,2,10
A_remigis,7,2,2,11
A_remigis,7,2,3,5
A_remigis,7,2,3,5
A_remigis,7,2,3,5
A_remigis,7,2,3,5
A_remigis,7,2,3,5
A_remigis,7,2,3,5
A_remigis,7,2,3,5
A_remigis,7,2,3,5
A_remigis,7,2,3,6
A_remigis,7,2,3,6
A_remigis,7,2,3,6
A_remigis,7,2,3,6
A_remigis,7,2,3,6
A_remigis,7,2,3,6
A_remigis,7,2,3,6
A_remigis,7,2,3,6
A_remigis,7,2,3,7
A_remigis,7,2,3,7
A_remigis,7,2,3,7
A_remigis,7,2,3,7
A_remigis,7,2,3,7
A_remigis,7,2,4,4
A_remigis,7,2,4,4
A_remigis,7,2,4,4
A_remigis,7,2,4,4
A_remigis,7,2,4,4
A_remigis,7,2,4,4
A_remigis,7,2,4,5
A_remigis,7,2,4,5
A_remigis,7,2,4,5
A_remigis,7,2,4,5
A_remigis,7,2,4,5
A_remigis,7,2,4,5
A_remigis,7,2,4,5
A_remigis,7,2,4,6
A_remigis,7,2,4,6
A_remigis,7,2,4,6
A_remigis,7,2,4,6
A_remigis,7,2,4,7
A_remigis,7,2,4,7
A_remigis,7,2,4,7
A_remigis,7,2,4,7
A_remigis,7,2,4,7
A_remigis,7,2,4,7
A_remigis,7,2,5,4
A_remigis,7,2,5,4
A_remigis,7,2,5,4
A_remigis,7,2,5,4
A_remigis,7,2,5,5
A_remigis,7,2,5,5
A_remigis,7,2,5,5
A_remigis,7,2,5,5
A_remigis,7,2,5,5
A_remigis,7,2,5,5
A_remigis,7,2,5,5
A_remigis,7,2,5,5
A_remigis,7,2,5,5
A_remigis,7,2,5,6
A_remigis,7,2,5,6
A_remigis,7,2,5,6
A_remigis,7,2,5,6
A_remigis,7,2,5,6
A_remigis,7,2,5,6
A_remigis,7,2,5,7
A_remigis,7,2,6,3
A_remigis,7,2,6,4
A_remigis,7,2,6,4
A_remigis,7,2,6,4
A_remigis,7,2,6,4
A_remigis,7,2,6,4
A_remigis,7,2,6,4
A_remigis,7,2,6,5
A_remigis,7,2,6,5
A_remigis,7,2,6,5
A_remigis,7,2,6,5
A_remigis,7,2,6,5
A_remigis,7,2,6,5
A_remigis,7,2,6,6
A_remigis,7,2,6,6
A_remigis,7,2,6,6
A_remigis,7,2,6,6
A_remigis,7,2,6,6
A_remigis,7,2,6,7
A_remigis,7,2,6,7
A_remigis,7,2,7,4
A_remigis,7,2,7,5
A_remigis,7,2,7,5
A_remigis,7,2,7,5
A_remigis,7,2,7,5
A_remigis,7,2,7,5
A_remigis,7,2,7,5
A_remigis,7,2,7,5
A_remigis,7,2,7,5
A_remigis,7,2,7,5
A_remigis,7,2,7,6
A_remigis,7,2,7,6
A_remigis,7,2,7,6
A_remigis,7,2,7,6
A_remigis,7,2,7,6
A_remigis,7,2,7,6
A_remigis,7,2,7,6
A_remigis,7,2,7,6
A_remigis,7,2,7,6
A_remigis,7,2,7,7
A_remigis,7,2,7,7
A_remigis,7,2,8,4
A_remigis,7,2,8,4
A_remigis,7,2,8,5
A_remigis,7,2,8,5
A_remigis,7,2,8,5
A_remigis,7,2,8,6
A_remigis,7,2,8,6
A_remigis,7,2,8,6
A_remigis,7,2,8,6
A_remigis,7,2,8,6
A_remigis,7,2,8,6
A_remigis,7,2,8,7
A_remigis,7,2,8,7
A_remigis,7,2,8,7
A_remigis,7,2,8,7
A_remigis,7,2,8,7
A_remigis,7,2,8,8
A_remigis,7,2,8,8
A_remigis,7,3,1,8
A_remigis,7,3,1,8
A_remigis,7,3,1,9
A_remigis,7,3,1,9
A_remigis,7,3,1,9
A_remigis,7,3,1,9
A_remigis,7,3,1,9
A_remigis,7,3,1,9
A_remigis,7,3,1,9
A_remigis,7,3,1,9
A_remigis,7,3,1,10
A_remigis,7,3,1,10
A_remigis,7,3,1,10
A_remigis,7,3,1,10
A_remigis,7,3,1,11
A_remigis,7,3,1,11
A_remigis,7,3,1,11
A_remigis,7,3,1,11
A_remigis,7,3,1,13
A_remigis,7,3,2,9
A_remigis,7,3,2,9
A_remigis,7,3,2,9
A_remigis,7,3,2,9
A_remigis,7,3,2,10
A_remigis,7,3,2,10
A_remigis,7,3,2,11
A_remigis,7,3,2,12
A_remigis,7,3,2,12
A_remigis,7,3,2,12
A_remigis,7,3,2,12
A_remigis,7,3,2,13
A_remigis,7,3,2,13
A_remigis,7,3,2,13
A_remigis,7,3,2,13
A_remigis,7,3,2,14
A_remigis,7,3,2,14
A_remigis,7,3,3,9
A_remigis,7,3,3,9
A_remigis,7,3,3,9
A_remigis,7,3,3,9
A_remigis,7,3,3,10
A_remigis,7,3,3,10
A_remigis,7,3,3,10
A_remigis,7,3,3,10
A_remigis,7,3,3,10
A_remigis,7,3,3,10
A_remigis,7,3,3,10
A_remigis,7,3,3,11
A_remigis,7,3,3,11
A_remigis,7,3,3,11
A_remigis,7,3,3,11
A_remigis,7,3,3,12
A_remigis,7,3,3,12
A_remigis,7,3,3,12
A_remigis,7,3,3,13
A_remigis,7,3,4,8
A_remigis,7,3,4,9
A_remigis,7,3,4,9
A_remigis,7,3,4,9
A_remigis,7,3,4,9
A_remigis,7,3,4,9
A_remigis,7,3,4,9
A_remigis,7,3,4,9
A_remigis,7,3,4,9
A_remigis,7,3,4,9
A_remigis,7,3,4,10
A_remigis,7,3,4,10
A_remigis,7,3,4,10
A_remigis,7,3,4,10
A_remigis,7,3,4,10
A_remigis,7,3,4,10
A_remigis,7,3,4,11
A_remigis,7,3,4,11
A_remigis,7,3,4,11
A_remigis,7,3,4,11
A_remigis,7,3,4,11
A_remigis,7,3,5,8
A_remigis,7,3,5,8
A_remigis,7,3,5,8
A_remigis,7,3,5,9
A_remigis,7,3,5,9
A_remigis,7,3,5,9
A_remigis,7,3,5,9
A_remigis,7,3,5,9
A_remigis,7,3,5,9
A_remigis,7,3,5,10
A_remigis,7,3,5,10
A_remigis,7,3,5,10
A_remigis,7,3,5,10
A_remigis,7,3,5,10
A_remigis,7,3,5,12
A_remigis,7,3,6,7
A_remigis,7,3,6,8
A_remigis,7,3,6,8
A_remigis,7,3,6,8
A_remigis,7,3,6,8
A_remigis,7,3,6,9
A_remigis,7,3,6,9
A_remigis,7,3,6,9
A_remigis,7,3,6,9
A_remigis,7,3,6,10
A_remigis,7,3,6,10
A_remigis,7,3,6,10
A_remigis,7,3,6,10
A_remigis,7,3,6,11
A_remigis,7,3,6,12
A_remigis,7,3,6,14
A_remigis,7,3,7,9
A_remigis,7,3,7,9
A_remigis,7,3,7,9
A_remigis,7,3,7,9
A_remigis,7,3,7,9
A_remigis,7,3,7,9
A_remigis,7,3,7,9
A_remigis,7,3,7,9
A_remigis,7,3,7,9
A_remigis,7,3,7,10
A_remigis,7,3,7,11
A_remigis,7,3,7,11
A_remigis,7,3,7,11
A_remigis,7,3,7,11
A_remigis,7,3,7,11
A_remigis,7,3,7,11
A_remigis,7,3,7,11
A_remigis,7,3,7,12
A_remigis,7,3,8,8
A_remigis,7,3,8,9
A_remigis,7,3,8,9
A_remigis,7,3,8,9
A_remigis,7,3,8,10
A_remigis,7,3,8,10
A_remigis,7,3,8,10
A_remigis,7,3,8,10
A_remigis,7,3,8,11
A_remigis,7,3,8,11
A_remigis,7,3,8,11
A_remigis,7,3,8,11
A_remigis,7,3,8,11
A_remigis,7,3,8,12
A_remigis,7,3,8,12
A_remigis,7,3,8,12
A_remigis,7,3,8,12
A_remigis,7,4,1,13
A_remigis,7,4,1,13
A_remigis,7,4,1,13
A_remigis,7,4,1,13
A_remigis,7,4,1,13
A_remigis,7,4,1,14
A_remigis,7,4,1,14
A_remigis,7,4,1,14
A_remigis,7,4,1,14
A_remigis,7,4,1,15
A_remigis,7,4,1,16
A_remigis,7,4,1,16
A_remigis,7,4,1,16
A_remigis,7,4,1,16
A_remigis,7,4,1,16
A_remigis,7,4,1,17
A_remigis,7,4,1,17
A_remigis,7,4,1,18
A_remigis,7,4,2,14
A_remigis,7,4,2,14
A_remigis,7,4,2,14
A_remigis,7,4,2,14
A_remigis,7,4,2,15
A_remigis,7,4,2,15
A_remigis,7,4,2,16
A_remigis,7,4,2,16
A_remigis,7,4,2,16
A_remigis,7,4,2,17
A_remigis,7,4,2,17
A_remigis,7,4,2,17
A_remigis,7,4,2,17
A_remigis,7,4,2,18
A_remigis,7,4,2,18
A_remigis,7,4,2,18
A_remigis,7,4,3,14
A_remigis,7,4,3,14
A_remigis,7,4,3,14
A_remigis,7,4,3,15
A_remigis,7,4,3,15
A_remigis,7,4,3,15
A_remigis,7,4,3,15
A_remigis,7,4,3,15
A_remigis,7,4,3,15
A_remigis,7,4,3,16
A_remigis,7,4,3,16
A_remigis,7,4,3,16
A_remigis,7,4,3,16
A_remigis,7,4,3,17
A_remigis,7,4,3,17
A_remigis,7,4,3,17
A_remigis,7,4,3,17
A_remigis,7,4,3,17
A_remigis,7,4,4,13
A_remigis,7,4,4,13
A_remigis,7,4,4,14
A_remigis,7,4,4,14
A_remigis,7,4,4,14
A_remigis,7,4,4,14
A_remigis,7,4,4,14
A_remigis,7,4,4,14
A_remigis,7,4,4,14
A_remigis,7,4,4,15
A_remigis,7,4,4,15
A_remigis,7,4,4,15
A_remigis,7,4,4,15
A_remigis,7,4,4,15
A_remigis,7,4,4,16
A_remigis,7,4,4,16
A_remigis,7,4,4,16
A_remigis,7,4,4,16
A_remigis,7,4,4,16
A_remigis,7,4,4,16
A_remigis,7,4,4,18
A_remigis,7,4,5,13
A_remigis,7,4,5,13
A_remigis,7,4,5,13
A_remigis,7,4,5,13
A_remigis,7,4,5,13
A_remigis,7,4,5,13
A_remigis,7,4,5,14
A_remigis,7,4,5,14
A_remigis,7,4,5,14
A_remigis,7,4,5,15
A_remigis,7,4,5,15
A_remigis,7,4,5,15
A_remigis,7,4,5,15
A_remigis,7,4,5,16
A_remigis,7,4,5,17
A_remigis,7,4,6,12
A_remigis,7,4,6,13
A_remigis,7,4,6,13
A_remigis,7,4,6,13
A_remigis,7,4,6,13
A_remigis,7,4,6,14
A_remigis,7,4,6,14
A_remigis,7,4,6,14
A_remigis,7,4,6,15
A_remigis,7,4,6,15
A_remigis,7,4,6,15
A_remigis,7,4,6,15
A_remigis,7,4,6,16
A_remigis,7,4,6,16
A_remigis,7,4,6,17
A_remigis,7,4,6,19
A_remigis,7,4,7,13
A_remigis,7,4,7,13
A_remigis,7,4,7,14
A_remigis,7,4,7,14
A_remigis,7,4,7,14
A_remigis,7,4,7,14
A_remigis,7,4,7,14
A_remigis,7,4,7,14
A_remigis,7,4,7,14
A_remigis,7,4,7,14
A_remigis,7,4,7,14
A_remigis,7,4,7,15
A_remigis,7,4,7,15
A_remigis,7,4,7,16
A_remigis,7,4,7,16
A_remigis,7,4,7,16
A_remigis,7,4,7,17
A_remigis,7,4,8,13
A_remigis,7,4,8,13
A_remigis,7,4,8,14
A_remigis,7,4,8,15
A_remigis,7,4,8,15
A_remigis,7,4,8,15
A_remigis,7,4,8,15
A_remigis,7,4,8,15
A_remigis,7,4,8,16
A_remigis,7,4,8,16
A_remigis,7,4,8,17
A_remigis,7,4,8,17
A_remigis,7,4,8,17
A_remigis,7,4,8,17
A_remigis,7,4,8,17
A_remigis,7,4,8,18
A_remigis,7,5,1,19
A_remigis,7,5,1,19
A_remigis,7,5,1,19
A_remigis,7,5,1,20
A_remigis,7,5,1,20
A_remigis,7,5,1,20
A_remigis,7,5,1,20
A_remigis,7,5,1,20
A_remigis,7,5,1,22
A_remigis,7,5,1,22
A_remigis,7,5,1,22
A_remigis,7,5,1,23
A_remigis,7,5,1,23
A_remigis,7,5,1,24
A_remigis,7,5,1,24
A_remigis,7,5,1,26
A_remigis,7,5,2,20
A_remigis,7,5,2,20
A_remigis,7,5,2,20
A_remigis,7,5,2,20
A_remigis,7,5,2,20
A_remigis,7,5,2,21
A_remigis,7,5,2,21
A_remigis,7,5,2,22
A_remigis,7,5,2,22
A_remigis,7,5,2,22
A_remigis,7,5,2,23
A_remigis,7,5,2,23
A_remigis,7,5,2,24
A_remigis,7,5,2,25
A_remigis,7,5,3,19
A_remigis,7,5,3,19
A_remigis,7,5,3,20
A_remigis,7,5,3,21
A_remigis,7,5,3,21
A_remigis,7,5,3,21
A_remigis,7,5,3,21
A_remigis,7,5,3,21
A_remigis,7,5,3,22
A_remigis,7,5,3,22
A_remigis,7,5,3,22
A_remigis,7,5,3,22
A_remigis,7,5,3,22
A_remigis,7,5,3,23
A_remigis,7,5,3,23
A_remigis,7,5,3,23
A_remigis,7,5,3,23
A_remigis,7,5,3,24
A_remigis,7,5,4,20
A_remigis,7,5,4,20
A_remigis,7,5,4,20
A_remigis,7,5,4,20
A_remigis,7,5,4,20
A_remigis,7,5,4,20
A_remigis,7,5,4,20
A_remigis,7,5,4,21
A_remigis,7,5,4,21
A_remigis,7,5,4,21
A_remigis,7,5,4,21
A_remigis,7,5,4,21
A_remigis,7,5,4,21
A_remigis,7,5,4,22
A_remigis,7,5,4,22
A_remigis,7,5,4,22
A_remigis,7,5,4,22
A_remigis,7,5,4,23
A_remigis,7,5,4,24
A_remigis,7,5,4,25
A_remigis,7,5,5,19
A_remigis,7,5,5,19
A_remigis,7,5,5,19
A_remigis,7,5,5,20
A_remigis,7,5,5,20
A_remigis,7,5,5,20
A_remigis,7,5,5,20
A_remigis,7,5,5,20
A_remigis,7,5,5,21
A_remigis,7,5,5,21
A_remigis,7,5,5,22
A_remigis,7,5,5,22
A_remigis,7,5,5,23
A_remigis,7,5,5,23
A_remigis,7,5,6,17
A_remigis,7,5,6,18
A_remigis,7,5,6,18
A_remigis,7,5,6,19
A_remigis,7,5,6,19
A_remigis,7,5,6,20
A_remigis,7,5,6,20
A_remigis,7,5,6,20
A_remigis,7,5,6,20
A_remigis,7,5,6,20
A_remigis,7,5,6,20
A_remigis,7,5,6,22
A_remigis,7,5,6,22
A_remigis,7,5,6,23
A_remigis,7,5,6,23
A_remigis,7,5,6,25
A_remigis,7,5,7,18
A_remigis,7,5,7,18
A_remigis,7,5,7,20
A_remigis,7,5,7,20
A_remigis,7,5,7,20
A_remigis,7,5,7,20
A_remigis,7,5,7,20
A_remigis,7,5,7,20
A_remigis,7,5,7,20
A_remigis,7,5,7,21
A_remigis,7,5,7,22
A_remigis,7,5,7,22
A_remigis,7,5,7,22
A_remigis,7,5,7,22
A_remigis,7,5,7,23
A_remigis,7,5,8,19
A_remigis,7,5,8,20
A_remigis,7,5,8,21
A_remigis,7,5,8,21
A_remigis,7,5,8,22
A_remigis,7,5,8,22
A_remigis,7,5,8,22
A_remigis,7,5,8,22
A_remigis,7,5,8,22
A_remigis,7,5,8,23
A_remigis,7,5,8,23
A_remigis,7,5,8,23
A_remigis,7,5,8,23
A_remigis,7,5,8,24
A_remigis,7,5,8,24
A_remigis,7,5,8,25
A_remigis,7,Adult,1,30
A_remigis,7,Adult,1,30
A_remigis,7,Adult,1,31
A_remigis,7,Adult,1,31
A_remigis,7,Adult,1,31
A_remigis,7,Adult,1,31
A_remigis,7,Adult,1,32
A_remigis,7,Adult,1,34
A_remigis,7,Adult,1,34
A_remigis,7,Adult,1,34
A_remigis,7,Adult,1,34
A_remigis,7,Adult,1,36
A_remigis,7,Adult,1,36
A_remigis,7,Adult,2,30
A_remigis,7,Adult,2,31
A_remigis,7,Adult,2,31
A_remigis,7,Adult,2,31
A_remigis,7,Adult,2,31
A_remigis,7,Adult,2,32
A_remigis,7,Adult,2,32
A_remigis,7,Adult,2,32
A_remigis,7,Adult,2,33
A_remigis,7,Adult,2,33
A_remigis,7,Adult,2,33
A_remigis,7,Adult,2,34
A_remigis,7,Adult,2,35
A_remigis,7,Adult,2,37
A_remigis,7,Adult,3,29
A_remigis,7,Adult,3,30
A_remigis,7,Adult,3,31
A_remigis,7,Adult,3,31
A_remigis,7,Adult,3,31
A_remigis,7,Adult,3,31
A_remigis,7,Adult,3,32
A_remigis,7,Adult,3,33
A_remigis,7,Adult,3,33
A_remigis,7,Adult,3,33
A_remigis,7,Adult,3,33
A_remigis,7,Adult,3,33
A_remigis,7,Adult,3,34
A_remigis,7,Adult,3,34
A_remigis,7,Adult,3,34
A_remigis,7,Adult,3,34
A_remigis,7,Adult,3,34
A_remigis,7,Adult,3,36
A_remigis,7,Adult,4,30
A_remigis,7,Adult,4,31
A_remigis,7,Adult,4,31
A_remigis,7,Adult,4,31
A_remigis,7,Adult,4,32
A_remigis,7,Adult,4,33
A_remigis,7,Adult,4,33
A_remigis,7,Adult,4,33
A_remigis,7,Adult,4,33
A_remigis,7,Adult,4,33
A_remigis,7,Adult,4,33
A_remigis,7,Adult,4,33
A_remigis,7,Adult,4,33
A_remigis,7,Adult,4,34
A_remigis,7,Adult,4,34
A_remigis,7,Adult,4,35
A_remigis,7,Adult,4,35
A_remigis,7,Adult,4,38
A_remigis,7,Adult,5,29
A_remigis,7,Adult,5,30
A_remigis,7,Adult,5,30
A_remigis,7,Adult,5,30
A_remigis,7,Adult,5,30
A_remigis,7,Adult,5,30
A_remigis,7,Adult,5,30
A_remigis,7,Adult,5,31
A_remigis,7,Adult,5,31
A_remigis,7,Adult,5,32
A_remigis,7,Adult,5,32
A_remigis,7,Adult,5,33
A_remigis,7,Adult,5,34
A_remigis,7,Adult,5,35
A_remigis,7,Adult,6,27
A_remigis,7,Adult,6,28
A_remigis,7,Adult,6,28
A_remigis,7,Adult,6,29
A_remigis,7,Adult,6,29
A_remigis,7,Adult,6,30
A_remigis,7,Adult,6,30
A_remigis,7,Adult,6,31
A_remigis,7,Adult,6,31
A_remigis,7,Adult,6,31
A_remigis,7,Adult,6,32
A_remigis,7,Adult,6,33
A_remigis,7,Adult,6,33
A_remigis,7,Adult,6,33
A_remigis,7,Adult,6,35
A_remigis,7,Adult,7,29
A_remigis,7,Adult,7,30
A_remigis,7,Adult,7,30
A_remigis,7,Adult,7,31
A_remigis,7,Adult,7,31
A_remigis,7,Adult,7,31
A_remigis,7,Adult,7,31
A_remigis,7,Adult,7,32
A_remigis,7,Adult,7,32
A_remigis,7,Adult,7,33
A_remigis,7,Adult,7,33
A_remigis,7,Adult,7,34
A_remigis,7,Adult,7,35
A_remigis,7,Adult,8,30
A_remigis,7,Adult,8,30
A_remigis,7,Adult,8,31
A_remigis,7,Adult,8,31
A_remigis,7,Adult,8,32
A_remigis,7,Adult,8,32
A_remigis,7,Adult,8,32
A_remigis,7,Adult,8,32
A_remigis,7,Adult,8,33
A_remigis,7,Adult,8,33
A_remigis,7,Adult,8,34
A_remigis,7,Adult,8,34
A_remigis,7,Adult,8,34
A_remigis,7,Adult,8,35
A_remigis,8,2,1,4
A_remigis,8,2,1,4
A_remigis,8,2,1,4
A_remigis,8,2,1,4
A_remigis,8,2,1,5
A_remigis,8,2,1,5
A_remigis,8,2,1,5
A_remigis,8,2,1,5
A_remigis,8,2,1,5
A_remigis,8,2,1,5
A_remigis,8,2,1,5
A_remigis,8,2,1,6
A_remigis,8,2,1,6
A_remigis,8,2,1,6
A_remigis,8,2,1,6
A_remigis,8,2,1,6
A_remigis,8,2,1,6
A_remigis,8,2,1,6
A_remigis,8,2,1,6
A_remigis,8,2,1,6
A_remigis,8,2,1,6
A_remigis,8,2,1,7
A_remigis,8,2,2,4
A_remigis,8,2,2,4
A_remigis,8,2,2,5
A_remigis,8,2,2,5
A_remigis,8,2,2,5
A_remigis,8,2,2,5
A_remigis,8,2,2,5
A_remigis,8,2,2,5
A_remigis,8,2,2,6
A_remigis,8,2,2,6
A_remigis,8,2,2,6
A_remigis,8,2,2,6
A_remigis,8,2,2,6
A_remigis,8,2,2,6
A_remigis,8,2,2,6
A_remigis,8,2,2,6
A_remigis,8,2,2,7
A_remigis,8,2,2,8
A_remigis,8,2,2,8
A_remigis,8,2,3,4
A_remigis,8,2,3,4
A_remigis,8,2,3,4
A_remigis,8,2,3,4
A_remigis,8,2,3,4
A_remigis,8,2,3,4
A_remigis,8,2,3,5
A_remigis,8,2,3,5
A_remigis,8,2,3,5
A_remigis,8,2,3,5
A_remigis,8,2,3,5
A_remigis,8,2,3,5
A_remigis,8,2,3,5
A_remigis,8,2,3,5
A_remigis,8,2,3,6
A_remigis,8,2,3,6
A_remigis,8,2,3,6
A_remigis,8,2,3,6
A_remigis,8,2,3,7
A_remigis,8,2,3,7
A_remigis,8,2,4,4
A_remigis,8,2,4,4
A_remigis,8,2,4,5
A_remigis,8,2,4,5
A_remigis,8,2,4,5
A_remigis,8,2,4,5
A_remigis,8,2,4,5
A_remigis,8,2,4,5
A_remigis,8,2,4,5
A_remigis,8,2,4,5
A_remigis,8,2,4,5
A_remigis,8,2,4,6
A_remigis,8,2,4,6
A_remigis,8,2,4,6
A_remigis,8,2,4,6
A_remigis,8,2,4,6
A_remigis,8,2,4,6
A_remigis,8,2,4,7
A_remigis,8,2,5,4
A_remigis,8,2,5,4
A_remigis,8,2,5,4
A_remigis,8,2,5,4
A_remigis,8,2,5,4
A_remigis,8,2,5,4
A_remigis,8,2,5,5
A_remigis,8,2,5,5
A_remigis,8,2,5,5
A_remigis,8,2,5,5
A_remigis,8,2,5,5
A_remigis,8,2,5,5
A_remigis,8,2,5,6
A_remigis,8,2,5,6
A_remigis,8,2,5,6
A_remigis,8,2,5,6
A_remigis,8,2,5,6
A_remigis,8,2,5,6
A_remigis,8,2,5,6
A_remigis,8,2,6,4
A_remigis,8,2,6,4
A_remigis,8,2,6,5
A_remigis,8,2,6,5
A_remigis,8,2,6,5
A_remigis,8,2,6,5
A_remigis,8,2,6,5
A_remigis,8,2,6,5
A_remigis,8,2,6,5
A_remigis,8,2,6,6
A_remigis,8,2,6,6
A_remigis,8,2,6,6
A_remigis,8,2,6,6
A_remigis,8,2,6,6
A_remigis,8,2,6,6
A_remigis,8,2,6,6
A_remigis,8,2,7,4
A_remigis,8,2,7,4
A_remigis,8,2,7,5
A_remigis,8,2,7,5
A_remigis,8,2,7,5
A_remigis,8,2,7,5
A_remigis,8,2,7,5
A_remigis,8,2,7,5
A_remigis,8,2,7,5
A_remigis,8,2,7,5
A_remigis,8,2,7,5
A_remigis,8,2,7,6
A_remigis,8,2,7,6
A_remigis,8,2,7,6
A_remigis,8,2,7,6
A_remigis,8,2,7,6
A_remigis,8,2,7,6
A_remigis,8,2,7,6
A_remigis,8,2,7,6
A_remigis,8,2,7,6
A_remigis,8,2,8,4
A_remigis,8,2,8,4
A_remigis,8,2,8,5
A_remigis,8,2,8,5
A_remigis,8,2,8,5
A_remigis,8,2,8,5
A_remigis,8,2,8,5
A_remigis,8,2,8,6
A_remigis,8,2,8,6
A_remigis,8,2,8,6
A_remigis,8,2,8,6
A_remigis,8,2,8,6
A_remigis,8,2,8,6
A_remigis,8,2,8,7
A_remigis,8,2,8,7
A_remigis,8,2,8,7
A_remigis,8,2,8,7
A_remigis,8,2,8,8
A_remigis,8,2,8,8
A_remigis,8,3,1,8
A_remigis,8,3,1,8
A_remigis,8,3,1,8
A_remigis,8,3,1,9
A_remigis,8,3,1,9
A_remigis,8,3,1,9
A_remigis,8,3,1,9
A_remigis,8,3,1,9
A_remigis,8,3,1,9
A_remigis,8,3,1,10
A_remigis,8,3,1,10
A_remigis,8,3,1,10
A_remigis,8,3,1,10
A_remigis,8,3,1,10
A_remigis,8,3,1,10
A_remigis,8,3,1,10
A_remigis,8,3,1,10
A_remigis,8,3,1,10
A_remigis,8,3,1,10
A_remigis,8,3,1,11
A_remigis,8,3,1,11
A_remigis,8,3,1,12
A_remigis,8,3,2,9
A_remigis,8,3,2,9
A_remigis,8,3,2,9
A_remigis,8,3,2,9
A_remigis,8,3,2,9
A_remigis,8,3,2,9
A_remigis,8,3,2,10
A_remigis,8,3,2,10
A_remigis,8,3,2,10
A_remigis,8,3,2,10
A_remigis,8,3,2,11
A_remigis,8,3,2,11
A_remigis,8,3,2,11
A_remigis,8,3,2,11
A_remigis,8,3,2,11
A_remigis,8,3,2,11
A_remigis,8,3,2,12
A_remigis,8,3,2,12
A_remigis,8,3,2,18
A_remigis,8,3,3,8
A_remigis,8,3,3,8
A_remigis,8,3,3,8
A_remigis,8,3,3,8
A_remigis,8,3,3,8
A_remigis,8,3,3,9
A_remigis,8,3,3,9
A_remigis,8,3,3,9
A_remigis,8,3,3,9
A_remigis,8,3,3,9
A_remigis,8,3,3,9
A_remigis,8,3,3,10
A_remigis,8,3,3,10
A_remigis,8,3,3,11
A_remigis,8,3,3,11
A_remigis,8,3,3,11
A_remigis,8,3,3,11
A_remigis,8,3,3,11
A_remigis,8,3,4,8
A_remigis,8,3,4,8
A_remigis,8,3,4,9
A_remigis,8,3,4,9
A_remigis,8,3,4,9
A_remigis,8,3,4,9
A_remigis,8,3,4,10
A_remigis,8,3,4,10
A_remigis,8,3,4,10
A_remigis,8,3,4,10
A_remigis,8,3,4,10
A_remigis,8,3,4,10
A_remigis,8,3,4,11
A_remigis,8,3,4,11
A_remigis,8,3,4,11
A_remigis,8,3,4,11
A_remigis,8,3,4,12
A_remigis,8,3,5,8
A_remigis,8,3,5,8
A_remigis,8,3,5,8
A_remigis,8,3,5,8
A_remigis,8,3,5,9
A_remigis,8,3,5,9
A_remigis,8,3,5,9
A_remigis,8,3,5,9
A_remigis,8,3,5,9
A_remigis,8,3,5,9
A_remigis,8,3,5,10
A_remigis,8,3,5,10
A_remigis,8,3,5,10
A_remigis,8,3,5,10
A_remigis,8,3,5,10
A_remigis,8,3,5,11
A_remigis,8,3,5,11
A_remigis,8,3,6,8
A_remigis,8,3,6,9
A_remigis,8,3,6,9
A_remigis,8,3,6,9
A_remigis,8,3,6,9
A_remigis,8,3,6,9
A_remigis,8,3,6,9
A_remigis,8,3,6,10
A_remigis,8,3,6,10
A_remigis,8,3,6,10
A_remigis,8,3,6,10
A_remigis,8,3,6,10
A_remigis,8,3,6,11
A_remigis,8,3,6,11
A_remigis,8,3,6,13
A_remigis,8,3,7,8
A_remigis,8,3,7,8
A_remigis,8,3,7,9
A_remigis,8,3,7,9
A_remigis,8,3,7,9
A_remigis,8,3,7,9
A_remigis,8,3,7,9
A_remigis,8,3,7,9
A_remigis,8,3,7,10
A_remigis,8,3,7,10
A_remigis,8,3,7,10
A_remigis,8,3,7,10
A_remigis,8,3,7,10
A_remigis,8,3,7,10
A_remigis,8,3,7,10
A_remigis,8,3,7,10
A_remigis,8,3,8,8
A_remigis,8,3,8,9
A_remigis,8,3,8,9
A_remigis,8,3,8,9
A_remigis,8,3,8,9
A_remigis,8,3,8,10
A_remigis,8,3,8,10
A_remigis,8,3,8,11
A_remigis,8,3,8,11
A_remigis,8,3,8,11
A_remigis,8,3,8,11
A_remigis,8,3,8,12
A_remigis,8,3,8,12
A_remigis,8,3,8,12
A_remigis,8,3,8,13
A_remigis,8,3,8,13
A_remigis,8,4,1,12
A_remigis,8,4,1,13
A_remigis,8,4,1,13
A_remigis,8,4,1,13
A_remigis,8,4,1,14
A_remigis,8,4,1,14
A_remigis,8,4,1,14
A_remigis,8,4,1,14
A_remigis,8,4,1,15
A_remigis,8,4,1,15
A_remigis,8,4,1,15
A_remigis,8,4,1,15
A_remigis,8,4,1,16
A_remigis,8,4,1,16
A_remigis,8,4,1,16
A_remigis,8,4,1,16
A_remigis,8,4,1,16
A_remigis,8,4,1,17
A_remigis,8,4,1,17
A_remigis,8,4,2,13
A_remigis,8,4,2,13
A_remigis,8,4,2,14
A_remigis,8,4,2,14
A_remigis,8,4,2,14
A_remigis,8,4,2,14
A_remigis,8,4,2,14
A_remigis,8,4,2,14
A_remigis,8,4,2,15
A_remigis,8,4,2,15
A_remigis,8,4,2,15
A_remigis,8,4,2,15
A_remigis,8,4,2,15
A_remigis,8,4,2,16
A_remigis,8,4,2,16
A_remigis,8,4,2,17
A_remigis,8,4,2,18
A_remigis,8,4,2,18
A_remigis,8,4,3,13
A_remigis,8,4,3,13
A_remigis,8,4,3,13
A_remigis,8,4,3,13
A_remigis,8,4,3,13
A_remigis,8,4,3,14
A_remigis,8,4,3,14
A_remigis,8,4,3,14
A_remigis,8,4,3,14
A_remigis,8,4,3,14
A_remigis,8,4,3,15
A_remigis,8,4,3,15
A_remigis,8,4,3,15
A_remigis,8,4,3,16
A_remigis,8,4,3,16
A_remigis,8,4,3,16
A_remigis,8,4,3,17
A_remigis,8,4,3,17
A_remigis,8,4,4,13
A_remigis,8,4,4,13
A_remigis,8,4,4,14
A_remigis,8,4,4,14
A_remigis,8,4,4,14
A_remigis,8,4,4,14
A_remigis,8,4,4,15
A_remigis,8,4,4,15
A_remigis,8,4,4,15
A_remigis,8,4,4,15
A_remigis,8,4,4,15
A_remigis,8,4,4,15
A_remigis,8,4,4,16
A_remigis,8,4,4,16
A_remigis,8,4,4,20
A_remigis,8,4,5,12
A_remigis,8,4,5,12
A_remigis,8,4,5,12
A_remigis,8,4,5,12
A_remigis,8,4,5,13
A_remigis,8,4,5,13
A_remigis,8,4,5,13
A_remigis,8,4,5,14
A_remigis,8,4,5,14
A_remigis,8,4,5,14
A_remigis,8,4,5,14
A_remigis,8,4,5,15
A_remigis,8,4,5,15
A_remigis,8,4,5,15
A_remigis,8,4,5,15
A_remigis,8,4,5,16
A_remigis,8,4,5,16
A_remigis,8,4,6,13
A_remigis,8,4,6,13
A_remigis,8,4,6,13
A_remigis,8,4,6,14
A_remigis,8,4,6,14
A_remigis,8,4,6,14
A_remigis,8,4,6,14
A_remigis,8,4,6,14
A_remigis,8,4,6,14
A_remigis,8,4,6,14
A_remigis,8,4,6,15
A_remigis,8,4,6,16
A_remigis,8,4,6,16
A_remigis,8,4,6,16
A_remigis,8,4,6,19
A_remigis,8,4,7,13
A_remigis,8,4,7,13
A_remigis,8,4,7,13
A_remigis,8,4,7,13
A_remigis,8,4,7,14
A_remigis,8,4,7,14
A_remigis,8,4,7,14
A_remigis,8,4,7,14
A_remigis,8,4,7,15
A_remigis,8,4,7,15
A_remigis,8,4,7,15
A_remigis,8,4,7,15
A_remigis,8,4,7,16
A_remigis,8,4,7,16
A_remigis,8,4,7,16
A_remigis,8,4,7,16
A_remigis,8,4,8,13
A_remigis,8,4,8,13
A_remigis,8,4,8,13
A_remigis,8,4,8,14
A_remigis,8,4,8,14
A_remigis,8,4,8,15
A_remigis,8,4,8,15
A_remigis,8,4,8,16
A_remigis,8,4,8,16
A_remigis,8,4,8,16
A_remigis,8,4,8,16
A_remigis,8,4,8,17
A_remigis,8,4,8,18
A_remigis,8,4,8,18
A_remigis,8,4,8,19
A_remigis,8,5,1,18
A_remigis,8,5,1,19
A_remigis,8,5,1,19
A_remigis,8,5,1,20
A_remigis,8,5,1,20
A_remigis,8,5,1,20
A_remigis,8,5,1,20
A_remigis,8,5,1,20
A_remigis,8,5,1,20
A_remigis,8,5,1,22
A_remigis,8,5,1,22
A_remigis,8,5,1,22
A_remigis,8,5,1,22
A_remigis,8,5,1,22
A_remigis,8,5,1,22
A_remigis,8,5,1,23
A_remigis,8,5,1,23
A_remigis,8,5,2,19
A_remigis,8,5,2,19
A_remigis,8,5,2,19
A_remigis,8,5,2,20
A_remigis,8,5,2,20
A_remigis,8,5,2,20
A_remigis,8,5,2,20
A_remigis,8,5,2,20
A_remigis,8,5,2,20
A_remigis,8,5,2,21
A_remigis,8,5,2,21
A_remigis,8,5,2,21
A_remigis,8,5,2,22
A_remigis,8,5,2,22
A_remigis,8,5,2,22
A_remigis,8,5,2,23
A_remigis,8,5,2,25
A_remigis,8,5,3,18
A_remigis,8,5,3,18
A_remigis,8,5,3,19
A_remigis,8,5,3,19
A_remigis,8,5,3,19
A_remigis,8,5,3,19
A_remigis,8,5,3,20
A_remigis,8,5,3,20
A_remigis,8,5,3,21
A_remigis,8,5,3,21
A_remigis,8,5,3,21
A_remigis,8,5,3,21
A_remigis,8,5,3,22
A_remigis,8,5,3,22
A_remigis,8,5,3,22
A_remigis,8,5,3,22
A_remigis,8,5,3,23
A_remigis,8,5,3,23
A_remigis,8,5,4,20
A_remigis,8,5,4,20
A_remigis,8,5,4,20
A_remigis,8,5,4,20
A_remigis,8,5,4,20
A_remigis,8,5,4,20
A_remigis,8,5,4,20
A_remigis,8,5,4,21
A_remigis,8,5,4,21
A_remigis,8,5,4,21
A_remigis,8,5,4,21
A_remigis,8,5,4,22
A_remigis,8,5,4,23
A_remigis,8,5,4,24
A_remigis,8,5,4,26
A_remigis,8,5,5,18
A_remigis,8,5,5,18
A_remigis,8,5,5,18
A_remigis,8,5,5,18
A_remigis,8,5,5,19
A_remigis,8,5,5,19
A_remigis,8,5,5,20
A_remigis,8,5,5,20
A_remigis,8,5,5,20
A_remigis,8,5,5,20
A_remigis,8,5,5,21
A_remigis,8,5,5,21
A_remigis,8,5,5,21
A_remigis,8,5,5,22
A_remigis,8,5,5,23
A_remigis,8,5,5,24
A_remigis,8,5,6,18
A_remigis,8,5,6,19
A_remigis,8,5,6,19
A_remigis,8,5,6,19
A_remigis,8,5,6,20
A_remigis,8,5,6,20
A_remigis,8,5,6,20
A_remigis,8,5,6,20
A_remigis,8,5,6,20
A_remigis,8,5,6,20
A_remigis,8,5,6,20
A_remigis,8,5,6,21
A_remigis,8,5,6,21
A_remigis,8,5,6,21
A_remigis,8,5,7,18
A_remigis,8,5,7,19
A_remigis,8,5,7,19
A_remigis,8,5,7,19
A_remigis,8,5,7,20
A_remigis,8,5,7,20
A_remigis,8,5,7,20
A_remigis,8,5,7,20
A_remigis,8,5,7,21
A_remigis,8,5,7,21
A_remigis,8,5,7,21
A_remigis,8,5,7,21
A_remigis,8,5,7,21
A_remigis,8,5,7,22
A_remigis,8,5,7,22
A_remigis,8,5,7,22
A_remigis,8,5,8,19
A_remigis,8,5,8,19
A_remigis,8,5,8,19
A_remigis,8,5,8,20
A_remigis,8,5,8,20
A_remigis,8,5,8,21
A_remigis,8,5,8,21
A_remigis,8,5,8,22
A_remigis,8,5,8,22
A_remigis,8,5,8,22
A_remigis,8,5,8,22
A_remigis,8,5,8,23
A_remigis,8,5,8,24
A_remigis,8,5,8,25
A_remigis,8,Adult,1,29
A_remigis,8,Adult,1,29
A_remigis,8,Adult,1,30
A_remigis,8,Adult,1,30
A_remigis,8,Adult,1,30
A_remigis,8,Adult,1,30
A_remigis,8,Adult,1,31
A_remigis,8,Adult,1,31
A_remigis,8,Adult,1,31
A_remigis,8,Adult,1,31
A_remigis,8,Adult,1,32
A_remigis,8,Adult,1,33
A_remigis,8,Adult,1,33
A_remigis,8,Adult,1,33
A_remigis,8,Adult,1,33
A_remigis,8,Adult,1,33
A_remigis,8,Adult,1,34
A_remigis,8,Adult,2,28
A_remigis,8,Adult,2,29
A_remigis,8,Adult,2,30
A_remigis,8,Adult,2,30
A_remigis,8,Adult,2,30
A_remigis,8,Adult,2,31
A_remigis,8,Adult,2,31
A_remigis,8,Adult,2,31
A_remigis,8,Adult,2,31
A_remigis,8,Adult,2,31
A_remigis,8,Adult,2,32
A_remigis,8,Adult,2,32
A_remigis,8,Adult,2,32
A_remigis,8,Adult,2,32
A_remigis,8,Adult,2,32
A_remigis,8,Adult,2,33
A_remigis,8,Adult,2,33
A_remigis,8,Adult,3,28
A_remigis,8,Adult,3,28
A_remigis,8,Adult,3,29
A_remigis,8,Adult,3,29
A_remigis,8,Adult,3,29
A_remigis,8,Adult,3,30
A_remigis,8,Adult,3,30
A_remigis,8,Adult,3,31
A_remigis,8,Adult,3,31
A_remigis,8,Adult,3,31
A_remigis,8,Adult,3,32
A_remigis,8,Adult,3,32
A_remigis,8,Adult,3,32
A_remigis,8,Adult,3,33
A_remigis,8,Adult,3,34
A_remigis,8,Adult,3,34
A_remigis,8,Adult,3,34
A_remigis,8,Adult,4,29
A_remigis,8,Adult,4,30
A_remigis,8,Adult,4,30
A_remigis,8,Adult,4,30
A_remigis,8,Adult,4,31
A_remigis,8,Adult,4,31
A_remigis,8,Adult,4,31
A_remigis,8,Adult,4,31
A_remigis,8,Adult,4,31
A_remigis,8,Adult,4,32
A_remigis,8,Adult,4,32
A_remigis,8,Adult,4,32
A_remigis,8,Adult,4,32
A_remigis,8,Adult,4,34
A_remigis,8,Adult,4,38
A_remigis,8,Adult,5,28
A_remigis,8,Adult,5,29
A_remigis,8,Adult,5,29
A_remigis,8,Adult,5,29
A_remigis,8,Adult,5,30
A_remigis,8,Adult,5,30
A_remigis,8,Adult,5,30
A_remigis,8,Adult,5,30
A_remigis,8,Adult,5,31
A_remigis,8,Adult,5,31
A_remigis,8,Adult,5,32
A_remigis,8,Adult,5,33
A_remigis,8,Adult,5,33
A_remigis,8,Adult,5,33
A_remigis,8,Adult,5,37
A_remigis,8,Adult,5,37
A_remigis,8,Adult,6,30
A_remigis,8,Adult,6,30
A_remigis,8,Adult,6,30
A_remigis,8,Adult,6,30
A_remigis,8,Adult,6,30
A_remigis,8,Adult,6,31
A_remigis,8,Adult,6,31
A_remigis,8,Adult,6,31
A_remigis,8,Adult,6,31
A_remigis,8,Adult,6,32
A_remigis,8,Adult,6,33
A_remigis,8,Adult,6,33
A_remigis,8,Adult,6,35
A_remigis,8,Adult,7,29
A_remigis,8,Adult,7,29
A_remigis,8,Adult,7,30
A_remigis,8,Adult,7,30
A_remigis,8,Adult,7,30
A_remigis,8,Adult,7,30
A_remigis,8,Adult,7,31
A_remigis,8,Adult,7,31
A_remigis,8,Adult,7,31
A_remigis,8,Adult,7,31
A_remigis,8,Adult,7,31
A_remigis,8,Adult,7,32
A_remigis,8,Adult,7,32
A_remigis,8,Adult,7,33
A_remigis,8,Adult,7,34
A_remigis,8,Adult,8,30
A_remigis,8,Adult,8,30
A_remigis,8,Adult,8,30
A_remigis,8,Adult,8,30
A_remigis,8,Adult,8,31
A_remigis,8,Adult,8,32
A_remigis,8,Adult,8,33
A_remigis,8,Adult,8,33
A_remigis,8,Adult,8,33
A_remigis,8,Adult,8,35
A_remigis,8,Adult,8,36
A_remigis,8,Adult,8,36
A_remigis,9,2,1,4
A_remigis,9,2,1,4
A_remigis,9,2,1,4
A_remigis,9,2,1,5
A_remigis,9,2,1,5
A_remigis,9,2,1,5
A_remigis,9,2,1,5
A_remigis,9,2,1,5
A_remigis,9,2,1,5
A_remigis,9,2,1,5
A_remigis,9,2,1,6
A_remigis,9,2,1,6
A_remigis,9,2,1,6
A_remigis,9,2,1,6
A_remigis,9,2,1,6
A_remigis,9,2,1,6
A_remigis,9,2,1,6
A_remigis,9,2,1,6
A_remigis,9,2,1,6
A_remigis,9,2,1,6
A_remigis,9,2,1,6
A_remigis,9,2,1,7
A_remigis,9,2,2,4
A_remigis,9,2,2,4
A_remigis,9,2,2,4
A_remigis,9,2,2,5
A_remigis,9,2,2,5
A_remigis,9,2,2,5
A_remigis,9,2,2,5
A_remigis,9,2,2,5
A_remigis,9,2,2,6
A_remigis,9,2,2,6
A_remigis,9,2,2,6
A_remigis,9,2,2,6
A_remigis,9,2,2,6
A_remigis,9,2,2,7
A_remigis,9,2,2,7
A_remigis,9,2,2,7
A_remigis,9,2,2,7
A_remigis,9,2,2,7
A_remigis,9,2,2,7
A_remigis,9,2,2,8
A_remigis,9,2,2,8
A_remigis,9,2,3,4
A_remigis,9,2,3,4
A_remigis,9,2,3,5
A_remigis,9,2,3,5
A_remigis,9,2,3,5
A_remigis,9,2,3,6
A_remigis,9,2,3,6
A_remigis,9,2,3,6
A_remigis,9,2,3,6
A_remigis,9,2,3,6
A_remigis,9,2,3,6
A_remigis,9,2,3,6
A_remigis,9,2,3,6
A_remigis,9,2,3,6
A_remigis,9,2,3,6
A_remigis,9,2,3,6
A_remigis,9,2,3,6
A_remigis,9,2,3,6
A_remigis,9,2,3,7
A_remigis,9,2,3,7
A_remigis,9,2,3,7
A_remigis,9,2,3,7
A_remigis,9,2,4,4
A_remigis,9,2,4,4
A_remigis,9,2,4,5
A_remigis,9,2,4,5
A_remigis,9,2,4,5
A_remigis,9,2,4,5
A_remigis,9,2,4,5
A_remigis,9,2,4,6
A_remigis,9,2,4,6
A_remigis,9,2,4,6
A_remigis,9,2,4,6
A_remigis,9,2,4,6
A_remigis,9,2,4,6
A_remigis,9,2,4,7
A_remigis,9,2,4,7
A_remigis,9,2,4,7
A_remigis,9,2,4,7
A_remigis,9,2,5,5
A_remigis,9,2,5,5
A_remigis,9,2,5,5
A_remigis,9,2,5,6
A_remigis,9,2,5,6
A_remigis,9,2,5,6
A_remigis,9,2,5,6
A_remigis,9,2,5,6
A_remigis,9,2,5,6
A_remigis,9,2,5,6
A_remigis,9,2,5,6
A_remigis,9,2,5,6
A_remigis,9,2,5,7
A_remigis,9,2,5,7
A_remigis,9,2,5,7
A_remigis,9,2,5,7
A_remigis,9,2,5,8
A_remigis,9,2,5,8
A_remigis,9,2,5,8
A_remigis,9,2,5,8
A_remigis,9,2,6,4
A_remigis,9,2,6,4
A_remigis,9,2,6,4
A_remigis,9,2,6,5
A_remigis,9,2,6,5
A_remigis,9,2,6,5
A_remigis,9,2,6,5
A_remigis,9,2,6,5
A_remigis,9,2,6,6
A_remigis,9,2,6,6
A_remigis,9,2,6,6
A_remigis,9,2,6,6
A_remigis,9,2,6,6
A_remigis,9,2,6,6
A_remigis,9,2,6,6
A_remigis,9,2,6,6
A_remigis,9,2,6,7
A_remigis,9,2,6,7
A_remigis,9,2,6,7
A_remigis,9,2,6,7
A_remigis,9,2,7,4
A_remigis,9,2,7,4
A_remigis,9,2,7,5
A_remigis,9,2,7,5
A_remigis,9,2,7,5
A_remigis,9,2,7,5
A_remigis,9,2,7,5
A_remigis,9,2,7,6
A_remigis,9,2,7,6
A_remigis,9,2,7,6
A_remigis,9,2,7,6
A_remigis,9,2,7,6
A_remigis,9,2,7,6
A_remigis,9,2,7,6
A_remigis,9,2,7,6
A_remigis,9,2,7,6
A_remigis,9,2,7,6
A_remigis,9,2,7,6
A_remigis,9,2,7,6
A_remigis,9,2,7,7
A_remigis,9,2,8,5
A_remigis,9,2,8,5
A_remigis,9,2,8,5
A_remigis,9,2,8,5
A_remigis,9,2,8,5
A_remigis,9,2,8,5
A_remigis,9,2,8,6
A_remigis,9,2,8,6
A_remigis,9,2,8,6
A_remigis,9,2,8,7
A_remigis,9,2,8,7
A_remigis,9,2,8,7
A_remigis,9,2,8,7
A_remigis,9,2,8,7
A_remigis,9,2,8,7
A_remigis,9,2,8,8
A_remigis,9,2,8,8
A_remigis,9,2,8,8
A_remigis,9,2,8,8
A_remigis,9,3,1,8
A_remigis,9,3,1,9
A_remigis,9,3,1,9
A_remigis,9,3,1,9
A_remigis,9,3,1,9
A_remigis,9,3,1,10
A_remigis,9,3,1,10
A_remigis,9,3,1,10
A_remigis,9,3,1,10
A_remigis,9,3,1,11
A_remigis,9,3,1,11
A_remigis,9,3,1,11
A_remigis,9,3,1,11
A_remigis,9,3,1,11
A_remigis,9,3,1,11
A_remigis,9,3,1,11
A_remigis,9,3,1,12
A_remigis,9,3,1,12
A_remigis,9,3,1,12
A_remigis,9,3,2,9
A_remigis,9,3,2,10
A_remigis,9,3,2,10
A_remigis,9,3,2,10
A_remigis,9,3,2,10
A_remigis,9,3,2,10
A_remigis,9,3,2,11
A_remigis,9,3,2,11
A_remigis,9,3,2,11
A_remigis,9,3,2,11
A_remigis,9,3,2,12
A_remigis,9,3,2,12
A_remigis,9,3,2,12
A_remigis,9,3,2,12
A_remigis,9,3,2,12
A_remigis,9,3,2,12
A_remigis,9,3,2,13
A_remigis,9,3,2,13
A_remigis,9,3,2,14
A_remigis,9,3,2,14
A_remigis,9,3,2,15
A_remigis,9,3,3,9
A_remigis,9,3,3,9
A_remigis,9,3,3,9
A_remigis,9,3,3,10
A_remigis,9,3,3,10
A_remigis,9,3,3,10
A_remigis,9,3,3,11
A_remigis,9,3,3,11
A_remigis,9,3,3,11
A_remigis,9,3,3,11
A_remigis,9,3,3,11
A_remigis,9,3,3,12
A_remigis,9,3,3,12
A_remigis,9,3,3,12
A_remigis,9,3,3,12
A_remigis,9,3,3,12
A_remigis,9,3,3,12
A_remigis,9,3,3,13
A_remigis,9,3,3,14
A_remigis,9,3,3,14
A_remigis,9,3,3,14
A_remigis,9,3,3,15
A_remigis,9,3,4,9
A_remigis,9,3,4,9
A_remigis,9,3,4,9
A_remigis,9,3,4,10
A_remigis,9,3,4,10
A_remigis,9,3,4,10
A_remigis,9,3,4,10
A_remigis,9,3,4,10
A_remigis,9,3,4,10
A_remigis,9,3,4,11
A_remigis,9,3,4,11
A_remigis,9,3,4,11
A_remigis,9,3,4,11
A_remigis,9,3,4,11
A_remigis,9,3,4,11
A_remigis,9,3,4,11
A_remigis,9,3,4,13
A_remigis,9,3,5,9
A_remigis,9,3,5,10
A_remigis,9,3,5,11
A_remigis,9,3,5,11
A_remigis,9,3,5,11
A_remigis,9,3,5,11
A_remigis,9,3,5,11
A_remigis,9,3,5,11
A_remigis,9,3,5,11
A_remigis,9,3,5,11
A_remigis,9,3,5,11
A_remigis,9,3,5,11
A_remigis,9,3,5,11
A_remigis,9,3,5,12
A_remigis,9,3,5,12
A_remigis,9,3,5,12
A_remigis,9,3,5,12
A_remigis,9,3,5,13
A_remigis,9,3,5,13
A_remigis,9,3,5,13
A_remigis,9,3,6,9
A_remigis,9,3,6,9
A_remigis,9,3,6,9
A_remigis,9,3,6,10
A_remigis,9,3,6,10
A_remigis,9,3,6,10
A_remigis,9,3,6,10
A_remigis,9,3,6,10
A_remigis,9,3,6,11
A_remigis,9,3,6,11
A_remigis,9,3,6,11
A_remigis,9,3,6,11
A_remigis,9,3,6,11
A_remigis,9,3,6,12
A_remigis,9,3,6,12
A_remigis,9,3,6,12
A_remigis,9,3,6,12
A_remigis,9,3,6,13
A_remigis,9,3,6,13
A_remigis,9,3,6,13
A_remigis,9,3,7,8
A_remigis,9,3,7,9
A_remigis,9,3,7,9
A_remigis,9,3,7,10
A_remigis,9,3,7,10
A_remigis,9,3,7,10
A_remigis,9,3,7,10
A_remigis,9,3,7,10
A_remigis,9,3,7,10
A_remigis,9,3,7,11
A_remigis,9,3,7,11
A_remigis,9,3,7,11
A_remigis,9,3,7,11
A_remigis,9,3,7,11
A_remigis,9,3,7,11
A_remigis,9,3,7,11
A_remigis,9,3,7,12
A_remigis,9,3,8,9
A_remigis,9,3,8,9
A_remigis,9,3,8,9
A_remigis,9,3,8,10
A_remigis,9,3,8,10
A_remigis,9,3,8,10
A_remigis,9,3,8,11
A_remigis,9,3,8,11
A_remigis,9,3,8,12
A_remigis,9,3,8,12
A_remigis,9,3,8,12
A_remigis,9,3,8,12
A_remigis,9,3,8,12
A_remigis,9,3,8,13
A_remigis,9,3,8,13
A_remigis,9,3,8,13
A_remigis,9,3,8,13
A_remigis,9,4,1,13
A_remigis,9,4,1,13
A_remigis,9,4,1,14
A_remigis,9,4,1,14
A_remigis,9,4,1,14
A_remigis,9,4,1,14
A_remigis,9,4,1,15
A_remigis,9,4,1,15
A_remigis,9,4,1,15
A_remigis,9,4,1,16
A_remigis,9,4,1,16
A_remigis,9,4,1,16
A_remigis,9,4,1,16
A_remigis,9,4,1,16
A_remigis,9,4,1,16
A_remigis,9,4,1,16
A_remigis,9,4,1,17
A_remigis,9,4,1,17
A_remigis,9,4,2,14
A_remigis,9,4,2,14
A_remigis,9,4,2,15
A_remigis,9,4,2,15
A_remigis,9,4,2,15
A_remigis,9,4,2,15
A_remigis,9,4,2,16
A_remigis,9,4,2,16
A_remigis,9,4,2,16
A_remigis,9,4,2,17
A_remigis,9,4,2,17
A_remigis,9,4,2,17
A_remigis,9,4,2,17
A_remigis,9,4,2,17
A_remigis,9,4,2,17
A_remigis,9,4,2,18
A_remigis,9,4,2,19
A_remigis,9,4,2,19
A_remigis,9,4,2,19
A_remigis,9,4,3,14
A_remigis,9,4,3,14
A_remigis,9,4,3,14
A_remigis,9,4,3,15
A_remigis,9,4,3,16
A_remigis,9,4,3,16
A_remigis,9,4,3,16
A_remigis,9,4,3,16
A_remigis,9,4,3,16
A_remigis,9,4,3,16
A_remigis,9,4,3,17
A_remigis,9,4,3,17
A_remigis,9,4,3,17
A_remigis,9,4,3,17
A_remigis,9,4,3,17
A_remigis,9,4,3,17
A_remigis,9,4,3,17
A_remigis,9,4,3,18
A_remigis,9,4,3,19
A_remigis,9,4,3,20
A_remigis,9,4,3,20
A_remigis,9,4,3,23
A_remigis,9,4,4,13
A_remigis,9,4,4,13
A_remigis,9,4,4,14
A_remigis,9,4,4,15
A_remigis,9,4,4,15
A_remigis,9,4,4,15
A_remigis,9,4,4,15
A_remigis,9,4,4,15
A_remigis,9,4,4,15
A_remigis,9,4,4,16
A_remigis,9,4,4,16
A_remigis,9,4,4,16
A_remigis,9,4,4,16
A_remigis,9,4,4,16
A_remigis,9,4,4,17
A_remigis,9,4,4,17
A_remigis,9,4,4,18
A_remigis,9,4,5,14
A_remigis,9,4,5,15
A_remigis,9,4,5,15
A_remigis,9,4,5,15
A_remigis,9,4,5,16
A_remigis,9,4,5,16
A_remigis,9,4,5,16
A_remigis,9,4,5,16
A_remigis,9,4,5,16
A_remigis,9,4,5,16
A_remigis,9,4,5,16
A_remigis,9,4,5,16
A_remigis,9,4,5,17
A_remigis,9,4,5,17
A_remigis,9,4,5,17
A_remigis,9,4,5,17
A_remigis,9,4,5,18
A_remigis,9,4,5,18
A_remigis,9,4,5,18
A_remigis,9,4,5,19
A_remigis,9,4,6,13
A_remigis,9,4,6,13
A_remigis,9,4,6,14
A_remigis,9,4,6,15
A_remigis,9,4,6,15
A_remigis,9,4,6,15
A_remigis,9,4,6,15
A_remigis,9,4,6,15
A_remigis,9,4,6,16
A_remigis,9,4,6,16
A_remigis,9,4,6,16
A_remigis,9,4,6,16
A_remigis,9,4,6,16
A_remigis,9,4,6,17
A_remigis,9,4,6,17
A_remigis,9,4,6,17
A_remigis,9,4,6,18
A_remigis,9,4,6,18
A_remigis,9,4,6,19
A_remigis,9,4,6,19
A_remigis,9,4,7,13
A_remigis,9,4,7,13
A_remigis,9,4,7,14
A_remigis,9,4,7,15
A_remigis,9,4,7,15
A_remigis,9,4,7,15
A_remigis,9,4,7,15
A_remigis,9,4,7,15
A_remigis,9,4,7,15
A_remigis,9,4,7,15
A_remigis,9,4,7,15
A_remigis,9,4,7,15
A_remigis,9,4,7,16
A_remigis,9,4,7,16
A_remigis,9,4,7,16
A_remigis,9,4,7,16
A_remigis,9,4,8,14
A_remigis,9,4,8,14
A_remigis,9,4,8,14
A_remigis,9,4,8,15
A_remigis,9,4,8,15
A_remigis,9,4,8,16
A_remigis,9,4,8,16
A_remigis,9,4,8,16
A_remigis,9,4,8,17
A_remigis,9,4,8,17
A_remigis,9,4,8,17
A_remigis,9,4,8,17
A_remigis,9,4,8,18
A_remigis,9,4,8,18
A_remigis,9,4,8,18
A_remigis,9,4,8,18
A_remigis,9,5,1,19
A_remigis,9,5,1,19
A_remigis,9,5,1,19
A_remigis,9,5,1,20
A_remigis,9,5,1,21
A_remigis,9,5,1,21
A_remigis,9,5,1,21
A_remigis,9,5,1,21
A_remigis,9,5,1,21
A_remigis,9,5,1,21
A_remigis,9,5,1,21
A_remigis,9,5,1,22
A_remigis,9,5,1,22
A_remigis,9,5,1,22
A_remigis,9,5,1,22
A_remigis,9,5,1,22
A_remigis,9,5,2,20
A_remigis,9,5,2,21
A_remigis,9,5,2,21
A_remigis,9,5,2,21
A_remigis,9,5,2,22
A_remigis,9,5,2,22
A_remigis,9,5,2,22
A_remigis,9,5,2,22
A_remigis,9,5,2,23
A_remigis,9,5,2,23
A_remigis,9,5,2,23
A_remigis,9,5,2,23
A_remigis,9,5,2,24
A_remigis,9,5,2,24
A_remigis,9,5,2,24
A_remigis,9,5,2,25
A_remigis,9,5,2,25
A_remigis,9,5,2,25
A_remigis,9,5,2,27
A_remigis,9,5,3,21
A_remigis,9,5,3,21
A_remigis,9,5,3,22
A_remigis,9,5,3,22
A_remigis,9,5,3,22
A_remigis,9,5,3,22
A_remigis,9,5,3,22
A_remigis,9,5,3,22
A_remigis,9,5,3,22
A_remigis,9,5,3,23
A_remigis,9,5,3,23
A_remigis,9,5,3,23
A_remigis,9,5,3,23
A_remigis,9,5,3,23
A_remigis,9,5,3,23
A_remigis,9,5,3,23
A_remigis,9,5,3,24
A_remigis,9,5,3,25
A_remigis,9,5,3,25
A_remigis,9,5,3,26
A_remigis,9,5,3,27
A_remigis,9,5,3,27
A_remigis,9,5,4,20
A_remigis,9,5,4,20
A_remigis,9,5,4,20
A_remigis,9,5,4,20
A_remigis,9,5,4,21
A_remigis,9,5,4,21
A_remigis,9,5,4,21
A_remigis,9,5,4,21
A_remigis,9,5,4,21
A_remigis,9,5,4,22
A_remigis,9,5,4,22
A_remigis,9,5,4,22
A_remigis,9,5,4,22
A_remigis,9,5,4,22
A_remigis,9,5,4,23
A_remigis,9,5,4,23
A_remigis,9,5,4,25
A_remigis,9,5,5,21
A_remigis,9,5,5,21
A_remigis,9,5,5,22
A_remigis,9,5,5,22
A_remigis,9,5,5,22
A_remigis,9,5,5,22
A_remigis,9,5,5,23
A_remigis,9,5,5,23
A_remigis,9,5,5,23
A_remigis,9,5,5,23
A_remigis,9,5,5,23
A_remigis,9,5,5,23
A_remigis,9,5,5,24
A_remigis,9,5,5,25
A_remigis,9,5,5,25
A_remigis,9,5,5,26
A_remigis,9,5,5,26
A_remigis,9,5,5,26
A_remigis,9,5,5,26
A_remigis,9,5,6,19
A_remigis,9,5,6,19
A_remigis,9,5,6,20
A_remigis,9,5,6,21
A_remigis,9,5,6,21
A_remigis,9,5,6,21
A_remigis,9,5,6,21
A_remigis,9,5,6,22
A_remigis,9,5,6,22
A_remigis,9,5,6,22
A_remigis,9,5,6,22
A_remigis,9,5,6,22
A_remigis,9,5,6,23
A_remigis,9,5,6,23
A_remigis,9,5,6,23
A_remigis,9,5,6,23
A_remigis,9,5,6,25
A_remigis,9,5,6,25
A_remigis,9,5,6,25
A_remigis,9,5,6,26
A_remigis,9,5,7,20
A_remigis,9,5,7,20
A_remigis,9,5,7,20
A_remigis,9,5,7,21
A_remigis,9,5,7,21
A_remigis,9,5,7,21
A_remigis,9,5,7,22
A_remigis,9,5,7,22
A_remigis,9,5,7,22
A_remigis,9,5,7,22
A_remigis,9,5,7,22
A_remigis,9,5,7,22
A_remigis,9,5,7,22
A_remigis,9,5,7,22
A_remigis,9,5,7,22
A_remigis,9,5,7,23
A_remigis,9,5,8,21
A_remigis,9,5,8,21
A_remigis,9,5,8,21
A_remigis,9,5,8,21
A_remigis,9,5,8,21
A_remigis,9,5,8,23
A_remigis,9,5,8,23
A_remigis,9,5,8,23
A_remigis,9,5,8,23
A_remigis,9,5,8,23
A_remigis,9,5,8,23
A_remigis,9,5,8,24
A_remigis,9,5,8,24
A_remigis,9,5,8,25
A_remigis,9,5,8,25
A_remigis,9,Adult,1,29
A_remigis,9,Adult,1,30
A_remigis,9,Adult,1,30
A_remigis,9,Adult,1,30
A_remigis,9,Adult,1,31
A_remigis,9,Adult,1,31
A_remigis,9,Adult,1,31
A_remigis,9,Adult,1,32
A_remigis,9,Adult,1,32
A_remigis,9,Adult,1,32
A_remigis,9,Adult,1,32
A_remigis,9,Adult,1,32
A_remigis,9,Adult,1,33
A_remigis,9,Adult,1,34
A_remigis,9,Adult,1,34
A_remigis,9,Adult,2,30
A_remigis,9,Adult,2,31
A_remigis,9,Adult,2,32
A_remigis,9,Adult,2,32
A_remigis,9,Adult,2,32
A_remigis,9,Adult,2,33
A_remigis,9,Adult,2,33
A_remigis,9,Adult,2,33
A_remigis,9,Adult,2,33
A_remigis,9,Adult,2,33
A_remigis,9,Adult,2,34
A_remigis,9,Adult,2,34
A_remigis,9,Adult,2,34
A_remigis,9,Adult,2,35
A_remigis,9,Adult,2,36
A_remigis,9,Adult,2,36
A_remigis,9,Adult,2,37
A_remigis,9,Adult,2,37
A_remigis,9,Adult,2,37
A_remigis,9,Adult,3,30
A_remigis,9,Adult,3,31
A_remigis,9,Adult,3,31
A_remigis,9,Adult,3,31
A_remigis,9,Adult,3,32
A_remigis,9,Adult,3,32
A_remigis,9,Adult,3,33
A_remigis,9,Adult,3,33
A_remigis,9,Adult,3,33
A_remigis,9,Adult,3,33
A_remigis,9,Adult,3,33
A_remigis,9,Adult,3,33
A_remigis,9,Adult,3,33
A_remigis,9,Adult,3,33
A_remigis,9,Adult,3,34
A_remigis,9,Adult,3,34
A_remigis,9,Adult,3,35
A_remigis,9,Adult,3,35
A_remigis,9,Adult,3,35
A_remigis,9,Adult,3,37
A_remigis,9,Adult,4,29
A_remigis,9,Adult,4,29
A_remigis,9,Adult,4,31
A_remigis,9,Adult,4,31
A_remigis,9,Adult,4,31
A_remigis,9,Adult,4,31
A_remigis,9,Adult,4,31
A_remigis,9,Adult,4,32
A_remigis,9,Adult,4,32
A_remigis,9,Adult,4,32
A_remigis,9,Adult,4,32
A_remigis,9,Adult,4,33
A_remigis,9,Adult,4,33
A_remigis,9,Adult,4,33
A_remigis,9,Adult,4,33
A_remigis,9,Adult,4,34
A_remigis,9,Adult,4,36
A_remigis,9,Adult,5,33
A_remigis,9,Adult,5,33
A_remigis,9,Adult,5,33
A_remigis,9,Adult,5,33
A_remigis,9,Adult,5,33
A_remigis,9,Adult,5,34
A_remigis,9,Adult,5,34
A_remigis,9,Adult,5,35
A_remigis,9,Adult,5,35
A_remigis,9,Adult,5,36
A_remigis,9,Adult,5,36
A_remigis,9,Adult,5,36
A_remigis,9,Adult,5,36
A_remigis,9,Adult,5,37
A_remigis,9,Adult,5,38
A_remigis,9,Adult,5,38
A_remigis,9,Adult,5,38
A_remigis,9,Adult,6,29
A_remigis,9,Adult,6,30
A_remigis,9,Adult,6,31
A_remigis,9,Adult,6,32
A_remigis,9,Adult,6,32
A_remigis,9,Adult,6,33
A_remigis,9,Adult,6,33
A_remigis,9,Adult,6,33
A_remigis,9,Adult,6,33
A_remigis,9,Adult,6,33
A_remigis,9,Adult,6,33
A_remigis,9,Adult,6,33
A_remigis,9,Adult,6,34
A_remigis,9,Adult,6,34
A_remigis,9,Adult,6,35
A_remigis,9,Adult,6,36
A_remigis,9,Adult,6,36
A_remigis,9,Adult,6,36
A_remigis,9,Adult,6,37
A_remigis,9,Adult,6,40
A_remigis,9,Adult,7,30
A_remigis,9,Adult,7,30
A_remigis,9,Adult,7,31
A_remigis,9,Adult,7,32
A_remigis,9,Adult,7,32
A_remigis,9,Adult,7,32
A_remigis,9,Adult,7,32
A_remigis,9,Adult,7,32
A_remigis,9,Adult,7,33
A_remigis,9,Adult,7,33
A_remigis,9,Adult,7,33
A_remigis,9,Adult,7,34
A_remigis,9,Adult,7,34
A_remigis,9,Adult,7,34
A_remigis,9,Adult,8,31
A_remigis,9,Adult,8,32
A_remigis,9,Adult,8,33
A_remigis,9,Adult,8,33
A_remigis,9,Adult,8,33
A_remigis,9,Adult,8,33
A_remigis,9,Adult,8,33
A_remigis,9,Adult,8,34
A_remigis,9,Adult,8,35
A_remigis,9,Adult,8,36
A_remigis,9,Adult,8,36
A_remigis,9,Adult,8,36
A_remigis,9,Adult,8,36
A_remigis,9,Adult,8,37
